SKLYPO_ID,UNIKAL_ID,PLOTAS_REG,ADRESAS,PASK_TIP,BP_ZONA_PAV,BP_ZONOS_KODAS,U_INTENS,MAX_AUK_SK,PAGR_PASK,BP_OBJ_NR,SKLYPO_PLOTAS_M2,SUSIKIRTIMO_PLOTAS_M2,SUSIKIRTIMO_PROC
550100010113,440027447950,0.463,KlaipÓdos r. sav. LadeikiÖ k. Liepos g. 8,995,Mažo užstatymo intensyvumo gyvenamoji zona,U_GG_M_F,"0,4*",0,KT,494,4630.49,4630.49,100.0
550100010202,440031114233,0.3055,KlaipÓdos r. sav. LadeikiÖ k.,610,Mažo užstatymo intensyvumo gyvenamoji zona,U_GG_M_F,"0,4*",0,KT,494,3055.0,3055.0,100.0
550100010429,550100010429,3.6372,KlaipÓdos r. sav. LadeikiÖ k.,610,Žemės ūkio teritorijų zona,ZU_F,"0,05;0,8***",0,Z;KT,496,36371.88,35870.45,98.62
550100010429,550100010429,3.6372,KlaipÓdos r. sav. LadeikiÖ k.,610,Miškų ir miškingų teritorijų zona,MI_F,0,0,M;KT,495,36371.88,501.43,1.38
550100010648,440018127418,1.1,KlaipÓdos r. sav. LadeikiÖ k.,610,Mažo užstatymo intensyvumo gyvenamoji zona,U_GG_M_F,"0,4*",0,KT,494,12931.51,12931.51,100.0
550100010654,440019654763,0.42,KlaipÓdos r. sav. LadeikiÖ k.,610,Mažo užstatymo intensyvumo gyvenamoji zona,U_GG_M_F,"0,4*",0,KT,494,4563.7,4563.7,100.0
550100020006,550100020006,8.1921,KlaipÓdos r. sav. LvaginiÖ k.,610,Žemės ūkio teritorijų zona,ZU_F,"0,05;0,8***",0,Z;KT,496,81921.38,50843.28,62.06
550100020006,550100020006,8.1921,KlaipÓdos r. sav. LvaginiÖ k.,610,Miškų ir miškingų teritorijų zona,MI_F,0,0,M;KT,477,81921.38,27517.02,33.59
550100020006,550100020006,8.1921,KlaipÓdos r. sav. LvaginiÖ k.,610,Miškų ir miškingų teritorijų zona,MI_F,0,0,M;KT,495,81921.38,3561.07,4.35
550100020030,550100020030,13.3634,KlaipÓdos r. sav. LaigiÖ k.,610,Žemės ūkio teritorijų zona,ZU_F,"0,05;0,8***",0,Z;KT,496,133633.97,80830.69,60.49
550100020030,550100020030,13.3634,KlaipÓdos r. sav. LaigiÖ k.,610,Miškų ir miškingų teritorijų zona,MI_F,0,0,M;KT,477,133633.97,40657.56,30.42
550100020030,550100020030,13.3634,KlaipÓdos r. sav. LaigiÖ k.,610,Žemės ūkio teritorijų zona,ZU_F,"0,05;0,8***",0,Z;KT,478,133633.97,12145.72,9.09
550100020044,550100020044,2.68,KlaipÓdos r. sav. TickinÖ k.,710,Miškų ir miškingų teritorijų zona,MI_F,0,0,M;KT,495,26800.25,26800.25,100.0
550100030049,550100030049,1.81,KlaipÓdos r. sav. DausynÖ k.,710,Miškų ir miškingų teritorijų zona,MI_F,0,0,M;KT,477,20316.73,19373.97,95.36
550100030049,550100030049,1.81,KlaipÓdos r. sav. DausynÖ k.,710,Žemės ūkio teritorijų zona,ZU_F,"0,05;0,8***",0,Z;KT,478,20316.73,942.76,4.64
550100030222,440005895110,1.15,KlaipÓdos r. sav. LiUiÖ k.,610,Žemės ūkio teritorijų zona,ZU_F,"0,05;0,8***",0,Z;KT,496,12446.88,12446.88,100.0
550100040054,550100040054,1.2627,KlaipÓdos r. sav. LadeikiÖ k.,610,Žemės ūkio teritorijų zona,ZU_F,"0,05;0,8***",0,Z;KT,496,12627.23,12627.23,100.0
550300010031,550300010031,6.53,KlaipÓdos r. sav. GrobÕtÖ k.,610,Žemės ūkio teritorijų zona,ZU_F,"0,05;0,8***",0,Z;KT,134,67697.98,67697.98,100.0
550300010103,440045092251,0.4821,KlaipÓdos r. sav. PoÕkÖ k.,610,Žemės ūkio teritorijų zona,ZU_F,"0,05;0,8***",0,Z;KT,134,4820.85,4820.85,100.0
550300010512,440008052342,0.36,KlaipÓdos r. sav. KisiniÖ k.,610,Žemės ūkio teritorijų zona,ZU_F,"0,1;0,8***",0,Z;KT,570,3599.91,3599.91,100.0
550300020045,550300020045,1.03,KlaipÓdos r. sav. PoÕkÖ k.,610,Žemės ūkio teritorijų zona,ZU_F,"0,05;0,8***",0,Z;KT,134,10299.85,10299.85,100.0
550300020123,440005946110,1.29,KlaipÓdos r. sav. PoÕkÖ k.,610,Žemės ūkio teritorijų zona,ZU_F,"0,05;0,8***",0,Z;KT,134,13399.7,13399.7,100.0
550300020171,440009178624,0.3833,KlaipÓdos r. sav. PoÕkÖ k. GruodÓs g. 14,995,Žemės ūkio teritorijų zona,ZU_F,"0,05;0,8***",0,Z;KT,134,3833.52,3330.84,86.89
550300020171,440009178624,0.3833,KlaipÓdos r. sav. PoÕkÖ k. GruodÓs g. 14,995,Miškų ir miškingų teritorijų zona,MI_F,0,0,M;KT,133,3833.52,502.68,13.11
550300030065,550300030065,6.3,KlaipÓdos r. sav. VanagÖ k.,710,Miškų ir miškingų teritorijų zona,MI_F,0,0,M;KT,94,66021.56,60518.14,91.66
550300030065,550300030065,6.3,KlaipÓdos r. sav. VanagÖ k.,710,Žemės ūkio teritorijų zona,ZU_F,"0,05;0,8***",0,Z;KT,95,66021.56,5497.34,8.33
550300030065,550300030065,6.3,KlaipÓdos r. sav. VanagÖ k.,710,Žemės ūkio teritorijų zona,ZU_F,"0,1;0,8***",0,Z;KT,140,66021.56,6.09,0.01
550300030106,550300030106,0.8217,KlaipÓdos r. sav. AUpurviÖ k.,610,Žemės ūkio teritorijų zona,ZU_F,"0,05;0,8***",0,Z;KT,91,8217.45,6488.0,78.95
550300030106,550300030106,0.8217,KlaipÓdos r. sav. AUpurviÖ k.,610,Miškų ir miškingų teritorijų zona,MI_F,0,0,M;KT,90,8217.45,1729.45,21.05
550300030112,550300030112,0.2685,KlaipÓdos r. sav. VanagÖ k.,995,Žemės ūkio teritorijų zona,ZU_F,"0,05;0,8***",0,Z;KT,95,2685.86,2685.86,100.0
550300030133,550300030133,0.85,KlaipÓdos r. sav. AgluonÓnÖ k.,610,Mažo užstatymo intensyvumo gyvenamoji zona,U_GG_M_F,"0,4*",0,KT,136,8500.06,8500.06,100.0
550300030478,440004413725,7.15,KlaipÓdos r. sav. AUpurviÖ k.,610,Žemės ūkio teritorijų zona,ZU_F,"0,05;0,8***",0,Z;KT,95,72628.53,44646.26,61.47
550300030478,440004413725,7.15,KlaipÓdos r. sav. AUpurviÖ k.,610,Miškų ir miškingų teritorijų zona,MI_F,0,0,M;KT,90,72628.53,21328.96,29.37
550300030478,440004413725,7.15,KlaipÓdos r. sav. AUpurviÖ k.,610,Žemės ūkio teritorijų zona,ZU_F,"0,05;0,8***",0,Z;KT,91,72628.53,4082.21,5.62
550300030478,440004413725,7.15,KlaipÓdos r. sav. AUpurviÖ k.,610,Miškų ir miškingų teritorijų zona,MI_F,0,0,M;KT,94,72628.53,2571.1,3.54
550300030522,440006815301,17.04,KlaipÓdos r. sav. VanagÖ k.,610,Žemės ūkio teritorijų zona,ZU_F,"0,05;0,8***",0,Z;KT,95,173627.27,172991.6,99.63
550300030522,440006815301,17.04,KlaipÓdos r. sav. VanagÖ k.,610,Miškų ir miškingų teritorijų zona,MI_F,0,0,M;KT,94,173627.27,635.67,0.37
550300030673,440041453389,0.1133,KlaipÓdos r. sav. VanagÖ k. VirUiÖ g. 40,995,Mažo užstatymo intensyvumo gyvenamoji zona,U_GG_M_F,"0,4*",0,KT,136,1132.74,1132.74,100.0
550300040032,550300040032,0.412,KlaipÓdos r. sav. DreiUiÖ k. Luko Priekulio g. 35,995,Pramonės ir sandėliavimo zona,U_PS_F,"2,5",0,KT,299,4120.06,4032.8,97.88
550300040032,550300040032,0.412,KlaipÓdos r. sav. DreiUiÖ k. Luko Priekulio g. 35,995,Miškų ir miškingų teritorijų zona,MI_F,0,0,M,298,4120.06,87.26,2.12
550300040167,440020119764,1.0955,KlaipÓdos r. sav. VanagÖ k.,610,Žemės ūkio teritorijų zona,ZU_F,"0,1;0,8***",0,Z;KT,140,10954.65,10954.65,100.0
550300060117,440043601970,0.8562,KlaipÓdos r. sav. VanagÖ k.,610,Žemės ūkio teritorijų zona,ZU_F,"0,1;0,8***",0,Z;KT,140,8568.82,8568.82,100.0
550300070191,440004089978,0.2564,KlaipÓdos r. sav. AgluonÓnÖ k. Mokyklos g. 10A,995,Vidutinio užstatymo intensyvumo gyvenamoji zona,U_GG_V_F,"0,8*",0,KT,137,2564.14,2564.14,100.0
550300070220,440005348443,0.97,KlaipÓdos r. sav. AgluonÓnÖ k.,610,Vidutinio užstatymo intensyvumo gyvenamoji zona,U_GG_V_F,"0,8*",0,KT,137,9700.38,9700.38,100.0
550300070300,440049653403,0.0267,KlaipÓdos r. sav. AgluonÓnÖ k.,995,Vidutinio užstatymo intensyvumo gyvenamoji zona,U_GG_V_F,"0,8*",0,KT,137,267.4,267.4,100.0
550300080019,550300080019,3.69,KlaipÓdos r. sav. KantvainÖ k.,610,Žemės ūkio teritorijų zona,ZU_F,"0,05;0,8***",0,Z;KT,144,36730.08,36730.08,100.0
550300080041,550300080041,0.83,KlaipÓdos r. sav. KantvainÖ k.,610,Mažo užstatymo intensyvumo gyvenamoji zona,U_GG_M_F,"0,4*",0,KT,136,144.47,144.47,100.0
550300080115,550300080115,0.53,KlaipÓdos r. sav. KantvainÖ k.,610,Žemės ūkio teritorijų zona,ZU_F,"0,05;0,8***",0,Z;KT,146,5349.31,5349.31,100.0
550300080124,550300080124,0.1053,KlaipÓdos r. sav. KantvainÖ k. VentainÓs g. 17,995,Vidutinio užstatymo intensyvumo gyvenamoji zona,U_GG_V_F,"0,8*",0,KT,137,1052.66,1052.66,100.0
550300080146,440002965588,0.46,KlaipÓdos r. sav. AgluonÓnÖ k.,610,Vidutinio užstatymo intensyvumo gyvenamoji zona,U_GG_V_F,"0,8*",0,KT,137,4600.46,4600.46,100.0
550300080227,440008369682,0.25,KlaipÓdos r. sav. KantvainÖ k.,610,Žemės ūkio teritorijų zona,ZU_F,"0,05;0,8***",0,Z;KT,146,2514.78,2514.78,100.0
550300080319,440019476366,1.23,KlaipÓdos r. sav. KantvainÖ k. LietuvininkÖ g. 15,610,Mažo užstatymo intensyvumo gyvenamoji zona,U_GG_M_F,"0,4*",0,KT,136,12300.47,12300.47,100.0
550300080323,440019493860,0.5374,KlaipÓdos r. sav. KantvainÖ k.,610,Mažo užstatymo intensyvumo gyvenamoji zona,U_GG_M_F,"0,4*",0,KT,136,5374.13,5374.13,100.0
550300080323,440019493860,0.5374,KlaipÓdos r. sav. KantvainÖ k.,610,Vidutinio užstatymo intensyvumo gyvenamoji zona,U_GG_V_F,"0,8*",0,KT,137,5374.13,0.0,0.0
550300080347,440023120469,0.0949,KlaipÓdos r. sav. KantvainÖ k.,610,Mažo užstatymo intensyvumo gyvenamoji zona,U_GG_M_F,"0,4*",0,KT,136,949.34,944.54,99.49
550300080347,440023120469,0.0949,KlaipÓdos r. sav. KantvainÖ k.,610,Vidutinio užstatymo intensyvumo gyvenamoji zona,U_GG_V_F,"0,8*",0,KT,137,949.34,4.8,0.51
550300080362,440039166004,0.5782,KlaipÓdos r. sav. KantvainÖ k. KantvainÖ g. 8,995,Žemės ūkio teritorijų zona,ZU_F,"0,05;0,8***",0,Z;KT,144,5782.4,5061.16,87.53
550300080362,440039166004,0.5782,KlaipÓdos r. sav. KantvainÖ k. KantvainÖ g. 8,995,Miškų ir miškingų teritorijų zona,MI_F,0,0,M,143,5782.4,721.24,12.47
550300090155,440006530587,15.0,KlaipÓdos r. sav. KantvainÖ k.,995,Žemės ūkio teritorijų zona,ZU_F,"0,05;0,8***",0,Z;KT,146,150000.63,150000.63,100.0
550300090166,440007642924,1.22,KlaipÓdos r. sav. JuodikiÖ k.,610,Miškų ir miškingų teritorijų zona,MI_F,0,0,M;KT,147,12863.26,8813.58,68.52
550300090166,440007642924,1.22,KlaipÓdos r. sav. JuodikiÖ k.,610,Žemės ūkio teritorijų zona,ZU_F,"0,05",0,Z;KT,148,12863.26,4049.68,31.48
550300090240,440019772013,2.4949,KlaipÓdos r. sav. JuodikiÖ k.,610,Žemės ūkio teritorijų zona,ZU_F,"0,05",0,Z;KT,148,24948.76,24948.76,100.0
550500010006,550500010006,7.9,KlaipÓdos r. sav. GedminÖ k.,610,Žemės ūkio teritorijų zona,ZU_F,"0,05;0,8***",0,Z;KT,173,81796.49,81795.85,100.0
550500010006,550500010006,7.9,KlaipÓdos r. sav. GedminÖ k.,610,Miškų ir miškingų teritorijų zona,MI_F,0,0,M;KT,170,81796.49,0.63,0.0
550500010021,550500010021,6.16,KlaipÓdos r. sav. GedminÖ k.,610,Miškų ir miškingų teritorijų zona,MI_F,0,0,M;KT,170,61282.66,35975.0,58.7
550500010021,550500010021,6.16,KlaipÓdos r. sav. GedminÖ k.,610,Žemės ūkio teritorijų zona,ZU_F,"0,05;0,8***",0,Z;KT,173,61282.66,24960.21,40.73
550500010021,550500010021,6.16,KlaipÓdos r. sav. GedminÖ k.,610,Žemės ūkio teritorijų zona,ZU_F,"0,1;0,8***",0,Z;KT,570,61282.66,347.42,0.57
550500010021,550500010021,6.16,KlaipÓdos r. sav. GedminÖ k.,610,Vandenų zona,H_F,0,0,H,169,61282.66,0.04,0.0
550500010068,550500010068,4.498700000000001,KlaipÓdos r. sav. StuNiÖ k. StuNiÖ g. 20,610,Žemės ūkio teritorijų zona,ZU_F,"0,05;0,8***",0,Z;KT,184,44742.17,44742.17,100.0
550500010090,550500010090,1.78,KlaipÓdos r. sav. KisiniÖ k.,610,Žemės ūkio teritorijų zona,ZU_F,"0,1;0,8***",0,Z;KT,570,19414.97,19414.97,100.0
550500010090,550500010090,1.78,KlaipÓdos r. sav. KisiniÖ k.,610,Žemės ūkio teritorijų zona,ZU_F,"0,05;0,8***",0,Z;KT,184,19414.97,0.01,0.0
550500010226,440009559182,2.74,KlaipÓdos r. sav. StuNiÖ k. StuNiÖ g. 28,610,Žemės ūkio teritorijų zona,ZU_F,"0,05;0,8***",0,Z;KT,184,27400.37,27400.37,100.0
550500010452,440023086424,2.0,KlaipÓdos r. sav. JurgiÖ k. Vytauto Majoro g. 24,610,Žemės ūkio teritorijų zona,ZU_F,"0,1;0,8***",0,Z;KT,570,19999.98,19999.98,100.0
550500010501,440025877708,0.176,KlaipÓdos r. sav. JurgiÖ k. ReisgiÖ g. 53,995,Žemės ūkio teritorijų zona,ZU_F,"0,1;0,8***",0,Z;KT,570,1759.59,1759.59,100.0
550500010516,440025881423,0.1552,KlaipÓdos r. sav. JurgiÖ k. ReisgiÖ g. 6,995,Žemės ūkio teritorijų zona,ZU_F,"0,1;0,8***",0,Z;KT,570,1551.84,1551.84,100.0
550500020202,440051427442,0.7178,KlaipÓdos r. sav. BaiNiÖ k.,610,Žemės ūkio teritorijų zona,ZU_F,"0,05;0,8***",0,Z;KT,184,7178.46,7101.89,98.93
550500020202,440051427442,0.7178,KlaipÓdos r. sav. BaiNiÖ k.,610,Miškų ir miškingų teritorijų zona,MI_F,0,0,M;KT,182,7178.46,76.57,1.07
550500030013,440024380532,0.0828,KlaipÓdos r. sav. LyveriÖ k. Ryto 1-oji g. 7,610,Mažo užstatymo intensyvumo gyvenamoji zona,U_GG_M_F,"0,4*",0,KT,172,828.03,817.08,98.68
550500030013,440024380532,0.0828,KlaipÓdos r. sav. LyveriÖ k. Ryto 1-oji g. 7,610,Miškų ir miškingų teritorijų zona,MI_F,0,0,M;KT,170,828.03,10.96,1.32
550500030079,440003851584,0.059,KlaipÓdos r. sav. LyveriÖ k. Ryto g. 27,610,Mažo užstatymo intensyvumo gyvenamoji zona,U_GG_M_F,"0,4*",0,KT,172,589.97,512.21,86.82
550500030079,440003851584,0.059,KlaipÓdos r. sav. LyveriÖ k. Ryto g. 27,610,Miškų ir miškingų teritorijų zona,MI_F,0,0,M;KT,170,589.97,77.76,13.18
550500030196,550500030196,0.06,KlaipÓdos r. sav. LyveriÖ k. BaiNiÖ 1-oji g. 3,610,Mažo užstatymo intensyvumo gyvenamoji zona,U_GG_M_F,"0,4*",0,KT,172,617.16,617.16,100.0
550500030281,550500030281,0.0628,KlaipÓdos r. sav. LyveriÖ k. UpÓs 1-oji g. 7,610,Mažo užstatymo intensyvumo gyvenamoji zona,U_GG_M_F,"0,4*",0,KT,172,628.05,628.05,100.0
550500040052,550500040052,0.0601,KlaipÓdos r. sav. ¾naukÕtÖ k. Agluonos 2-oji g. 14,610,Mažo užstatymo intensyvumo gyvenamoji zona,U_GG_M_F,"0,4*",0,KT,123,654.0,654.0,100.0
550500040342,550500040342,0.06,KlaipÓdos r. sav. ¾naukÕtÖ k. Agluonos 10-oji g. 31,610,Mažo užstatymo intensyvumo gyvenamoji zona,U_GG_M_F,"0,4*",0,KT,123,620.66,620.66,100.0
550500040355,550500040355,0.06,KlaipÓdos r. sav. ¾naukÕtÖ k. Agluonos 10-oji g. 5,610,Mažo užstatymo intensyvumo gyvenamoji zona,U_GG_M_F,"0,4*",0,KT,123,616.38,616.38,100.0
550500040538,550500040538,0.0649,KlaipÓdos r. sav. ¾naukÕtÖ k. BalandUiÖ g. 1,610,Mažo užstatymo intensyvumo gyvenamoji zona,U_GG_M_F,"0,4*",0,KT,123,649.35,649.35,100.0
550500050244,440014818096,2.6119,KlaipÓdos r. sav. ¾naukÕtÖ k.,995,Žemės ūkio teritorijų zona,ZU_F,"0,05;0,8***",0,Z;KT,131,26119.22,26119.22,100.0
550500050267,440020391576,1.8,KlaipÓdos r. sav. ¾naukÕtÖ k.,610,Žemės ūkio teritorijų zona,ZU_F,"0,05;0,8***",0,Z;KT,126,17829.33,17829.33,100.0
550500050285,440048869912,1.8445,KlaipÓdos r. sav. ¾naukÕtÖ k.,610,Žemės ūkio teritorijų zona,ZU_F,"0,05;0,8***",0,Z;KT,184,18444.5,18444.5,100.0
550500060114,550500060114,0.0745,KlaipÓdos r. sav. KisiniÖ k. PuÕÖ g. 29,610,Mažo užstatymo intensyvumo gyvenamoji zona,U_GG_M_F,"0,4*",0,KT,179,767.72,767.72,100.0
550800010042,550800010042,14.0,KlaipÓdos r. sav. JucaiNiÖ k.,610,Žemės ūkio teritorijų zona,ZU_F,"0,05;0,8***",0,Z;KT,30,137605.31,100958.04,73.37
550800010042,550800010042,14.0,KlaipÓdos r. sav. JucaiNiÖ k.,610,Miškų ir miškingų teritorijų zona,MI_F,0,0,M;KT,50,137605.31,27287.25,19.83
550800010042,550800010042,14.0,KlaipÓdos r. sav. JucaiNiÖ k.,610,Ekstensyvaus užstatymo gyvenamoji zona,U_GG_E_F,"0,2*",0,KT,31,137605.31,7165.88,5.21
550800010042,550800010042,14.0,KlaipÓdos r. sav. JucaiNiÖ k.,610,Žemės ūkio teritorijų zona,ZU_F,"0,05;0,8***",0,Z;KT,51,137605.31,2194.14,1.59
550800010133,440006660406,3.39,KlaipÓdos r. sav. JucaiNiÖ k.,610,Žemės ūkio teritorijų zona,ZU_F,"0,05;0,8***",0,Z;KT,30,32955.42,32955.42,100.0
550800010204,440016326599,0.09,KlaipÓdos r. sav. JucaiNiÖ k. JucaiNiÖ g. 20,995,Ekstensyvaus užstatymo gyvenamoji zona,U_GG_E_F,"0,2*",0,KT,31,886.84,886.84,100.0
550800010280,440041854379,0.792,KlaipÓdos r. sav. ValuNiÖ k.,710,Miškų ir miškingų teritorijų zona,MI_F,0,0,M,29,7919.9,7295.1,92.11
550800010280,440041854379,0.792,KlaipÓdos r. sav. ValuNiÖ k.,710,Žemės ūkio teritorijų zona,ZU_F,"0,05;0,8***",0,Z;KT,30,7919.9,624.8,7.89
550800020152,440011698638,0.49,KlaipÓdos r. sav. DaukÕaiNiÖ k.,610,Miškų ir miškingų teritorijų zona,MI_F,0,0,M,562,4986.17,3598.94,72.18
550800020152,440011698638,0.49,KlaipÓdos r. sav. DaukÕaiNiÖ k.,610,Žemės ūkio teritorijų zona,ZU_F,"0,05;0,8***",0,Z;KT,563,4986.17,1340.02,26.87
550800020152,440011698638,0.49,KlaipÓdos r. sav. DaukÕaiNiÖ k.,610,Žemės ūkio teritorijų zona,ZU_F,"0,05;0,8***",0,Z;KT,25,4986.17,34.09,0.68
550800020152,440011698638,0.49,KlaipÓdos r. sav. DaukÕaiNiÖ k.,610,Žemės ūkio teritorijų zona,ZU_F,"0,05;0,8***",0,Z;KT,557,4986.17,13.11,0.26
550800030225,440010774935,0.39,KlaipÓdos r. sav. DaukÕaiNiÖ k.,610,Žemės ūkio teritorijų zona,ZU_F,"0,05;0,8***",0,Z;KT,557,3695.45,3695.45,100.0
550800030250,440015208434,1.9,KlaipÓdos r. sav. DaukÕaiNiÖ k.,610,Žemės ūkio teritorijų zona,ZU_F,"0,05;0,8***",0,Z;KT,554,19072.86,19072.86,100.0
550800030265,440017959625,0.68,KlaipÓdos r. sav. DaukÕaiNiÖ k.,610,Žemės ūkio teritorijų zona,ZU_F,"0,05;0,8***",0,Z;KT,554,7191.81,7191.81,100.0
550800030283,440021906578,0.95,KlaipÓdos r. sav. DaukÕaiNiÖ k.,610,Žemės ūkio teritorijų zona,ZU_F,"0,05;0,8***",0,Z;KT,557,9609.7,9545.47,99.33
550800030283,440021906578,0.95,KlaipÓdos r. sav. DaukÕaiNiÖ k.,610,Miškų ir miškingų teritorijų zona,MI_F,0,0,M,568,9609.7,64.23,0.67
551000010080,440006870876,3.9229,KlaipÓdos r. sav. ¾atriÖ k.,610,Žemės ūkio teritorijų zona,ZU_F,"0,05;0,8***",0,Z;KT,422,39228.62,20721.22,52.82
551000010080,440006870876,3.9229,KlaipÓdos r. sav. ¾atriÖ k.,610,Miškų ir miškingų teritorijų zona,MI_F,0,0,M;KT,420,39228.62,18507.4,47.18
551000010120,440009053189,1.95,KlaipÓdos r. sav. SÓlenÖ k.,610,Ekstensyvaus užstatymo gyvenamoji zona,U_GG_E_F,"0,2*",0,KT,404,20083.39,20083.39,100.0
551000010157,440010204950,1.64,KlaipÓdos r. sav. EglynÖ k.,610,Ekstensyvaus užstatymo gyvenamoji zona,U_GG_E_F,"0,2*",0,KT,404,17201.97,17201.97,100.0
551000010200,440020211805,0.3859,KlaipÓdos r. sav. EglynÖ k. SÓlenÖ g. 19,995,Ekstensyvaus užstatymo gyvenamoji zona,U_GG_E_F,"0,2*",0,KT,404,3859.19,3859.19,100.0
551000020085,440001406880,0.15,KlaipÓdos r. sav. SmilgynÖ k. SmilgynÖ g. 16,995,Ekstensyvaus užstatymo gyvenamoji zona,U_GG_E_F,"0,2*",0,KT,404,1695.32,1695.32,100.0
551000020178,440007693390,7.3234,KlaipÓdos r. sav. SmilgynÖ k.,610,Žemės ūkio teritorijų zona,ZU_F,"0,05;0,8***",0,Z;KT,422,73234.17,69437.87,94.82
551000020178,440007693390,7.3234,KlaipÓdos r. sav. SmilgynÖ k.,610,Miškų ir miškingų teritorijų zona,MI_F,0,0,M;KT,420,73234.17,3796.31,5.18
551000020179,440007702790,0.48,KlaipÓdos r. sav. EglynÖ k.,610,Ekstensyvaus užstatymo gyvenamoji zona,U_GG_E_F,"0,2*",0,KT,406,4801.01,4801.01,100.0
551000020198,440008208057,1.3991,KlaipÓdos r. sav. EglynÖ k.,610,Ekstensyvaus užstatymo gyvenamoji zona,U_GG_E_F,"0,2*",0,KT,404,13990.78,13990.78,100.0
551000020211,440008688164,2.005,KlaipÓdos r. sav. SmilgynÖ k.,610,Ekstensyvaus užstatymo gyvenamoji zona,U_GG_E_F,"0,2*",0,KT,406,20049.89,20049.89,100.0
551000020340,440011753372,0.141,KlaipÓdos r. sav. EglynÖ k.,995,Ekstensyvaus užstatymo gyvenamoji zona,U_GG_E_F,"0,2*",0,KT,406,1409.71,1409.71,100.0
551000020357,440011754580,0.1714,KlaipÓdos r. sav. EglynÖ k.,995,Ekstensyvaus užstatymo gyvenamoji zona,U_GG_E_F,"0,2*",0,KT,406,1713.76,1713.76,100.0
551000020376,440011755012,0.1123,KlaipÓdos r. sav. EglynÖ k.,995,Ekstensyvaus užstatymo gyvenamoji zona,U_GG_E_F,"0,2*",0,KT,406,1122.66,1122.66,100.0
551000020444,440016329714,0.1,KlaipÓdos r. sav. SmilgynÖ k. ArtojÖ g. 5,995,Ekstensyvaus užstatymo gyvenamoji zona,U_GG_E_F,"0,2*",0,KT,406,1000.0,1000.0,100.0
551000020692,440050842265,0.5023,KlaipÓdos r. sav. EglynÖ k.,610,Ekstensyvaus užstatymo gyvenamoji zona,U_GG_E_F,"0,2*",0,KT,404,5023.14,5023.14,100.0
551000030132,440028756774,0.3046,KlaipÓdos r. sav. ¾lapÕilÓs k. PlukiÖ g. 13,995,Mažo užstatymo intensyvumo gyvenamoji zona,U_GG_M_F,"0,4*",0,KT,411,3045.89,3045.89,100.0
551000030152,551000030152,0.0496,KlaipÓdos r. sav. ¾lapÕilÓs k. GobergiÕkÓs g. 20,995,Mažo užstatymo intensyvumo gyvenamoji zona,U_GG_M_F,"0,4*",0,KT,411,495.96,495.96,100.0
551000030438,440008771193,0.83,KlaipÓdos r. sav. ¾lapÕilÓs k.,610,Pramonės ir sandėliavimo zona,U_PS_F,"2,5",0,KT,355,6678.64,6678.64,100.0
551000030450,440009473074,4.0351,KlaipÓdos r. sav. AlksniÖ k.,610,Ekstensyvaus užstatymo gyvenamoji zona,U_GG_E_F,"0,2*",0,KT,404,40351.01,40351.01,100.0
551000030507,440012307092,1.08,KlaipÓdos r. sav. ¾lapÕilÓs k.,610,Mažo užstatymo intensyvumo gyvenamoji zona,U_GG_M_F,"0,4*",0,KT,411,11667.67,11667.67,100.0
551000040209,551000040209,0.6699,KlaipÓdos r. sav. JonuÕÖ k. GÓlynÖ g. 10,995,Mažo užstatymo intensyvumo gyvenamoji zona,U_GG_M_F,"0,4*",0,KT,206,6702.37,6702.37,100.0
551000040257,551000040257,0.2211,KlaipÓdos r. sav. JonuÕÖ k. JonuÕÖ g. 5,995,Mažo užstatymo intensyvumo gyvenamoji zona,U_GG_M_F,"0,4*",0,KT,206,2211.73,2211.73,100.0
551000040319,440004070062,0.2095,KlaipÓdos r. sav. JonuÕÖ k. GÓlynÖ g. 24,995,Mažo užstatymo intensyvumo gyvenamoji zona,U_GG_M_F,"0,4*",0,KT,206,2095.42,2095.42,100.0
551000040329,440004290892,0.168,KlaipÓdos r. sav. GobergiÕkÓs k.,610,Mažo užstatymo intensyvumo gyvenamoji zona,U_GG_M_F,"0,4*",0,KT,204,1680.02,1680.02,100.0
551000040457,440007752149,0.1501,KlaipÓdos r. sav. GobergiÕkÓs k. GluosniÖ g. 11,995,Mažo užstatymo intensyvumo gyvenamoji zona,U_GG_M_F,"0,4*",0,KT,204,1500.82,1500.82,100.0
551000040470,440008690406,2.2164,KlaipÓdos r. sav. JonuÕÖ k.,610,Mažo užstatymo intensyvumo gyvenamoji zona,U_GG_M_F,"0,4*",0,KT,206,22164.23,22025.91,99.38
551000040470,440008690406,2.2164,KlaipÓdos r. sav. JonuÕÖ k.,610,Miškų ir miškingų teritorijų zona,MI_F,0,0,M;KT,210,22164.23,75.73,0.34
551000040470,440008690406,2.2164,KlaipÓdos r. sav. JonuÕÖ k.,610,Miškų ir miškingų teritorijų zona,MI_F,0,0,M,205,22164.23,62.59,0.28
551000040496,440009927980,0.15,KlaipÓdos r. sav. GobergiÕkÓs k.,995,Mažo užstatymo intensyvumo gyvenamoji zona,U_GG_M_F,"0,4*",0,KT,204,1499.92,1499.92,100.0
551000040544,440015108128,0.1003,KlaipÓdos r. sav. JonuÕÖ k. Poilsio g. 4,995,Mažo užstatymo intensyvumo gyvenamoji zona,U_GG_M_F,"0,4*",0,KT,206,1002.53,1002.53,100.0
551000040577,440015118079,0.1126,KlaipÓdos r. sav. JonuÕÖ k. PamiÕkÓs g. 20,995,Mažo užstatymo intensyvumo gyvenamoji zona,U_GG_M_F,"0,4*",0,KT,206,1131.07,1131.07,100.0
551000040580,440015118246,0.1265,KlaipÓdos r. sav. JonuÕÖ k. Poilsio g. 14,995,Miškų ir miškingų teritorijų zona,MI_F,0,0,M,205,1264.62,861.59,68.13
551000040580,440015118246,0.1265,KlaipÓdos r. sav. JonuÕÖ k. Poilsio g. 14,995,Mažo užstatymo intensyvumo gyvenamoji zona,U_GG_M_F,"0,4*",0,KT,206,1264.62,403.03,31.87
551000040604,440015990479,0.25,KlaipÓdos r. sav. DauparÖ k. Vilties g. 8,995,Mažo užstatymo intensyvumo gyvenamoji zona,U_GG_M_F,"0,4*",0,KT,204,2500.01,2500.01,100.0
551000040741,440040175951,0.0942,KlaipÓdos r. sav. JonuÕÖ k.,610,Mažo užstatymo intensyvumo gyvenamoji zona,U_GG_M_F,"0,4*",0,KT,206,941.93,941.93,100.0
551000050172,440001200984,0.2537,KlaipÓdos r. sav. ¾lapÕilÓs k. BaukÕtÓs g. 19,995,Ekstensyvaus užstatymo gyvenamoji zona,U_GG_E_F,"0,2*",0,KT,202,2537.14,2537.14,100.0
551000050184,440001202294,0.1545,KlaipÓdos r. sav. ¾lapÕilÓs k. BaukÕtÓs g. 3,995,Ekstensyvaus užstatymo gyvenamoji zona,U_GG_E_F,"0,2*",0,KT,202,1546.05,1546.05,100.0
551000050196,440001203287,0.1938,KlaipÓdos r. sav. ¾lapÕilÓs k.,995,Ekstensyvaus užstatymo gyvenamoji zona,U_GG_E_F,"0,2*",0,KT,202,1937.53,1937.53,100.0
551000050649,440009106550,1.4,KlaipÓdos r. sav. ¾lapÕilÓs k.,610,Žemės ūkio teritorijų zona,ZU_F,"0,05;0,8***",0,Z;KT,214,13645.13,13645.13,100.0
551000050707,440010136217,0.4,KlaipÓdos r. sav. ¾lapÕilÓs k. ¾lapÕilÓs g. 27,995,Ekstensyvaus užstatymo gyvenamoji zona,U_GG_E_F,"0,2*",0,KT,202,3999.95,3999.95,100.0
551000050895,440014901938,3.95,KlaipÓdos r. sav. ¾lapÕilÓs k.,610,Pramonės ir sandėliavimo zona,U_PS_F,"2,5",0,KT,355,43206.36,28123.83,65.09
551000050895,440014901938,3.95,KlaipÓdos r. sav. ¾lapÕilÓs k.,610,Ekstensyvaus užstatymo gyvenamoji zona,U_GG_E_F,"0,2*",0,KT,202,43206.36,15082.52,34.91
551000050969,440018019512,0.095,KlaipÓdos r. sav. ¾lapÕilÓs k.,995,Ekstensyvaus užstatymo gyvenamoji zona,U_GG_E_F,"0,2*",0,KT,202,950.08,950.08,100.0
551000051132,440020542606,0.1046,KlaipÓdos r. sav. ¾lapÕilÓs k. SodÖ g. 24,995,Ekstensyvaus užstatymo gyvenamoji zona,U_GG_E_F,"0,2*",0,KT,202,1046.08,1046.08,100.0
551000051293,440023784910,0.14,KlaipÓdos r. sav. ¾lapÕilÓs k. TuopÖ g. 9,995,Ekstensyvaus užstatymo gyvenamoji zona,U_GG_E_F,"0,2*",0,KT,202,1400.21,1400.21,100.0
551000051320,440030209013,0.3534,KlaipÓdos r. sav. ¾lapÕilÓs k. ¾lapÕilÓs g. 8A,995,Ekstensyvaus užstatymo gyvenamoji zona,U_GG_E_F,"0,2*",0,KT,202,3533.83,3533.83,100.0
551000051326,440030209279,0.0701,KlaipÓdos r. sav. ¾lapÕilÓs k. TujÖ g. 3,995,Ekstensyvaus užstatymo gyvenamoji zona,U_GG_E_F,"0,2*",0,KT,202,700.63,700.63,100.0
551000051610,440050610680,0.11,KlaipÓdos r. sav. ¾lapÕilÓs k. VyÕniÖ g. 4,995,Žemės ūkio teritorijų zona,ZU_F,"0,05;0,8***",0,Z;KT,214,1099.97,1099.97,100.0
551300010118,551300010118,0.0596,KlaipÓdos r. sav. DercekliÖ k. KampinÓ g. 6,610,Mažo užstatymo intensyvumo gyvenamoji zona,U_GG_M_F,"0,4*",0,KT,277,611.84,611.84,100.0
551300010142,551300010142,0.0597,KlaipÓdos r. sav. DercekliÖ k. PutinÖ g. 8,610,Mažo užstatymo intensyvumo gyvenamoji zona,U_GG_M_F,"0,4*",0,KT,277,628.1,628.1,100.0
551300010212,551300010212,0.0607,KlaipÓdos r. sav. DercekliÖ k. Tiesioji g. 10,610,Mažo užstatymo intensyvumo gyvenamoji zona,U_GG_M_F,"0,4*",0,KT,277,607.21,607.21,100.0
551300010259,551300010259,0.0628,KlaipÓdos r. sav. DercekliÖ k.,610,Mažo užstatymo intensyvumo gyvenamoji zona,U_GG_M_F,"0,4*",0,KT,277,572.35,572.35,100.0
551300020054,551300020054,0.06,KlaipÓdos r. sav. DercekliÖ k. KanapiÖ g. 9,610,Mažo užstatymo intensyvumo gyvenamoji zona,U_GG_M_F,"0,4*",0,KT,277,599.91,599.91,100.0
551300020059,551300020059,0.06,KlaipÓdos r. sav. DercekliÖ k. LingiÖ g. 23,610,Mažo užstatymo intensyvumo gyvenamoji zona,U_GG_M_F,"0,4*",0,KT,277,614.53,614.53,100.0
551300020070,551300020070,0.06,KlaipÓdos r. sav. DercekliÖ k. KirtimÖ g. 7,610,Mažo užstatymo intensyvumo gyvenamoji zona,U_GG_M_F,"0,4*",0,KT,277,613.69,613.69,100.0
551300020180,551300020180,0.06,KlaipÓdos r. sav. DercekliÖ k. SakalÖ g. 8,610,Mažo užstatymo intensyvumo gyvenamoji zona,U_GG_M_F,"0,4*",0,KT,277,601.65,601.65,100.0
551300020207,551300020207,0.06,KlaipÓdos r. sav. DercekliÖ k. TyleniÖ g. 10,610,Mažo užstatymo intensyvumo gyvenamoji zona,U_GG_M_F,"0,4*",0,KT,277,600.05,600.05,100.0
551300030136,551300030136,0.06,KlaipÓdos r. sav. DercekliÖ k. LemuogiÖ g. 15,610,Mažo užstatymo intensyvumo gyvenamoji zona,U_GG_M_F,"0,4*",0,KT,277,588.23,588.23,100.0
551300030157,551300030157,0.0632,KlaipÓdos r. sav. DercekliÖ k. VynuogiÖ g. 16,610,Mažo užstatymo intensyvumo gyvenamoji zona,U_GG_M_F,"0,4*",0,KT,277,627.2,627.2,100.0
551300030169,551300030169,0.06,KlaipÓdos r. sav. DercekliÖ k. VynuogiÖ g. 9,610,Mažo užstatymo intensyvumo gyvenamoji zona,U_GG_M_F,"0,4*",0,KT,277,609.23,609.23,100.0
551300030253,551300030253,0.0568,KlaipÓdos r. sav. DercekliÖ k. Avietyno g. 3,610,Mažo užstatymo intensyvumo gyvenamoji zona,U_GG_M_F,"0,4*",0,KT,277,567.54,567.54,100.0
551300040145,551300040145,0.0588,KlaipÓdos r. sav. DercekliÖ k. LemaiNiÖ g. 1,610,Mažo užstatymo intensyvumo gyvenamoji zona,U_GG_M_F,"0,4*",0,KT,277,589.16,589.16,100.0
551300040176,551300040176,0.06,KlaipÓdos r. sav. DercekliÖ k. Minijos g. 1A,610,Mažo užstatymo intensyvumo gyvenamoji zona,U_GG_M_F,"0,4*",0,KT,277,570.44,570.44,100.0
551300050028,440009369600,0.0607,KlaipÓdos r. sav. DercekliÖ k. LygÓs g. 12,610,Mažo užstatymo intensyvumo gyvenamoji zona,U_GG_M_F,"0,4*",0,KT,277,606.5,606.5,100.0
551300050313,551300050313,0.0597,KlaipÓdos r. sav. DercekliÖ k. ¾turmanÖ g. 13,610,Mažo užstatymo intensyvumo gyvenamoji zona,U_GG_M_F,"0,4*",0,KT,277,598.4,598.4,100.0
551300060103,551300060103,0.06,KlaipÓdos r. sav. DercekliÖ k. Agluonos g. 8,610,Mažo užstatymo intensyvumo gyvenamoji zona,U_GG_M_F,"0,4*",0,KT,277,602.83,602.83,100.0
551300060105,551300060105,0.06,KlaipÓdos r. sav. DercekliÖ k. Agluonos g. 4,610,Mažo užstatymo intensyvumo gyvenamoji zona,U_GG_M_F,"0,4*",0,KT,277,565.39,565.39,100.0
551300060258,551300060258,0.0605,KlaipÓdos r. sav. DercekliÖ k. MariÖ g. 34,610,Mažo užstatymo intensyvumo gyvenamoji zona,U_GG_M_F,"0,4*",0,KT,277,605.07,605.07,100.0
551300070007,551300070007,0.0585,KlaipÓdos r. sav. DercekliÖ k. LubinÖ g. 18,610,Mažo užstatymo intensyvumo gyvenamoji zona,U_GG_M_F,"0,4*",0,KT,277,617.97,617.97,100.0
551300070117,551300070117,0.061,KlaipÓdos r. sav. DercekliÖ k. Dituvos g. 95,610,Mažo užstatymo intensyvumo gyvenamoji zona,U_GG_M_F,"0,4*",0,KT,277,613.4,613.4,100.0
551300090040,551300090040,0.0645,KlaipÓdos r. sav. DercekliÖ k. VyturiÖ g. 25,610,Mažo užstatymo intensyvumo gyvenamoji zona,U_GG_M_F,"0,4*",0,KT,277,645.08,645.08,100.0
551300090063,551300090063,0.06,KlaipÓdos r. sav. DercekliÖ k. AlyvÖ g. 22,610,Mažo užstatymo intensyvumo gyvenamoji zona,U_GG_M_F,"0,4*",0,KT,277,601.62,601.62,100.0
551300090088,551300090088,0.0638,KlaipÓdos r. sav. DercekliÖ k. SvarainiÖ g. 31,610,Mažo užstatymo intensyvumo gyvenamoji zona,U_GG_M_F,"0,4*",0,KT,277,637.76,637.76,100.0
551300100064,551300100064,0.061,KlaipÓdos r. sav. DercekliÖ k. LaivÖ 1-oji g. 3,610,Mažo užstatymo intensyvumo gyvenamoji zona,U_GG_M_F,"0,4*",0,KT,277,610.44,610.44,100.0
551300100124,551300100124,0.06,KlaipÓdos r. sav. DercekliÖ k. Molo g. 48,610,Mažo užstatymo intensyvumo gyvenamoji zona,U_GG_M_F,"0,4*",0,KT,277,631.57,631.57,100.0
551300100124,551300100124,0.06,KlaipÓdos r. sav. DercekliÖ k. Molo g. 48,610,Žemės ūkio teritorijų zona,ZU_F,"0,1;0,8***",0,Z;KT,275,631.57,0.01,0.0
551300100126,551300100126,0.06,KlaipÓdos r. sav. DercekliÖ k. Molo g. 44,610,Mažo užstatymo intensyvumo gyvenamoji zona,U_GG_M_F,"0,4*",0,KT,277,591.41,591.41,100.0
551300100218,551300100218,0.06,KlaipÓdos r. sav. DercekliÖ k. Pavasario g. 44,610,Mažo užstatymo intensyvumo gyvenamoji zona,U_GG_M_F,"0,4*",0,KT,277,594.88,594.88,100.0
551300110142,551300110142,0.0578,KlaipÓdos r. sav. DercekliÖ k. Pavasario g. 3,610,Mažo užstatymo intensyvumo gyvenamoji zona,U_GG_M_F,"0,4*",0,KT,277,580.9,580.9,100.0
551300110220,551300110220,0.0617,KlaipÓdos r. sav. DercekliÖ k. PaukÕNiÖ tak. 1,610,Mažo užstatymo intensyvumo gyvenamoji zona,U_GG_M_F,"0,4*",0,KT,277,616.58,616.58,100.0
551300120122,551300120122,0.0606,KlaipÓdos r. sav. DercekliÖ k. SaulÓs g. 3,610,Mažo užstatymo intensyvumo gyvenamoji zona,U_GG_M_F,"0,4*",0,KT,277,606.22,606.22,100.0
551300120281,551300120281,0.0611,KlaipÓdos r. sav. DercekliÖ k. MickÖ 1-oji g. 3,610,Mažo užstatymo intensyvumo gyvenamoji zona,U_GG_M_F,"0,4*",0,KT,277,611.41,611.41,100.0
551300130058,551300130058,0.0603,KlaipÓdos r. sav. DercekliÖ k. GeniÖ g. 53,610,Mažo užstatymo intensyvumo gyvenamoji zona,U_GG_M_F,"0,4*",0,KT,277,603.37,603.37,100.0
551300130205,551300130205,0.06,KlaipÓdos r. sav. DercekliÖ k. GeniÖ g. 9,610,Mažo užstatymo intensyvumo gyvenamoji zona,U_GG_M_F,"0,4*",0,KT,277,599.98,599.98,100.0
551300130234,551300130234,0.0636,KlaipÓdos r. sav. DercekliÖ k. Nektaro g. 6,610,Mažo užstatymo intensyvumo gyvenamoji zona,U_GG_M_F,"0,4*",0,KT,277,635.63,635.63,100.0
551300130298,551300130298,0.0576,KlaipÓdos r. sav. DercekliÖ k. GandrÖ g. 41,610,Mažo užstatymo intensyvumo gyvenamoji zona,U_GG_M_F,"0,4*",0,KT,277,589.97,589.97,100.0
551300130312,551300130312,0.06,KlaipÓdos r. sav. DercekliÖ k. DraugystÓs g. 89,610,Mažo užstatymo intensyvumo gyvenamoji zona,U_GG_M_F,"0,4*",0,KT,277,545.46,545.46,100.0
551300140029,551300140029,0.057,KlaipÓdos r. sav. DercekliÖ k. KurmiÖ tak. 2,610,Mažo užstatymo intensyvumo gyvenamoji zona,U_GG_M_F,"0,4*",0,KT,277,546.34,546.34,100.0
551300140063,551300140063,0.0638,KlaipÓdos r. sav. DercekliÖ k. IÕilginÓ g. 15,610,Mažo užstatymo intensyvumo gyvenamoji zona,U_GG_M_F,"0,4*",0,KT,277,631.63,631.63,100.0
551300140196,551300140196,0.0629,KlaipÓdos r. sav. DercekliÖ k. GalinÓ g. 2,610,Mažo užstatymo intensyvumo gyvenamoji zona,U_GG_M_F,"0,4*",0,KT,277,629.33,629.33,100.0
551300140349,440011792450,0.0286,KlaipÓdos r. sav. DercekliÖ k. IÕilginÓ g. 10A,610,Mažo užstatymo intensyvumo gyvenamoji zona,U_GG_M_F,"0,4*",0,KT,277,286.02,286.02,100.0
551300150282,551300150282,0.06,KlaipÓdos r. sav. DercekliÖ k. TreÕniÖ g. 12,610,Mažo užstatymo intensyvumo gyvenamoji zona,U_GG_M_F,"0,4*",0,KT,277,611.21,611.21,100.0
551300150317,551300150317,0.0613,KlaipÓdos r. sav. DercekliÖ k. TulpiÖ g. 7,610,Mažo užstatymo intensyvumo gyvenamoji zona,U_GG_M_F,"0,4*",0,KT,277,612.79,612.79,100.0
551300150400,551300150400,0.06,KlaipÓdos r. sav. DercekliÖ k. ApyniÖ g. 4,610,Mažo užstatymo intensyvumo gyvenamoji zona,U_GG_M_F,"0,4*",0,KT,277,580.45,580.45,100.0
551300180248,551300180248,0.06,KlaipÓdos r. sav. DercekliÖ k. Dz×kÖ g. 19,610,Mažo užstatymo intensyvumo gyvenamoji zona,U_GG_M_F,"0,4*",0,KT,277,608.97,608.97,100.0
551300180289,551300180289,0.06,KlaipÓdos r. sav. DercekliÖ k. PamiÕkÓs g. 33,610,Mažo užstatymo intensyvumo gyvenamoji zona,U_GG_M_F,"0,4*",0,KT,277,604.41,604.41,100.0
551300180338,551300180338,0.06,KlaipÓdos r. sav. DercekliÖ k. LvejÖ g. 45,610,Mažo užstatymo intensyvumo gyvenamoji zona,U_GG_M_F,"0,4*",0,KT,277,619.78,619.78,100.0
551300190029,551300190029,0.0602,KlaipÓdos r. sav. DercekliÖ k. LazdynÖ g. 28,610,Mažo užstatymo intensyvumo gyvenamoji zona,U_GG_M_F,"0,4*",0,KT,277,593.81,593.81,100.0
551300190063,551300190063,0.0642,KlaipÓdos r. sav. DercekliÖ k. LazdynÖ g. 41,610,Mažo užstatymo intensyvumo gyvenamoji zona,U_GG_M_F,"0,4*",0,KT,277,646.55,646.55,100.0
551300190099,551300190099,0.06,KlaipÓdos r. sav. DercekliÖ k. Astravo g. 9,610,Mažo užstatymo intensyvumo gyvenamoji zona,U_GG_M_F,"0,4*",0,KT,277,600.06,600.06,100.0
551300190239,551300190239,0.0708,KlaipÓdos r. sav. DercekliÖ k. L×ÕiÖ g. 11,610,Mažo užstatymo intensyvumo gyvenamoji zona,U_GG_M_F,"0,4*",0,KT,277,665.13,665.13,100.0
551300200016,551300200016,0.06,KlaipÓdos r. sav. DercekliÖ k. BajorÖ g. 14,610,Mažo užstatymo intensyvumo gyvenamoji zona,U_GG_M_F,"0,4*",0,KT,277,599.72,599.72,100.0
551300210128,551300210128,0.0613,KlaipÓdos r. sav. DercekliÖ k. Nidos g. 43,610,Mažo užstatymo intensyvumo gyvenamoji zona,U_GG_M_F,"0,4*",0,KT,277,612.96,612.96,100.0
551300210313,551300210313,0.06,KlaipÓdos r. sav. DercekliÖ k. Preilos g. 66,610,Mažo užstatymo intensyvumo gyvenamoji zona,U_GG_M_F,"0,4*",0,KT,277,594.45,594.45,100.0
551300210540,551300210540,0.06,KlaipÓdos r. sav. DercekliÖ k. Elos g. 1,610,Mažo užstatymo intensyvumo gyvenamoji zona,U_GG_M_F,"0,4*",0,KT,277,599.78,599.78,100.0
551300210560,551300210560,0.0629,KlaipÓdos r. sav. DercekliÖ k. Preilos g. 134,610,Mažo užstatymo intensyvumo gyvenamoji zona,U_GG_M_F,"0,4*",0,KT,277,629.29,629.29,100.0
551300210592,551300210592,0.0645,KlaipÓdos r. sav. DercekliÖ k. P×kÖ g. 14,610,Mažo užstatymo intensyvumo gyvenamoji zona,U_GG_M_F,"0,4*",0,KT,277,645.02,645.02,100.0
551300210665,551300210665,0.06,KlaipÓdos r. sav. DercekliÖ k. EgluNiÖ g. 32,610,Mažo užstatymo intensyvumo gyvenamoji zona,U_GG_M_F,"0,4*",0,KT,277,625.44,625.44,100.0
551300210687,551300210687,0.06,KlaipÓdos r. sav. DercekliÖ k. Preilos g. 100,610,Mažo užstatymo intensyvumo gyvenamoji zona,U_GG_M_F,"0,4*",0,KT,277,608.15,608.15,100.0
551300210782,551300210782,0.06,KlaipÓdos r. sav. DercekliÖ k. GerviÖ g. 10,610,Mažo užstatymo intensyvumo gyvenamoji zona,U_GG_M_F,"0,4*",0,KT,277,603.3,603.3,100.0
551300210788,551300210788,0.06,KlaipÓdos r. sav. DercekliÖ k. Dituvos g. 123,610,Mažo užstatymo intensyvumo gyvenamoji zona,U_GG_M_F,"0,4*",0,KT,277,602.71,602.71,100.0
551300210849,551300210849,0.06,KlaipÓdos r. sav. DercekliÖ k. DobilÖ g. 3,610,Mažo užstatymo intensyvumo gyvenamoji zona,U_GG_M_F,"0,4*",0,KT,277,602.93,602.93,100.0
551300210853,551300210853,0.06,KlaipÓdos r. sav. DercekliÖ k. DobilÖ g. 11,610,Mažo užstatymo intensyvumo gyvenamoji zona,U_GG_M_F,"0,4*",0,KT,277,591.27,591.27,100.0
551300210874,551300210874,0.06,KlaipÓdos r. sav. DercekliÖ k. DobilÖ g. 2,610,Mažo užstatymo intensyvumo gyvenamoji zona,U_GG_M_F,"0,4*",0,KT,277,616.39,616.39,100.0
551300220030,440001528474,28.8893,KlaipÓdos r. sav. KliÕiÖ k. KliÕiÖ g. 3,610,Žemės ūkio teritorijų zona,ZU_F,"0,05;0,8***",0,Z;KT,327,288918.62,256644.39,88.83
551300220030,440001528474,28.8893,KlaipÓdos r. sav. KliÕiÖ k. KliÕiÖ g. 3,610,Miškų ir miškingų teritorijų zona,MI_F,0,0,M,326,288918.62,25961.08,8.99
551300220030,440001528474,28.8893,KlaipÓdos r. sav. KliÕiÖ k. KliÕiÖ g. 3,610,Vandenų zona,H_F,0,0,H,325,288918.62,6313.14,2.19
551300220033,440011533023,7.2252,KlaipÓdos r. sav. KliÕiÖ k.,610,Miškų ir miškingų teritorijų zona,MI_F,0,0,M,326,72252.35,49969.18,69.16
551300220033,440011533023,7.2252,KlaipÓdos r. sav. KliÕiÖ k.,610,Žemės ūkio teritorijų zona,ZU_F,"0,05;0,8***",0,Z;KT,327,72252.35,12316.34,17.05
551300220033,440011533023,7.2252,KlaipÓdos r. sav. KliÕiÖ k.,610,Miškų ir miškingų teritorijų zona,MI_F,0,0,M;KT,279,72252.35,7807.77,10.81
551300220033,440011533023,7.2252,KlaipÓdos r. sav. KliÕiÖ k.,610,Žemės ūkio teritorijų zona,ZU_F,"0,05;0,8***",0,Z;KT,280,72252.35,2159.05,2.99
551300230278,551300230278,0.068,KlaipÓdos r. sav. LingiÖ k. RasytÓs g. 22,610,Mažo užstatymo intensyvumo gyvenamoji zona,U_GG_M_F,"0,4*",0,KT,277,680.12,680.12,100.0
551300230308,551300230308,0.06,KlaipÓdos r. sav. LingiÖ k. Dubysos g. 13,610,Mažo užstatymo intensyvumo gyvenamoji zona,U_GG_M_F,"0,4*",0,KT,277,627.29,627.29,100.0
551300230338,551300230338,0.0622,KlaipÓdos r. sav. LingiÖ k. GiraitÓs g. 1,610,Mažo užstatymo intensyvumo gyvenamoji zona,U_GG_M_F,"0,4*",0,KT,277,669.63,669.63,100.0
551300230457,551300230457,0.1079,KlaipÓdos r. sav. LingiÖ k. ¾irvÓnos g. 7,610,Mažo užstatymo intensyvumo gyvenamoji zona,U_GG_M_F,"0,4*",0,KT,277,1079.46,1079.46,100.0
551300230478,551300230478,0.062,KlaipÓdos r. sav. LingiÖ k. TulpiÖ g. 4,610,Mažo užstatymo intensyvumo gyvenamoji zona,U_GG_M_F,"0,4*",0,KT,294,636.13,636.13,100.0
551300230480,551300230480,0.0639,KlaipÓdos r. sav. LingiÖ k. RoUiÖ g. 16,610,Mažo užstatymo intensyvumo gyvenamoji zona,U_GG_M_F,"0,4*",0,KT,294,638.6,638.6,100.0
551500010176,440000765014,0.0161,KlaipÓdos r. sav. Drevernos k. Mokyklos g. 8,995,Vidutinio užstatymo intensyvumo gyvenamoji zona,U_GG_V_F,"0,8*",0,KT,331,161.41,161.41,100.0
551500010333,440023659632,0.3239,KlaipÓdos r. sav. Drevernos k. Dz×kÖ g. 6,995,Vidutinio užstatymo intensyvumo gyvenamoji zona,U_GG_V_F,"0,8*",0,KT,331,3238.94,3238.94,100.0
551500010366,440030857982,0.0547,KlaipÓdos r. sav. Drevernos k. KlaipÓdos g. 4B,995,Vidutinio užstatymo intensyvumo gyvenamoji zona,U_GG_V_F,"0,8*",0,KT,331,547.38,547.38,100.0
551500010386,440049435669,0.6017,KlaipÓdos r. sav. Drevernos k. AlyvÖ g. 1,995,Vidutinio užstatymo intensyvumo gyvenamoji zona,U_GG_V_F,"0,8*",0,KT,331,6016.96,6016.96,100.0
551500020179,551500020179,0.6184,KlaipÓdos r. sav. Drevernos k.,995,Vidutinio užstatymo intensyvumo gyvenamoji zona,U_GG_V_F,"0,8*",0,KT,331,6186.14,6186.14,100.0
551500020228,440016576960,0.1006,KlaipÓdos r. sav. Drevernos k. BuNiaus g. 2,995,Mažo užstatymo intensyvumo gyvenamoji zona,U_GG_M_F,"0,4*",0,KT,330,1006.34,1006.34,100.0
551500020251,440016577836,0.0951,KlaipÓdos r. sav. Drevernos k. BuNiaus g. 9,995,Mažo užstatymo intensyvumo gyvenamoji zona,U_GG_M_F,"0,4*",0,KT,330,951.57,951.57,100.0
551500030026,551500030026,1.0002,KlaipÓdos r. sav. SvencelÓs k.,610,Žemės ūkio teritorijų zona,ZU_F,"0,05;0,8***",0,Z;KT,334,10001.54,10001.54,100.0
551500040010,551500040010,1.2,KlaipÓdos r. sav. SvencelÓs k.,610,Mažo užstatymo intensyvumo gyvenamoji zona,U_GG_M_F,"0,4*",0,KT,337,11553.78,11553.78,100.0
551500040089,440002523171,0.46,KlaipÓdos r. sav. Drevernos k.,610,Mažo užstatymo intensyvumo gyvenamoji zona,U_GG_M_F,"0,4*",0,KT,330,4944.47,4897.01,99.04
551500040089,440002523171,0.46,KlaipÓdos r. sav. Drevernos k.,610,Vidutinio užstatymo intensyvumo gyvenamoji zona,U_GG_V_F,"0,8*",0,KT,331,4944.47,47.46,0.96
551500040190,440016922593,0.0957,KlaipÓdos r. sav. SvencelÓs k.,995,Mažo užstatymo intensyvumo gyvenamoji zona,U_GG_M_F,"0,4*",0,KT,337,956.97,956.97,100.0
551500040313,440045874317,0.0962,KlaipÓdos r. sav. SvencelÓs k.,610,Mažo užstatymo intensyvumo gyvenamoji zona,U_GG_M_F,"0,4*",0,KT,337,961.93,961.93,100.0
551500050012,551500050012,17.1013,KlaipÓdos r. sav. SvencelÓs k.,610,Mažo užstatymo intensyvumo gyvenamoji zona,U_GG_M_F,"0,4*",0,KT,342,171013.0,101706.6,59.47
551500050012,551500050012,17.1013,KlaipÓdos r. sav. SvencelÓs k.,610,Žemės ūkio teritorijų zona,ZU_F,"0,05;0,8***",0,Z;KT,343,171013.0,64246.17,37.57
551500050012,551500050012,17.1013,KlaipÓdos r. sav. SvencelÓs k.,610,Vandenų zona,H_F,0,0,H;KT,345,171013.0,5060.22,2.96
551500050090,440004878548,0.3442,KlaipÓdos r. sav. SvencelÓs k.,610,Mažo užstatymo intensyvumo gyvenamoji zona,U_GG_M_F,"0,4*",0,KT,342,3441.63,3441.63,100.0
551500050112,440010025539,0.5952,KlaipÓdos r. sav. SvencelÓs k. SvencelÓs g. 73,610,Mažo užstatymo intensyvumo gyvenamoji zona,U_GG_M_F,"0,4*",0,KT,342,5952.18,4237.52,71.19
551500050112,440010025539,0.5952,KlaipÓdos r. sav. SvencelÓs k. SvencelÓs g. 73,610,Miškų ir miškingų teritorijų zona,MI_F,0,0,M,573,5952.18,1714.66,28.81
551500050196,440043182183,0.0424,KlaipÓdos r. sav. SvencelÓs k. AitvarÖ g. 29,995,Mažo užstatymo intensyvumo gyvenamoji zona,U_GG_M_F,"0,4*",0,KT,342,424.17,424.17,100.0
551500050262,440051328419,0.0407,KlaipÓdos r. sav. SvencelÓs k. Preilos g. 10,995,Mažo užstatymo intensyvumo gyvenamoji zona,U_GG_M_F,"0,4*",0,KT,342,407.46,407.46,100.0
551500050305,440051333650,0.0512,KlaipÓdos r. sav. SvencelÓs k. VÓjÖ g. 18,995,Mažo užstatymo intensyvumo gyvenamoji zona,U_GG_M_F,"0,4*",0,KT,342,512.24,512.24,100.0
551500050307,440051333150,0.0668,KlaipÓdos r. sav. SvencelÓs k. VÓjÖ g. 13,995,Mažo užstatymo intensyvumo gyvenamoji zona,U_GG_M_F,"0,4*",0,KT,342,667.53,667.53,100.0
551800010210,440024158212,10.0238,KlaipÓdos r. sav. TickinÖ k.,610,Žemės ūkio teritorijų zona,ZU_F,"0,05;0,8***",0,Z;KT,496,100237.84,100232.97,100.0
551800010210,440024158212,10.0238,KlaipÓdos r. sav. TickinÖ k.,610,Miškų ir miškingų teritorijų zona,MI_F,0,0,M;KT,495,100237.84,4.88,0.0
551800040026,440026540281,0.3783,KlaipÓdos r. sav. Endriejavo mstl. µUuolÖ g. 10,995,Vidutinio užstatymo intensyvumo gyvenamoji zona,U_GG_V_F,"0,8*",0,KT,506,3783.2,3783.2,100.0
551800040086,551800040086,0.1398,KlaipÓdos r. sav. KapstatÖ k.,610,Žemės ūkio teritorijų zona,ZU_F,"0,05;0,8***",0,Z;KT,514,1397.83,1350.33,96.6
551800040086,551800040086,0.1398,KlaipÓdos r. sav. KapstatÖ k.,610,Miškų ir miškingų teritorijų zona,MI_F,0,0,M,513,1397.83,47.5,3.4
551800040156,551800040156,0.2481,KlaipÓdos r. sav. Endriejavo mstl. Kranto g. 5,995,Vidutinio užstatymo intensyvumo gyvenamoji zona,U_GG_V_F,"0,8*",0,KT,506,2480.59,2480.59,100.0
551800040158,440000523340,0.06,KlaipÓdos r. sav. Endriejavo mstl.,610,Vidutinio užstatymo intensyvumo gyvenamoji zona,U_GG_V_F,"0,8*",0,KT,506,679.8,679.8,100.0
551800040271,440009712814,0.16,KlaipÓdos r. sav. Endriejavo mstl. Mokyklos g. 24,995,Vidutinio užstatymo intensyvumo gyvenamoji zona,U_GG_V_F,"0,8*",0,KT,506,1599.54,1599.54,100.0
551800040349,440038574297,16.9216,KlaipÓdos r. sav. KapstatÖ k.,610,Žemės ūkio teritorijų zona,ZU_F,"0,05;0,8***",0,Z;KT,516,169216.17,163633.15,96.7
551800040349,440038574297,16.9216,KlaipÓdos r. sav. KapstatÖ k.,610,Žemės ūkio teritorijų zona,ZU_F,"0,05;0,8***",0,Z;KT,514,169216.17,5493.86,3.25
551800040349,440038574297,16.9216,KlaipÓdos r. sav. KapstatÖ k.,610,Miškų ir miškingų teritorijų zona,MI_F,0,0,M;KT,515,169216.17,89.16,0.05
551800050007,551800050007,1.51,KlaipÓdos r. sav. RaukÖ k.,710,Miškų ir miškingų teritorijų zona,MI_F,0,0,M;KT,515,18292.9,12860.6,70.3
551800050007,551800050007,1.51,KlaipÓdos r. sav. RaukÖ k.,710,Žemės ūkio teritorijų zona,ZU_F,"0,05;0,8***",0,Z;KT,514,18292.9,5432.3,29.7
551800050009,551800050009,40.71,KlaipÓdos r. sav. KlibiÖ k.,710,Miškų ir miškingų teritorijų zona,MI_F,0,0,M;KT,515,414469.51,296979.2,71.65
551800050009,551800050009,40.71,KlaipÓdos r. sav. KlibiÖ k.,710,Žemės ūkio teritorijų zona,ZU_F,"0,05;0,8***",0,Z;KT,516,414469.51,117490.31,28.35
551800050019,551800050019,6.6905,KlaipÓdos r. sav. SausiÖ k.,710,Miškų ir miškingų teritorijų zona,MI_F,0,0,M,513,66905.52,66481.82,99.37
551800050019,551800050019,6.6905,KlaipÓdos r. sav. SausiÖ k.,710,Žemės ūkio teritorijų zona,ZU_F,"0,05;0,8***",0,Z;KT,514,66905.52,423.69,0.63
551800050044,551800050044,3.22,KlaipÓdos r. sav. SausiÖ k.,610,Pramonės ir sandėliavimo zona,U_PS_F,"2,5",0,KT,362,31490.75,31490.75,100.0
551800050166,440001038739,3.05,KlaipÓdos r. sav. KlibiÖ k.,610,Žemės ūkio teritorijų zona,ZU_F,"0,05;0,8***",0,Z;KT,516,30842.5,30842.5,100.0
551800060061,551800060061,4.029,KlaipÓdos r. sav. KintrimÖ k.,610,Žemės ūkio teritorijų zona,ZU_F,"0,05;0,8***",0,Z;KT,521,40289.8,40289.8,100.0
551800060120,440000832613,32.1,KlaipÓdos r. sav. LelÓnÖ k.,710,Miškų ir miškingų teritorijų zona,MI_F,0,0,M;KT,520,320496.42,240749.46,75.12
551800060120,440000832613,32.1,KlaipÓdos r. sav. LelÓnÖ k.,710,Žemės ūkio teritorijų zona,ZU_F,"0,05;0,8***",0,Z;KT,521,320496.42,79746.95,24.88
551800060280,440009485010,1.18,KlaipÓdos r. sav. LelÓnÖ k.,710,Miškų ir miškingų teritorijų zona,MI_F,0,0,M;KT,520,11148.7,11148.7,100.0
551800060335,440020569450,2.01,KlaipÓdos r. sav. LelÓnÖ k.,610,Žemės ūkio teritorijų zona,ZU_F,"0,05;0,8***",0,Z;KT,521,20477.28,20477.28,100.0
551800060398,440042580508,4.7151,KlaipÓdos r. sav. LelÓnÖ k.,610,Žemės ūkio teritorijų zona,ZU_F,"0,05;0,8***",0,Z;KT,521,47150.92,47150.92,100.0
551800070001,551800070001,2.9396,KlaipÓdos r. sav. Auksoro k. VeivirUÓnÖ g. 27G,995,Pramonės ir sandėliavimo zona,U_PS_F,"2,5",0,KT,362,29396.53,22728.25,77.32
551800070001,551800070001,2.9396,KlaipÓdos r. sav. Auksoro k. VeivirUÓnÖ g. 27G,995,Žemės ūkio teritorijų zona,ZU_F,"0,05;0,8***",0,Z;KT,512,29396.53,6668.28,22.68
551800070177,551800070177,1.04,KlaipÓdos r. sav. PyktiÕkÓs k.,610,Pramonės ir sandėliavimo zona,U_PS_F,"2,5",0,KT,362,10462.98,10462.98,100.0
551800070193,440000848148,0.25,KlaipÓdos r. sav. Endriejavo mstl. PievÖ g. 8,995,Vidutinio užstatymo intensyvumo gyvenamoji zona,U_GG_V_F,"0,8*",0,KT,506,2649.82,2649.82,100.0
551800080067,551800080067,16.259,KlaipÓdos r. sav. ToliotÖ k.,610,Žemės ūkio teritorijų zona,ZU_F,"0,05;0,8***",0,Z;KT,15,162591.22,135791.55,83.52
551800080067,551800080067,16.259,KlaipÓdos r. sav. ToliotÖ k.,610,Miškų ir miškingų teritorijų zona,MI_F,0,0,M;KT,520,162591.22,26457.3,16.27
551800080067,551800080067,16.259,KlaipÓdos r. sav. ToliotÖ k.,610,Miškų ir miškingų teritorijų zona,MI_F,0,0,M,14,162591.22,342.37,0.21
551800080264,440030986380,2.7,KlaipÓdos r. sav. ToliotÖ k.,820,Vandenų zona,H_F,0,0,H,13,27315.67,13619.89,49.86
551800080264,440030986380,2.7,KlaipÓdos r. sav. ToliotÖ k.,820,Vandenų zona,H_F,0,0,H,519,27315.67,12717.06,46.56
551800080264,440030986380,2.7,KlaipÓdos r. sav. ToliotÖ k.,820,Žemės ūkio teritorijų zona,ZU_F,"0,05;0,8***",0,Z;KT,15,27315.67,558.92,2.05
551800080264,440030986380,2.7,KlaipÓdos r. sav. ToliotÖ k.,820,Žemės ūkio teritorijų zona,ZU_F,"0,05;0,8***",0,Z;KT,521,27315.67,288.6,1.06
551800080264,440030986380,2.7,KlaipÓdos r. sav. ToliotÖ k.,820,Miškų ir miškingų teritorijų zona,MI_F,0,0,M,14,27315.67,131.18,0.48
551800090216,440007418539,0.856,KlaipÓdos r. sav. RudgalviÖ k.,610,Žemės ūkio teritorijų zona,ZU_F,"0,05;0,8***",0,Z;KT,521,8560.39,8544.04,99.81
551800090216,440007418539,0.856,KlaipÓdos r. sav. RudgalviÖ k.,610,Mažo užstatymo intensyvumo gyvenamoji zona,U_GG_M_F,"0,4*",0,KT,17,8560.39,16.35,0.19
551800090284,440018196160,0.5389,KlaipÓdos r. sav. RudgalviÖ k.,610,Mažo užstatymo intensyvumo gyvenamoji zona,U_GG_M_F,"0,4*",0,KT,17,5389.33,5389.33,100.0
552000010135,552000010135,0.1276,KlaipÓdos r. sav. GargUdÖ m. Rasos g. 18,995,Vidutinio užstatymo intensyvumo gyvenamoji zona,U_GG_V_F,"0,8*",0,KT,199,1276.24,1276.24,100.0
552000010162,440022991331,0.0722,KlaipÓdos r. sav. GargUdÖ m. Rasos g. 32A,995,Vidutinio užstatymo intensyvumo gyvenamoji zona,U_GG_V_F,"0,8*",0,KT,199,722.45,722.45,100.0
552000010172,440015475762,0.19,KlaipÓdos r. sav. GargUdÖ m. KvietiniÖ g. 64,995,Vidutinio užstatymo intensyvumo gyvenamoji zona,U_GG_V_F,"0,8*",0,KT,199,1900.1,1900.1,100.0
552000010528,440042528376,0.0826,KlaipÓdos r. sav. GargUdÖ m. Lenktoji g. 3,995,Vidutinio užstatymo intensyvumo gyvenamoji zona,U_GG_V_F,"0,8*",0,KT,199,826.27,826.27,100.0
552000010529,440042526416,0.4562,KlaipÓdos r. sav. GargUdÖ m. Lenktoji g. 2,995,Vidutinio užstatymo intensyvumo gyvenamoji zona,U_GG_V_F,"0,8*",0,KT,199,4561.54,4561.54,100.0
552000010601,440009108456,0.09,KlaipÓdos r. sav. GargUdÖ m.,610,Vidutinio užstatymo intensyvumo gyvenamoji zona,U_GG_V_F,"0,8*",0,KT,199,938.39,938.39,100.0
552000010769,440031692696,0.0612,KlaipÓdos r. sav. GargUdÖ m. KvietiniÖ g. 131,995,Vidutinio užstatymo intensyvumo gyvenamoji zona,U_GG_V_F,"0,8*",0,KT,199,611.62,611.62,100.0
552000010801,440041401969,0.1812,KlaipÓdos r. sav. GargUdÖ m. Kretingos Plento g. 15A,995,Intensyvaus užstatymo gyvenamoji zona,U_GG_I_F,2,0,KT,197,1811.69,1811.69,100.0
552000020040,552000020040,0.2526,KlaipÓdos r. sav. GargUdÖ m. Treniotos g. 36,995,Vidutinio užstatymo intensyvumo gyvenamoji zona,U_GG_V_F,"0,8*",0,KT,199,2526.88,2526.88,100.0
552000040035,552000040035,0.2341,KlaipÓdos r. sav. GargUdÖ m. PievÖ g. 22,995,Vidutinio užstatymo intensyvumo gyvenamoji zona,U_GG_V_F,"0,8*",0,KT,199,2341.51,2341.51,100.0
552000050079,552000050079,0.1078,KlaipÓdos r. sav. GargUdÖ m. TopoliÖ g. 7,995,Intensyvaus užstatymo gyvenamoji zona,U_GG_I_F,2,0,KT,197,1082.61,1082.61,100.0
552000050117,440047279241,0.1,KlaipÓdos r. sav. GargUdÖ m. KNstuNio g. 33A,995,Vidutinio užstatymo intensyvumo gyvenamoji zona,U_GG_V_F,"0,8*",0,KT,199,1000.01,1000.01,100.0
552000070009,440027009998,0.1305,KlaipÓdos r. sav. GargUdÖ m. Lalgirio g. 8,995,Intensyvaus užstatymo gyvenamoji zona,U_GG_I_F,2,0,KT,197,1304.78,1304.78,100.0
552000070177,552000070177,0.2099,KlaipÓdos r. sav. GargUdÖ m. Vasario 16-osios g. 34,995,Intensyvaus užstatymo gyvenamoji zona,U_GG_I_F,2,0,KT,197,2099.75,2099.75,100.0
552000070248,440021797984,0.058,KlaipÓdos r. sav. GargUdÖ m. Vytauto g. 19,995,Intensyvaus užstatymo gyvenamoji zona,U_GG_I_F,2,0,KT,197,579.88,579.88,100.0
552000080001,552000080001,0.066,KlaipÓdos r. sav. GargUdÖ m. LemaiNiÖ g. 30,995,Intensyvaus užstatymo gyvenamoji zona,U_GG_I_F,2,0,KT,197,665.3,665.3,100.0
552000080140,440004923906,0.1011,KlaipÓdos r. sav. GargUdÖ m. KvietiniÖ g. 35,995,Intensyvaus užstatymo gyvenamoji zona,U_GG_I_F,2,0,KT,197,1011.09,1011.09,100.0
552000090124,440012141160,0.0841,KlaipÓdos r. sav. GargUdÖ m.,995,Vidutinio užstatymo intensyvumo gyvenamoji zona,U_GG_V_F,"0,8*",0,KT,199,840.91,840.91,100.0
552000090151,440012089128,0.1108,KlaipÓdos r. sav. GargUdÖ m.,995,Vidutinio užstatymo intensyvumo gyvenamoji zona,U_GG_V_F,"0,8*",0,KT,199,1108.04,1108.04,100.0
552000090179,440012156331,0.1274,KlaipÓdos r. sav. GargUdÖ m.,995,Vidutinio užstatymo intensyvumo gyvenamoji zona,U_GG_V_F,"0,8*",0,KT,199,1273.88,1273.88,100.0
552000090289,551000050087,1.7869,KlaipÓdos r. sav. GargUdÖ m.,610,Vidutinio užstatymo intensyvumo gyvenamoji zona,U_GG_V_F,"0,8*",0,KT,199,17869.1,17869.1,100.0
552000090317,440008681818,0.1253,KlaipÓdos r. sav. GargUdÖ m. SaulÓs g. 4,995,Vidutinio užstatymo intensyvumo gyvenamoji zona,U_GG_V_F,"0,8*",0,KT,199,1252.92,1252.92,100.0
552000090356,551000050018,12.0,KlaipÓdos r. sav. GargUdÖ m.,610,Vidutinio užstatymo intensyvumo gyvenamoji zona,U_GG_V_F,"0,8*",0,KT,199,119409.36,119409.35,100.0
552000090356,551000050018,12.0,KlaipÓdos r. sav. GargUdÖ m.,610,Ekstensyvaus užstatymo gyvenamoji zona,U_GG_E_F,"0,2*",0,KT,202,119409.36,0.0,0.0
552000090474,440030547145,0.029,KlaipÓdos r. sav. GargUdÖ m.,995,Vidutinio užstatymo intensyvumo gyvenamoji zona,U_GG_V_F,"0,8*",0,KT,199,289.81,289.81,100.0
552000090487,440032218523,0.1135,KlaipÓdos r. sav. GargUdÖ m. Vakaro g. 19,995,Vidutinio užstatymo intensyvumo gyvenamoji zona,U_GG_V_F,"0,8*",0,KT,199,1134.51,1134.51,100.0
552000100038,552000100038,0.1095,KlaipÓdos r. sav. GargUdÖ m. KlaipÓdos g. 68,995,Intensyvaus užstatymo gyvenamoji zona,U_GG_I_F,2,0,KT,197,1094.62,1094.62,100.0
552000100063,552000100063,0.0927,KlaipÓdos r. sav. GargUdÖ m. LemaitÓs g. 31,995,Intensyvaus užstatymo gyvenamoji zona,U_GG_I_F,2,0,KT,197,927.49,927.49,100.0
552000100070,552000100070,0.112,KlaipÓdos r. sav. GargUdÖ m. J. Janonio g. 12,995,Intensyvaus užstatymo gyvenamoji zona,U_GG_I_F,2,0,KT,197,1120.41,1120.41,100.0
552000100086,552000100086,0.0761,KlaipÓdos r. sav. GargUdÖ m. KlaipÓdos g. 44,995,Intensyvaus užstatymo gyvenamoji zona,U_GG_I_F,2,0,KT,197,761.55,761.55,100.0
552000100105,440020772401,0.0853,KlaipÓdos r. sav. GargUdÖ m. LemaitÓs g. 21,995,Intensyvaus užstatymo gyvenamoji zona,U_GG_I_F,2,0,KT,197,852.72,852.72,100.0
552000110209,440004795431,0.08,KlaipÓdos r. sav. GargUdÖ m. KnygneÕiÖ g. 19,995,Intensyvaus užstatymo gyvenamoji zona,U_GG_I_F,2,0,KT,197,800.32,800.32,100.0
552000140021,552000140021,0.1274,KlaipÓdos r. sav. GargUdÖ m. J. BasanaviNiaus g. 5,995,Intensyvaus užstatymo gyvenamoji zona,U_GG_I_F,2,0,KT,197,1274.6,1274.6,100.0
552000140084,552000140084,0.7595,KlaipÓdos r. sav. GargUdÖ m. BirutÓs g. 4,995,Intensyvaus užstatymo gyvenamoji zona,U_GG_I_F,2,0,KT,197,7600.64,7600.64,100.0
552000140084,552000140084,0.7595,KlaipÓdos r. sav. GargUdÖ m. BirutÓs g. 4,995,Ekstensyvaus užstatymo gyvenamoji zona,U_GG_E_F,"0,2*",0,KT,196,7600.64,0.0,0.0
552000150150,552000150150,0.0598,KlaipÓdos r. sav. GargUdÖ m. Skinijos tak. 16,610,Ekstensyvaus užstatymo gyvenamoji zona,U_GG_E_F,"0,2*",0,KT,196,543.88,543.88,100.0
552000150224,440029598290,0.0118,KlaipÓdos r. sav. GargUdÖ m. Paminijo tak. 16,610,"Bendro naudojimo erdvių, atskirųjų želdynų zona",U_BZ_F,"0,05",0,KT,195,118.03,68.96,58.43
552000150224,440029598290,0.0118,KlaipÓdos r. sav. GargUdÖ m. Paminijo tak. 16,610,Ekstensyvaus užstatymo gyvenamoji zona,U_GG_E_F,"0,2*",0,KT,196,118.03,49.07,41.57
552000150260,552000150260,0.0495,KlaipÓdos r. sav. GargUdÖ m. Dvarelio tak. 39,610,Ekstensyvaus užstatymo gyvenamoji zona,U_GG_E_F,"0,2*",0,KT,196,494.87,494.87,100.0
552000170259,552000140212,0.1576,KlaipÓdos r. sav. GargUdÖ m. J. BasanaviNiaus g. 82,995,Ekstensyvaus užstatymo gyvenamoji zona,U_GG_E_F,"0,2*",0,KT,196,1575.77,1575.77,100.0
552000170259,552000140212,0.1576,KlaipÓdos r. sav. GargUdÖ m. J. BasanaviNiaus g. 82,995,Intensyvaus užstatymo gyvenamoji zona,U_GG_I_F,2,0,KT,197,1575.77,0.0,0.0
552000180027,552000180027,0.0582,KlaipÓdos r. sav. GargUdÖ m. Derliaus tak. 7,610,Ekstensyvaus užstatymo gyvenamoji zona,U_GG_E_F,"0,2*",0,KT,196,582.26,582.26,100.0
552000180086,552000180086,0.05,KlaipÓdos r. sav. GargUdÖ m. SerbentÖ tak. 10,610,Ekstensyvaus užstatymo gyvenamoji zona,U_GG_E_F,"0,2*",0,KT,196,500.42,500.42,100.0
552000180105,552000180105,0.05,KlaipÓdos r. sav. GargUdÖ m. ObelÖ tak. 8,610,Ekstensyvaus užstatymo gyvenamoji zona,U_GG_E_F,"0,2*",0,KT,196,510.87,510.87,100.0
552000180177,552000180177,0.0998,KlaipÓdos r. sav. GargUdÖ m. BokÕto tak. 17,610,Ekstensyvaus užstatymo gyvenamoji zona,U_GG_E_F,"0,2*",0,KT,196,1000.3,1000.3,100.0
552000180237,552000180237,0.0431,KlaipÓdos r. sav. GargUdÖ m. VaismedUiÖ tak. 6,610,Ekstensyvaus užstatymo gyvenamoji zona,U_GG_E_F,"0,2*",0,KT,196,430.97,430.97,100.0
552000180318,552000180318,0.0428,KlaipÓdos r. sav. GargUdÖ m. StatybininkÖ tak. 22,610,Ekstensyvaus užstatymo gyvenamoji zona,U_GG_E_F,"0,2*",0,KT,196,395.25,395.25,100.0
552000190002,552000190002,5.9336,KlaipÓdos r. sav. GargUdÖ m. StatybininkÖ g. 5,995,Pramonės ir sandėliavimo zona,U_PS_F,"2,5",0,KT,215,4224.99,4224.99,100.0
552000190084,440039673046,0.1269,KlaipÓdos r. sav. GargUdÖ m. Gamyklos g. 27,995,Pramonės ir sandėliavimo zona,U_PS_F,"2,5",0,KT,215,1268.54,1268.54,100.0
552000200135,552000200135,0.05,KlaipÓdos r. sav. GargUdÖ m. Lemasis tak. 12,610,Mažo užstatymo intensyvumo gyvenamoji zona,U_GG_M_F,"0,4*",0,KT,233,515.3,515.3,100.0
552300020095,552300020095,0.15,KlaipÓdos r. sav. GinduliÖ k. Vylingio g. 11,995,Vidutinio užstatymo intensyvumo gyvenamoji zona,U_GG_V_F,"0,8*",0,KT,381,1500.55,1500.55,100.0
552300020097,552300020097,0.15,KlaipÓdos r. sav. GinduliÖ k. Vylingio g. 9,995,Vidutinio užstatymo intensyvumo gyvenamoji zona,U_GG_V_F,"0,8*",0,KT,381,1500.48,1500.48,100.0
552300020126,552300020126,0.2267,KlaipÓdos r. sav. GinduliÖ k.,610,Vidutinio užstatymo intensyvumo gyvenamoji zona,U_GG_V_F,"0,8*",0,KT,381,2266.8,2266.8,100.0
552300020318,440002053572,0.162,KlaipÓdos r. sav. GinduliÖ k. SaulÓs g. 7,995,Vidutinio užstatymo intensyvumo gyvenamoji zona,U_GG_V_F,"0,8*",0,KT,381,1620.12,1620.12,100.0
552300020345,440002592560,1.53,KlaipÓdos r. sav. GinduliÖ k.,610,Pramonės ir sandėliavimo zona,U_PS_F,"2,5",0,KT,365,15300.33,15300.33,100.0
552300020525,440008861081,0.1207,KlaipÓdos r. sav. GinduliÖ k. LiepÖ g. 14B,995,Vidutinio užstatymo intensyvumo gyvenamoji zona,U_GG_V_F,"0,8*",0,KT,381,1207.38,1207.38,100.0
552300020750,440017835578,0.0701,KlaipÓdos r. sav. GinduliÖ k. LiedÖ g. 2A,995,Vidutinio užstatymo intensyvumo gyvenamoji zona,U_GG_V_F,"0,8*",0,KT,381,700.57,700.57,100.0
552300020791,440019754559,0.1878,KlaipÓdos r. sav. GinduliÖ k.,995,Vidutinio užstatymo intensyvumo gyvenamoji zona,U_GG_V_F,"0,8*",0,KT,381,1878.17,1878.17,100.0
552300021011,440030065388,0.1105,KlaipÓdos r. sav. GinduliÖ k. AitvarÖ g. 23,995,Vidutinio užstatymo intensyvumo gyvenamoji zona,U_GG_V_F,"0,8*",0,KT,381,1104.71,1104.71,100.0
552300021040,440039126146,0.0848,KlaipÓdos r. sav. GinduliÖ k. SparnÖ g. 16,995,Vidutinio užstatymo intensyvumo gyvenamoji zona,U_GG_V_F,"0,8*",0,KT,381,848.22,848.22,100.0
552300030518,440015427397,0.06,KlaipÓdos r. sav. GinduliÖ k. AustÓjos g. 22,995,Vidutinio užstatymo intensyvumo gyvenamoji zona,U_GG_V_F,"0,8*",0,KT,381,600.18,600.18,100.0
552300030626,440019972815,0.1616,KlaipÓdos r. sav. MartinÖ k.,995,Vidutinio užstatymo intensyvumo gyvenamoji zona,U_GG_V_F,"0,8*",0,KT,381,1616.17,1616.17,100.0
552300030654,440020626168,0.08,KlaipÓdos r. sav. MartinÖ k.,995,Mažo užstatymo intensyvumo gyvenamoji zona,U_GG_M_F,"0,4*",0,KT,380,799.94,799.94,100.0
552300030661,440020628973,0.241,KlaipÓdos r. sav. MartinÖ k.,995,Mažo užstatymo intensyvumo gyvenamoji zona,U_GG_M_F,"0,4*",0,KT,380,2410.15,2410.15,100.0
552300030677,440020629505,0.0825,KlaipÓdos r. sav. MartinÖ k. DinvieNiÖ g. 34,995,Mažo užstatymo intensyvumo gyvenamoji zona,U_GG_M_F,"0,4*",0,KT,380,824.91,824.91,100.0
552300030795,440032193698,0.0928,KlaipÓdos r. sav. MartinÖ k. TenkyNiÖ g. 7,995,Mažo užstatymo intensyvumo gyvenamoji zona,U_GG_M_F,"0,4*",0,KT,380,927.46,927.46,100.0
552300030872,440039387478,0.124,KlaipÓdos r. sav. MartinÖ k. KuosÖ g. 7,995,Vidutinio užstatymo intensyvumo gyvenamoji zona,U_GG_V_F,"0,8*",0,KT,381,1239.8,1239.8,100.0
552300030874,440039388886,0.1271,KlaipÓdos r. sav. MartinÖ k. KuosÖ g. 3,995,Vidutinio užstatymo intensyvumo gyvenamoji zona,U_GG_V_F,"0,8*",0,KT,381,1270.83,1270.83,100.0
552300040085,552300040085,1.08,KlaipÓdos r. sav. KlemiÕkÓs II k.,610,Vidutinio užstatymo intensyvumo gyvenamoji zona,U_GG_V_F,"0,8*",0,KT,381,10800.24,10800.24,100.0
552300040170,440004160583,0.6801,KlaipÓdos r. sav. KlemiÕkÓs II k.,610,Vidutinio užstatymo intensyvumo gyvenamoji zona,U_GG_V_F,"0,8*",0,KT,381,6800.41,6800.41,100.0
552300040450,440016268318,0.1415,KlaipÓdos r. sav. KlemiÕkÓs II k. Elmonos g. 2,995,Vidutinio užstatymo intensyvumo gyvenamoji zona,U_GG_V_F,"0,8*",0,KT,381,1415.06,1415.06,100.0
552300040459,440017943767,0.0902,KlaipÓdos r. sav. KlemiÕkÓs II k. SmeltaitÓs g. 39,995,Vidutinio užstatymo intensyvumo gyvenamoji zona,U_GG_V_F,"0,8*",0,KT,381,901.55,901.55,100.0
552300040603,440022069183,0.0746,KlaipÓdos r. sav. KlemiÕkÓs II k.,995,Vidutinio užstatymo intensyvumo gyvenamoji zona,U_GG_V_F,"0,8*",0,KT,381,745.56,745.56,100.0
552300040689,440024653204,0.29,KlaipÓdos r. sav. KlemiÕkÓs II k.,610,Mažo užstatymo intensyvumo gyvenamoji zona,U_GG_M_F,"0,4*",0,KT,380,2845.95,2845.95,100.0
552300040732,440029191719,1.0,KlaipÓdos r. sav. KlemiÕkÓs II k.,610,Vidutinio užstatymo intensyvumo gyvenamoji zona,U_GG_V_F,"0,8*",0,KT,381,9999.6,9999.6,100.0
552300040765,440030782657,0.2728,KlaipÓdos r. sav. KlemiÕkÓs II k.,995,Vidutinio užstatymo intensyvumo gyvenamoji zona,U_GG_V_F,"0,8*",0,KT,381,2724.32,2724.32,100.0
552300040776,440030783476,0.0707,KlaipÓdos r. sav. KlemiÕkÓs II k. AuÕrinÓs g. 4,995,Vidutinio užstatymo intensyvumo gyvenamoji zona,U_GG_V_F,"0,8*",0,KT,381,707.38,707.38,100.0
552300040891,440046164836,0.0903,KlaipÓdos r. sav. KlemiÕkÓs II k. SmalupÓs g. 10,995,Vidutinio užstatymo intensyvumo gyvenamoji zona,U_GG_V_F,"0,8*",0,KT,381,902.76,902.76,100.0
552300040940,440047112910,0.0861,KlaipÓdos r. sav. KlemiÕkÓs II k. GyventÓs g. 3,995,Vidutinio užstatymo intensyvumo gyvenamoji zona,U_GG_V_F,"0,8*",0,KT,381,860.83,860.83,100.0
552300040964,440047868997,0.1,KlaipÓdos r. sav. KlemiÕkÓs II k. UosupÓnÖ g. 1,995,Vidutinio užstatymo intensyvumo gyvenamoji zona,U_GG_V_F,"0,8*",0,KT,381,999.89,999.89,100.0
552300050055,440002072080,4.4052,KlaipÓdos r. sav. BaukÕtininkÖ k.,610,Ekstensyvaus užstatymo gyvenamoji zona,U_GG_E_F,"0,2*",0,KT,404,44052.11,44052.11,100.0
552300050170,552300050170,2.88,KlaipÓdos r. sav. BaukÕtininkÖ k.,610,Mažo užstatymo intensyvumo gyvenamoji zona,U_GG_M_F,"0,4*",0,KT,411,28370.68,28370.68,100.0
552300050197,440049820713,0.5832,KlaipÓdos r. sav. LemgrindUiÖ k. Evos LabutytÓs g. 52,995,Ekstensyvaus užstatymo gyvenamoji zona,U_GG_E_F,"0,2*",0,KT,404,5832.58,5832.58,100.0
552300050369,440023983657,0.1529,KlaipÓdos r. sav. BaukÕtininkÖ k. BaukÕtkaralÓs g. 18,995,Ekstensyvaus užstatymo gyvenamoji zona,U_GG_E_F,"0,2*",0,KT,404,1529.31,1529.31,100.0
552300050412,440050777094,0.1372,KlaipÓdos r. sav. BaukÕtininkÖ k.,995,Ekstensyvaus užstatymo gyvenamoji zona,U_GG_E_F,"0,2*",0,KT,404,1371.96,1371.96,100.0
552300060353,440012769947,0.12,KlaipÓdos r. sav. LeliÖ k. GumbinÓs g. 13,995,Mažo užstatymo intensyvumo gyvenamoji zona,U_GG_M_F,"0,4*",0,KT,380,1200.19,1200.19,100.0
552300060449,440018623328,0.09,KlaipÓdos r. sav. LeliÖ k.,995,Mažo užstatymo intensyvumo gyvenamoji zona,U_GG_M_F,"0,4*",0,KT,411,900.0,900.0,100.0
552300060518,440022152969,0.0945,KlaipÓdos r. sav. LeliÖ k. SkaisgiriÖ g. 50,995,Mažo užstatymo intensyvumo gyvenamoji zona,U_GG_M_F,"0,4*",0,KT,380,945.12,945.12,100.0
552300060540,440022172583,0.0973,KlaipÓdos r. sav. LeliÖ k. SkaisgiriÖ g. 73,995,Mažo užstatymo intensyvumo gyvenamoji zona,U_GG_M_F,"0,4*",0,KT,380,972.66,972.66,100.0
552300060739,440051571387,0.0981,KlaipÓdos r. sav. LeliÖ k. BarNiÖ g. 4,995,Mažo užstatymo intensyvumo gyvenamoji zona,U_GG_M_F,"0,4*",0,KT,380,981.0,981.0,100.0
552300070019,552300070019,4.62,KlaipÓdos r. sav. KlausmyliÖ vs.,610,Mažo užstatymo intensyvumo gyvenamoji zona,U_GG_M_F,"0,4*",0,KT,380,46237.62,46237.62,100.0
552300070098,440009826833,0.023,KlaipÓdos r. sav. KlausmyliÖ vs.,610,Mažo užstatymo intensyvumo gyvenamoji zona,U_GG_M_F,"0,4*",0,KT,380,230.15,230.15,100.0
552300070100,440009826944,0.1,KlaipÓdos r. sav. KlausmyliÖ vs. ¾ilko g. 6,610,Mažo užstatymo intensyvumo gyvenamoji zona,U_GG_M_F,"0,4*",0,KT,380,999.82,999.82,100.0
552300070273,440027562309,0.1219,KlaipÓdos r. sav. LeliÖ k. Eitk×nÖ g. 7,995,Mažo užstatymo intensyvumo gyvenamoji zona,U_GG_M_F,"0,4*",0,KT,380,1219.29,1219.29,100.0
552300070342,440046063398,0.1044,KlaipÓdos r. sav. KlausmyliÖ vs. VikiÖ g. 15,995,Mažo užstatymo intensyvumo gyvenamoji zona,U_GG_M_F,"0,4*",0,KT,380,1044.19,1044.19,100.0
552300070351,440046061268,0.1062,KlaipÓdos r. sav. KlausmyliÖ vs. VikiÖ g. 33,995,Mažo užstatymo intensyvumo gyvenamoji zona,U_GG_M_F,"0,4*",0,KT,380,1061.79,1061.79,100.0
552300080064,552300080064,0.069,KlaipÓdos r. sav. LeliÖ k. AlyvÖ g. 7,610,Mažo užstatymo intensyvumo gyvenamoji zona,U_GG_M_F,"0,4*",0,KT,380,689.95,689.95,100.0
552300080134,552300080134,0.0612,KlaipÓdos r. sav. LeliÖ k. RugiagÓliÖ g. 38,610,Mažo užstatymo intensyvumo gyvenamoji zona,U_GG_M_F,"0,4*",0,KT,380,611.86,611.86,100.0
552300080168,552300080168,0.06,KlaipÓdos r. sav. LeliÖ k. RugiagÓliÖ g. 27,610,Mažo užstatymo intensyvumo gyvenamoji zona,U_GG_M_F,"0,4*",0,KT,380,598.21,598.21,100.0
552300090386,440052689320,0.3166,KlaipÓdos r. sav. KlausmyliÖ vs. Klauso Mal×no g. 1,995,Vidutinio užstatymo intensyvumo gyvenamoji zona,U_GG_V_F,"0,8*",0,KT,381,3166.29,3166.29,100.0
552500010041,552500010041,5.73,KlaipÓdos r. sav. GirininkÖ k.,610,Miškų ir miškingų teritorijų zona,MI_F,0,0,M,107,9896.0,6300.76,63.67
552500010041,552500010041,5.73,KlaipÓdos r. sav. GirininkÖ k.,610,Žemės ūkio teritorijų zona,ZU_F,"0,05;0,8***",0,Z;KT,73,9896.0,3595.24,36.33
552500010132,440014591667,2.0,KlaipÓdos r. sav. GirininkÖ k. PamiÕkÓs g. 13,610,Žemės ūkio teritorijų zona,ZU_F,"0,05;0,8***",0,Z;KT,73,19999.81,19999.81,100.0
552500020195,440014694787,0.305,KlaipÓdos r. sav. GirininkÖ k.,610,Mažo užstatymo intensyvumo gyvenamoji zona,U_GG_M_F,"0,4*",0,KT,72,3052.26,3052.26,100.0
552500020223,440016929274,0.38,KlaipÓdos r. sav. GirininkÖ k. Tvenkinio g. 11,995,Mažo užstatymo intensyvumo gyvenamoji zona,U_GG_M_F,"0,4*",0,KT,72,3515.29,3515.29,100.0
552500020241,440016958144,0.38,KlaipÓdos r. sav. GirininkÖ k.,610,Mažo užstatymo intensyvumo gyvenamoji zona,U_GG_M_F,"0,4*",0,KT,72,3647.83,3647.83,100.0
552500020281,440024057460,5.1261,KlaipÓdos r. sav. GirininkÖ k.,610,Žemės ūkio teritorijų zona,ZU_F,"0,05;0,8***",0,Z;KT,70,51261.17,51261.17,100.0
552500030061,440046225443,0.3987,KlaipÓdos r. sav. GirininkÖ k.,610,Žemės ūkio teritorijų zona,ZU_F,"0,05;0,8***",0,Z;KT,70,3987.3,3987.3,100.0
552500040172,440007821714,1.0,KlaipÓdos r. sav. AntkopNio k.,710,Miškų ir miškingų teritorijų zona,MI_F,0,0,M;KT,59,10491.79,9834.17,93.73
552500040172,440007821714,1.0,KlaipÓdos r. sav. AntkopNio k.,710,Žemės ūkio teritorijų zona,ZU_F,"0,05;0,8***",0,Z;KT,66,10491.79,374.46,3.57
552500040172,440007821714,1.0,KlaipÓdos r. sav. AntkopNio k.,710,Žemės ūkio teritorijų zona,ZU_F,"0,05;0,8***",0,Z;KT,60,10491.79,283.16,2.7
552500040198,440009579797,2.41,KlaipÓdos r. sav. AntkopNio k.,610,Žemės ūkio teritorijų zona,ZU_F,"0,05;0,8***",0,Z;KT,70,25347.47,19296.13,76.13
552500040198,440009579797,2.41,KlaipÓdos r. sav. AntkopNio k.,610,Žemės ūkio teritorijų zona,ZU_F,"0,05;0,8***",0,Z;KT,60,25347.47,5931.99,23.4
552500040198,440009579797,2.41,KlaipÓdos r. sav. AntkopNio k.,610,Miškų ir miškingų teritorijų zona,MI_F,0,0,M;KT,59,25347.47,119.35,0.47
552500040251,440016964495,0.7,KlaipÓdos r. sav. KiaulakiÖ k.,610,Žemės ūkio teritorijų zona,ZU_F,"0,05;0,8***",0,Z;KT,66,6784.74,6784.74,100.0
552500050040,552500050040,4.0,KlaipÓdos r. sav. StirbiÖ k.,710,Miškų ir miškingų teritorijų zona,MI_F,0,0,M;KT,74,38141.95,37777.91,99.05
552500050040,552500050040,4.0,KlaipÓdos r. sav. StirbiÖ k.,710,Žemės ūkio teritorijų zona,ZU_F,"0,05;0,8***",0,Z;KT,75,38141.95,364.04,0.95
552500050075,552500050075,10.0,KlaipÓdos r. sav. StirbiÖ k.,710,Miškų ir miškingų teritorijų zona,MI_F,0,0,M;KT,74,98785.13,90845.59,91.96
552500050075,552500050075,10.0,KlaipÓdos r. sav. StirbiÖ k.,710,Žemės ūkio teritorijų zona,ZU_F,"0,05;0,8***",0,Z;KT,73,98785.13,6090.16,6.17
552500050075,552500050075,10.0,KlaipÓdos r. sav. StirbiÖ k.,710,Žemės ūkio teritorijų zona,ZU_F,"0,05;0,8***",0,Z;KT,75,98785.13,1849.37,1.87
552500050099,440003393406,13.59,KlaipÓdos r. sav. StirbiÖ k.,610,Žemės ūkio teritorijų zona,ZU_F,"0,05;0,8***",0,Z;KT,60,133861.06,101965.2,76.17
552500050099,440003393406,13.59,KlaipÓdos r. sav. StirbiÖ k.,610,Miškų ir miškingų teritorijų zona,MI_F,0,0,M;KT,59,133861.06,27005.79,20.17
552500050099,440003393406,13.59,KlaipÓdos r. sav. StirbiÖ k.,610,Miškų ir miškingų teritorijų zona,MI_F,0,0,M;KT,74,133861.06,2685.5,2.01
552500050099,440003393406,13.59,KlaipÓdos r. sav. StirbiÖ k.,610,Žemės ūkio teritorijų zona,ZU_F,"0,05;0,8***",0,Z;KT,75,133861.06,2204.58,1.65
552500050114,440004411952,0.86,KlaipÓdos r. sav. StirbiÖ k.,610,Žemės ūkio teritorijų zona,ZU_F,"0,05;0,8***",0,Z;KT,73,8566.56,8566.56,100.0
552500050185,440016462514,4.150000000000001,KlaipÓdos r. sav. AntkopNio k.,610,Žemės ūkio teritorijų zona,ZU_F,"0,05;0,8***",0,Z;KT,75,40200.91,32947.53,81.96
552500050185,440016462514,4.150000000000001,KlaipÓdos r. sav. AntkopNio k.,610,Žemės ūkio teritorijų zona,ZU_F,"0,05;0,8***",0,Z;KT,60,40200.91,7253.37,18.04
552500060131,440005932414,0.37,KlaipÓdos r. sav. StirbiÖ k. BroUiÖ g. 15,995,Mažo užstatymo intensyvumo gyvenamoji zona,U_GG_M_F,"0,4*",0,KT,77,3577.52,3577.52,100.0
552500070147,440009643632,0.72,KlaipÓdos r. sav. BroUiÖ k.,710,Miškų ir miškingų teritorijų zona,MI_F,0,0,M,102,7233.68,7233.68,100.0
552500080042,552500080042,11.4346,KlaipÓdos r. sav. RuigiÖ k.,610,Žemės ūkio teritorijų zona,ZU_F,"0,05;0,8***",0,Z;KT,586,114345.9,114345.9,100.0
552500080105,440003235716,2.9292,KlaipÓdos r. sav. BroUiÖ k.,610,Žemės ūkio teritorijų zona,ZU_F,"0,1;0,8***",0,Z;KT,81,29291.94,29148.09,99.51
552500080105,440003235716,2.9292,KlaipÓdos r. sav. BroUiÖ k.,610,Miškų ir miškingų teritorijų zona,MI_F,0,0,M,102,29291.94,143.85,0.49
552500080115,440004155773,4.230000000000001,KlaipÓdos r. sav. BroUiÖ k.,710,Miškų ir miškingų teritorijų zona,MI_F,0,0,M,102,42236.96,41151.02,97.43
552500080115,440004155773,4.230000000000001,KlaipÓdos r. sav. BroUiÖ k.,710,Žemės ūkio teritorijų zona,ZU_F,"0,05;0,8***",0,Z;KT,586,42236.96,1085.94,2.57
552500080137,440006954450,0.87,KlaipÓdos r. sav. BroUiÖ k.,610,Žemės ūkio teritorijų zona,ZU_F,"0,1;0,8***",0,Z;KT,81,8713.52,8713.52,100.0
552500080138,440007417852,2.47,KlaipÓdos r. sav. RuigiÖ k.,610,Žemės ūkio teritorijų zona,ZU_F,"0,05;0,8***",0,Z;KT,586,24800.93,24800.93,100.0
552500080220,440016929520,1.85,KlaipÓdos r. sav. BroUiÖ k.,610,Žemės ūkio teritorijų zona,ZU_F,"0,1;0,8***",0,Z;KT,81,17747.07,17606.55,99.21
552500080220,440016929520,1.85,KlaipÓdos r. sav. BroUiÖ k.,610,Miškų ir miškingų teritorijų zona,MI_F,0,0,M,102,17747.07,140.52,0.79
552800010077,552800010077,0.8,KlaipÓdos r. sav. KarklÓs k.,710,Miškų ir miškingų teritorijų zona,MI_F,0,0,M,439,7999.22,6301.68,78.78
552800010077,552800010077,0.8,KlaipÓdos r. sav. KarklÓs k.,710,Ekstensyvaus užstatymo gyvenamoji zona,U_GG_E_F,"0,2",0,KT,440,7999.22,1697.53,21.22
552800010077,552800010077,0.8,KlaipÓdos r. sav. KarklÓs k.,710,Miškų ir miškingų teritorijų zona,MI_F,0,0,M;KT,33,7999.22,0.01,0.0
552800010096,552800010096,0.2964,KlaipÓdos r. sav. KukuliÕkiÖ k. Vyd×no g. 5,995,Žemės ūkio teritorijų zona,ZU_F,"0,05;0,8***",0,Z;KT,10,2965.05,2817.23,95.01
552800010096,552800010096,0.2964,KlaipÓdos r. sav. KukuliÕkiÖ k. Vyd×no g. 5,995,Miškų ir miškingų teritorijų zona,MI_F,0,0,M,8,2965.05,147.83,4.99
552800010170,552800010170,0.1216,KlaipÓdos r. sav. NormantÖ k. MÓguvos g. 13,995,Ekstensyvaus užstatymo gyvenamoji zona,U_GG_E_F,"0,2*",0,KT,101,1216.21,1216.21,100.0
552800010253,552800010253,0.1217,KlaipÓdos r. sav. NormantÖ k. Pilsoto g. 68,995,Ekstensyvaus užstatymo gyvenamoji zona,U_GG_E_F,"0,2*",0,KT,101,1217.33,1217.33,100.0
552800010282,552800010282,0.1443,KlaipÓdos r. sav. NormantÖ k. Pilsoto g. 85,995,Ekstensyvaus užstatymo gyvenamoji zona,U_GG_E_F,"0,2*",0,KT,101,1443.6,1443.6,100.0
552800010294,552800010294,0.1216,KlaipÓdos r. sav. NormantÖ k. Pilsoto g. 98,995,Ekstensyvaus užstatymo gyvenamoji zona,U_GG_E_F,"0,2*",0,KT,101,1216.81,1216.81,100.0
552800010299,552800010299,30.438,KlaipÓdos r. sav. NormantÖ k.,995,Ekstensyvaus užstatymo gyvenamoji zona,U_GG_E_F,"0,2*",0,KT,101,3797.48,3797.48,100.0
552800010369,552800010369,1.22,KlaipÓdos r. sav. BendikÖ k.,610,Žemės ūkio teritorijų zona,ZU_F,"0,05",0,Z;KT,469,11367.14,11367.14,100.0
552800010592,440004831549,0.22,KlaipÓdos r. sav. BendikÖ k.,610,Žemės ūkio teritorijų zona,ZU_F,"0,05",0,Z;KT,469,2111.7,2111.7,100.0
552800010793,440016030527,0.17,KlaipÓdos r. sav. KalotÓs k. Adomo Brako g. 45,995,Ekstensyvaus užstatymo gyvenamoji zona,U_GG_E_F,"0,2*",0,KT,101,1699.87,1699.87,100.0
552800010793,440016030527,0.17,KlaipÓdos r. sav. KalotÓs k. Adomo Brako g. 45,995,Mažo užstatymo intensyvumo gyvenamoji zona,U_GG_M_F,"0,4*",0,KT,79,1699.87,0.0,0.0
552800010818,440016482118,0.0937,KlaipÓdos r. sav. NormantÖ k. NormantÖ g. 12,995,Ekstensyvaus užstatymo gyvenamoji zona,U_GG_E_F,"0,2*",0,KT,165,936.57,936.57,100.0
552800010965,440023982981,0.0969,KlaipÓdos r. sav. KalotÓs k. SodÖ g.,995,Mažo užstatymo intensyvumo gyvenamoji zona,U_GG_M_F,"0,4*",0,KT,79,968.42,968.42,100.0
552800011047,440051111330,1.1001,KlaipÓdos r. sav. BendikÖ k.,610,Žemės ūkio teritorijų zona,ZU_F,"0,05",0,Z;KT,469,11000.52,11000.52,100.0
552800020128,552800020128,0.1493,KlaipÓdos r. sav. KunkiÖ k. BerUÖ g. 2,995,Ekstensyvaus užstatymo gyvenamoji zona,U_GG_E_F,"0,2*",0,KT,101,1493.4,1493.4,100.0
552800020322,440003616246,1.4,KlaipÓdos r. sav. DarguUiÖ k.,610,Ekstensyvaus užstatymo gyvenamoji zona,U_GG_E_F,"0,2*",0,KT,101,14000.38,14000.38,100.0
552800020429,440012512056,0.1959,KlaipÓdos r. sav. DarguUiÖ k. KalviukÖ g. 3,995,Ekstensyvaus užstatymo gyvenamoji zona,U_GG_E_F,"0,2*",0,KT,101,1962.11,1962.11,100.0
552800020517,440016107347,0.228,KlaipÓdos r. sav. DarguUiÖ k.,995,Ekstensyvaus užstatymo gyvenamoji zona,U_GG_E_F,"0,2*",0,KT,101,2280.0,2280.0,100.0
552800020656,440049995296,0.0378,KlaipÓdos r. sav. DarguUiÖ k.,995,Ekstensyvaus užstatymo gyvenamoji zona,U_GG_E_F,"0,2*",0,KT,101,377.76,377.76,100.0
552800040106,552800040106,2.79,KlaipÓdos r. sav. ¾aipiÖ k.,610,Žemės ūkio teritorijų zona,ZU_F,"0,05",0,Z;KT,247,30131.76,30131.44,100.0
552800040106,552800040106,2.79,KlaipÓdos r. sav. ¾aipiÖ k.,610,Miškų ir miškingų teritorijų zona,MI_F,0,0,M,246,30131.76,0.31,0.0
552800040127,552800040127,1.0,KlaipÓdos r. sav. ¾aipiÖ k.,610,Žemės ūkio teritorijų zona,ZU_F,"0,05",0,Z;KT,247,10877.24,9420.09,86.6
552800040127,552800040127,1.0,KlaipÓdos r. sav. ¾aipiÖ k.,610,Miškų ir miškingų teritorijų zona,MI_F,0,0,M,246,10877.24,1081.13,9.94
552800040127,552800040127,1.0,KlaipÓdos r. sav. ¾aipiÖ k.,610,Ekstensyvaus užstatymo gyvenamoji zona,U_GG_E_F,"0,2*",0,KT,101,10877.24,309.06,2.84
552800040127,552800040127,1.0,KlaipÓdos r. sav. ¾aipiÖ k.,610,Miškų ir miškingų teritorijų zona,MI_F,0,0,M,100,10877.24,66.97,0.62
552800040361,440006487943,0.29,KlaipÓdos r. sav. Bruzdeilyno k. ApUvalgos g. 11,995,Ekstensyvaus užstatymo gyvenamoji zona,U_GG_E_F,"0,2*",0,KT,165,2899.91,2899.91,100.0
552800040385,440007560416,0.0511,KlaipÓdos r. sav. GrabiÖ k.,995,Ekstensyvaus užstatymo gyvenamoji zona,U_GG_E_F,"0,2*",0,KT,101,511.13,511.13,100.0
552800040473,440009418760,0.2,KlaipÓdos r. sav. DarguUiÖ k.,995,Ekstensyvaus užstatymo gyvenamoji zona,U_GG_E_F,"0,2*",0,KT,101,2000.29,2000.29,100.0
552800040724,440012354082,0.201,KlaipÓdos r. sav. Bruzdeilyno k. PaÕaltinio g. 32,995,Ekstensyvaus užstatymo gyvenamoji zona,U_GG_E_F,"0,2*",0,KT,101,2009.74,2009.74,100.0
552800040752,440012889346,1.3,KlaipÓdos r. sav. GrabiÖ k.,610,Ekstensyvaus užstatymo gyvenamoji zona,U_GG_E_F,"0,2*",0,KT,101,13004.84,13004.84,100.0
552800040764,440014792755,0.159,KlaipÓdos r. sav. GrabiÖ k.,995,Ekstensyvaus užstatymo gyvenamoji zona,U_GG_E_F,"0,2*",0,KT,101,1589.98,1589.98,100.0
552800040784,440014823751,0.2,KlaipÓdos r. sav. GrabiÖ k. NaktiUiedUiÖ g. 3,995,Ekstensyvaus užstatymo gyvenamoji zona,U_GG_E_F,"0,2*",0,KT,101,1999.93,1999.93,100.0
552800040789,440014883320,0.2,KlaipÓdos r. sav. GrabiÖ k. NaktiUiedUiÖ g. 6,995,Ekstensyvaus užstatymo gyvenamoji zona,U_GG_E_F,"0,2*",0,KT,101,2000.21,2000.21,100.0
552800040835,440015218785,0.2076,KlaipÓdos r. sav. DarguUiÖ k. VokieNiÖ g. 13,995,Ekstensyvaus užstatymo gyvenamoji zona,U_GG_E_F,"0,2*",0,KT,101,2075.61,2075.61,100.0
552800040841,440015219517,0.2235,KlaipÓdos r. sav. DarguUiÖ k. LietuvininkÖ g. 15,995,Ekstensyvaus užstatymo gyvenamoji zona,U_GG_E_F,"0,2*",0,KT,101,2235.15,2235.15,100.0
552800041161,440044269129,0.5229,KlaipÓdos r. sav. DarguUiÖ k. PeskojÖ g. 1A,995,Pramonės ir sandėliavimo zona,U_PS_F,"2,5",0,KT,367,5228.84,5228.84,100.0
552800041216,440048862586,0.1045,KlaipÓdos r. sav. DarguUiÖ k.,995,Ekstensyvaus užstatymo gyvenamoji zona,U_GG_E_F,"0,2*",0,KT,101,1044.53,1044.53,100.0
552800060059,552800060059,1.3459,KlaipÓdos r. sav. GirkaliÖ k.,610,Ekstensyvaus užstatymo gyvenamoji zona,U_GG_E_F,"0,2*",0,KT,116,13459.19,7070.26,52.53
552800060059,552800060059,1.3459,KlaipÓdos r. sav. GirkaliÖ k.,610,Pramonės ir sandėliavimo zona,U_PS_F,"2,5",0,KT,367,13459.19,6388.93,47.47
552800060170,440041950809,0.0934,KlaipÓdos r. sav. GirkaliÖ k. Pasagos g. 5,995,Mažo užstatymo intensyvumo gyvenamoji zona,U_GG_M_F,"0,4*",0,KT,142,934.21,934.21,100.0
552800060194,440050362348,0.1204,KlaipÓdos r. sav. GirkaliÖ k.,610,Mažo užstatymo intensyvumo gyvenamoji zona,U_GG_M_F,"0,4*",0,KT,142,1203.67,1203.67,100.0
552800060249,440006158498,1.28,KlaipÓdos r. sav. Graud×ÕiÖ k.,610,Ekstensyvaus užstatymo gyvenamoji zona,U_GG_E_F,"0,2*",0,KT,116,13441.67,8238.61,61.29
552800060249,440006158498,1.28,KlaipÓdos r. sav. Graud×ÕiÖ k.,610,Pramonės ir sandėliavimo zona,U_PS_F,"2,5",0,KT,367,13441.67,5203.07,38.71
552800060298,440008907328,0.15,KlaipÓdos r. sav. GirkaliÖ k.,610,Mažo užstatymo intensyvumo gyvenamoji zona,U_GG_M_F,"0,4*",0,KT,142,1384.29,1384.29,100.0
552800060401,440013702460,0.1501,KlaipÓdos r. sav. GirkaliÖ k. Lalvario g. 7,995,Mažo užstatymo intensyvumo gyvenamoji zona,U_GG_M_F,"0,4*",0,KT,142,1501.44,1501.44,100.0
552800060457,440015632498,0.1359,KlaipÓdos r. sav. GirkaliÖ k. Sidabro g. 12,995,Mažo užstatymo intensyvumo gyvenamoji zona,U_GG_M_F,"0,4*",0,KT,142,1359.04,1359.04,100.0
552800060568,440024366201,0.0848,KlaipÓdos r. sav. Graud×ÕiÖ k. GeguUraibiÖ g. 8,995,Ekstensyvaus užstatymo gyvenamoji zona,U_GG_E_F,"0,2*",0,KT,165,847.37,847.37,100.0
552800070036,552800070036,0.8,KlaipÓdos r. sav. GirkaliÖ k.,610,Mažo užstatymo intensyvumo gyvenamoji zona,U_GG_M_F,"0,4*",0,KT,142,8562.41,8562.41,100.0
552800070169,440039305969,0.06,KlaipÓdos r. sav. GibiÕÓliÖ k.,995,Mažo užstatymo intensyvumo gyvenamoji zona,U_GG_M_F,"0,4*",0,KT,142,600.01,600.01,100.0
552800070372,552800070372,1.7348,KlaipÓdos r. sav. Let×kÖ k.,610,Ekstensyvaus užstatymo gyvenamoji zona,U_GG_E_F,"0,2*",0,KT,165,17348.13,17348.13,100.0
552800070597,440014910226,0.0368,KlaipÓdos r. sav. Let×kÖ k.,995,Ekstensyvaus užstatymo gyvenamoji zona,U_GG_E_F,"0,2*",0,KT,165,367.86,367.86,100.0
552800070609,440014911445,0.0438,KlaipÓdos r. sav. Let×kÖ k.,995,Ekstensyvaus užstatymo gyvenamoji zona,U_GG_E_F,"0,2*",0,KT,165,437.95,437.95,100.0
552800070615,440014910091,0.15,KlaipÓdos r. sav. Let×kÖ k.,995,Ekstensyvaus užstatymo gyvenamoji zona,U_GG_E_F,"0,2*",0,KT,165,1499.87,1499.87,100.0
552800070643,440014910259,0.1071,KlaipÓdos r. sav. Let×kÖ k.,995,Ekstensyvaus užstatymo gyvenamoji zona,U_GG_E_F,"0,2*",0,KT,165,1070.98,1070.98,100.0
552800070751,440018007495,0.163,KlaipÓdos r. sav. GirkaliÖ k.,995,Mažo užstatymo intensyvumo gyvenamoji zona,U_GG_M_F,"0,4*",0,KT,142,1623.13,1623.13,100.0
552800080070,552800080070,2.4785,KlaipÓdos r. sav. LankuNiÖ k.,610,Ekstensyvaus užstatymo gyvenamoji zona,U_GG_E_F,"0,2*",0,KT,165,24785.18,24630.6,99.38
552800080070,552800080070,2.4785,KlaipÓdos r. sav. LankuNiÖ k.,610,Miškų ir miškingų teritorijų zona,MI_F,0,0,M,164,24785.18,154.57,0.62
552800080168,440009020997,1.29,KlaipÓdos r. sav. LankuNiÖ k.,610,Ekstensyvaus užstatymo gyvenamoji zona,U_GG_E_F,"0,2*",0,KT,165,14038.83,14038.83,100.0
552800080225,440020487452,2.2601,KlaipÓdos r. sav. LankuNiÖ k.,610,Žemės ūkio teritorijų zona,ZU_F,"0,05;0,8***",0,Z;KT,192,22600.24,22600.24,100.0
552800090117,440010645291,0.0772,KlaipÓdos r. sav. LankuNiÖ k.,610,Žemės ūkio teritorijų zona,ZU_F,"0,05;0,8***",0,Z;KT,192,772.17,772.17,100.0
552800090153,440010646794,0.1011,KlaipÓdos r. sav. LankuNiÖ k.,610,Žemės ūkio teritorijų zona,ZU_F,"0,05;0,8***",0,Z;KT,192,1011.44,1011.44,100.0
552800090160,440010647000,0.0819,KlaipÓdos r. sav. LankuNiÖ k.,610,Žemės ūkio teritorijų zona,ZU_F,"0,05;0,8***",0,Z;KT,192,819.38,819.38,100.0
552800090201,440010654080,0.0617,KlaipÓdos r. sav. LankuNiÖ k.,610,Žemės ūkio teritorijų zona,ZU_F,"0,05;0,8***",0,Z;KT,192,616.5,616.5,100.0
552800090204,440010654190,0.0614,KlaipÓdos r. sav. LankuNiÖ k.,610,Žemės ūkio teritorijų zona,ZU_F,"0,05;0,8***",0,Z;KT,192,613.94,613.94,100.0
552800090205,440010654236,82.3678,KlaipÓdos r. sav. LankuNiÖ k.,610,Žemės ūkio teritorijų zona,ZU_F,"0,05;0,8***",0,Z;KT,192,5157.92,5157.92,100.0
552800100023,552800100023,0.06,KlaipÓdos r. sav. KalotÓs k. NendriÖ g. 4,610,Mažo užstatymo intensyvumo gyvenamoji zona,U_GG_M_F,"0,4",0,KT,518,577.32,577.32,100.0
552800100113,552800100113,0.0633,KlaipÓdos r. sav. KalotÓs k. GandrÖ g. 3,610,Mažo užstatymo intensyvumo gyvenamoji zona,U_GG_M_F,"0,4",0,KT,518,632.63,632.63,100.0
553000010101,553000010101,1.0016,KlaipÓdos r. sav. SudmantÖ k.,610,Pramonės ir sandėliavimo zona,U_PS_F,"2,5",0,KT,355,10013.94,10013.94,100.0
553000010157,440001972065,1.66,KlaipÓdos r. sav. SudmantÖ k.,610,Vidutinio užstatymo intensyvumo gyvenamoji zona,U_GG_V_F,"0,8*",0,KT,381,16600.41,16600.41,100.0
553000010273,440020129193,0.1083,KlaipÓdos r. sav. SudmantÖ k.,995,Vidutinio užstatymo intensyvumo gyvenamoji zona,U_GG_V_F,"0,8*",0,KT,381,1082.88,1082.88,100.0
553000020128,440011240530,1.1741,KlaipÓdos r. sav. LeliÖ k.,610,Mažo užstatymo intensyvumo gyvenamoji zona,U_GG_M_F,"0,4*",0,KT,411,11741.33,11741.33,100.0
553000030110,440003015476,2.88,KlaipÓdos r. sav. JakÖ k.,610,Mažo užstatymo intensyvumo gyvenamoji zona,U_GG_M_F,"0,4*",0,KT,206,29619.99,29619.99,100.0
553000030389,440015048718,0.0985,KlaipÓdos r. sav. JakÖ k. PakalnuNiÖ g. 50,995,Mažo užstatymo intensyvumo gyvenamoji zona,U_GG_M_F,"0,4*",0,KT,206,985.09,985.09,100.0
553000030417,440015051277,0.1066,KlaipÓdos r. sav. JakÖ k. PakalnuNiÖ g. 3,995,Mažo užstatymo intensyvumo gyvenamoji zona,U_GG_M_F,"0,4*",0,KT,206,1066.47,1066.47,100.0
553000030475,440024736370,0.15,KlaipÓdos r. sav. JakÖ k. Vasarojaus g. 31,995,Mažo užstatymo intensyvumo gyvenamoji zona,U_GG_M_F,"0,4*",0,KT,206,1500.27,1500.27,100.0
553000040008,553000040008,0.1099,KlaipÓdos r. sav. JakÖ k. PaÕto g. 24,995,Vidutinio užstatymo intensyvumo gyvenamoji zona,U_GG_V_F,"0,8*",0,KT,207,1099.24,1099.24,100.0
553000040014,553000040014,0.1098,KlaipÓdos r. sav. JakÖ k. PaÕto g. 30,995,Vidutinio užstatymo intensyvumo gyvenamoji zona,U_GG_V_F,"0,8*",0,KT,207,1099.83,1099.83,100.0
553000040203,553000040203,0.15,KlaipÓdos r. sav. JakÖ k.,610,Vidutinio užstatymo intensyvumo gyvenamoji zona,U_GG_V_F,"0,8*",0,KT,207,1542.56,1542.56,100.0
553000050261,553000050261,6.13,KlaipÓdos r. sav. ¾vepeliÖ k.,610,Pramonės ir sandėliavimo zona,U_PS_F,"2,5",0,KT,352,61299.95,61091.11,99.66
553000050261,553000050261,6.13,KlaipÓdos r. sav. ¾vepeliÖ k.,610,Vidutinio užstatymo intensyvumo gyvenamoji zona,U_GG_V_F,"0,8*",0,KT,207,61299.95,208.84,0.34
553000050560,440003808046,0.12,KlaipÓdos r. sav. BudrikÖ k. L×UÖ g. 4,995,Vidutinio užstatymo intensyvumo gyvenamoji zona,U_GG_V_F,"0,8*",0,KT,207,1200.13,1200.13,100.0
553000050612,440004860508,0.9,KlaipÓdos r. sav. JakÖ k.,610,Vidutinio užstatymo intensyvumo gyvenamoji zona,U_GG_V_F,"0,8*",0,KT,207,8999.61,8999.61,100.0
553000050820,440014957947,1.2831,KlaipÓdos r. sav. JakÖ k.,610,Vidutinio užstatymo intensyvumo gyvenamoji zona,U_GG_V_F,"0,8*",0,KT,207,12831.33,12831.33,100.0
553000050917,440017996536,0.1502,KlaipÓdos r. sav. ¾vepeliÖ k. LiemgaliÖ g. 11,995,Vidutinio užstatymo intensyvumo gyvenamoji zona,U_GG_V_F,"0,8*",0,KT,207,1501.84,1501.84,100.0
553000050962,440020620284,0.004,KlaipÓdos r. sav. JakÖ k.,995,Vidutinio užstatymo intensyvumo gyvenamoji zona,U_GG_V_F,"0,8*",0,KT,207,39.66,39.66,100.0
553000051062,440021964029,0.1156,KlaipÓdos r. sav. ¾vepeliÖ k. NotangÖ g. 6,995,Vidutinio užstatymo intensyvumo gyvenamoji zona,U_GG_V_F,"0,8*",0,KT,207,1156.41,1156.41,100.0
553000051083,440021980432,0.0803,KlaipÓdos r. sav. ¾vepeliÖ k. BartÖ g. 3,995,Vidutinio užstatymo intensyvumo gyvenamoji zona,U_GG_V_F,"0,8*",0,KT,207,803.12,803.12,100.0
553300010002,553300010002,5.2585,KlaipÓdos r. sav. NorgÓlÖ k.,710,Miškų ir miškingų teritorijų zona,MI_F,0,0,M,560,52584.91,51463.73,97.87
553300010002,553300010002,5.2585,KlaipÓdos r. sav. NorgÓlÖ k.,710,Žemės ūkio teritorijų zona,ZU_F,"0,05;0,8***",0,Z;KT,521,52584.91,1121.17,2.13
553300010079,553300010079,0.86,KlaipÓdos r. sav. NorgÓlÖ k.,610,Žemės ūkio teritorijų zona,ZU_F,"0,05;0,8***",0,Z;KT,521,8316.58,8316.58,100.0
553300010161,440026043316,1.9,KlaipÓdos r. sav. MataiNiÖ k.,610,Žemės ūkio teritorijų zona,ZU_F,"0,05;0,8***",0,Z;KT,19,19000.01,18081.97,95.17
553300010161,440026043316,1.9,KlaipÓdos r. sav. MataiNiÖ k.,610,Miškų ir miškingų teritorijų zona,MI_F,0,0,M,18,19000.01,918.03,4.83
553300010290,440026043409,12.1369,KlaipÓdos r. sav. NorgÓlÖ k.,610,Žemės ūkio teritorijų zona,ZU_F,"0,05;0,8***",0,Z;KT,521,121368.61,121368.61,100.0
553300020164,440004178936,2.56,KlaipÓdos r. sav. MisgiriÖ k.,610,Žemės ūkio teritorijų zona,ZU_F,"0,05;0,8***",0,Z;KT,534,25616.21,25616.21,100.0
553300020250,440014947830,0.39,KlaipÓdos r. sav. MikÖ k.,610,Žemės ūkio teritorijų zona,ZU_F,"0,05;0,8***",0,Z;KT,521,4196.4,4196.4,100.0
553300020342,440042447287,1.6312,KlaipÓdos r. sav. LandUiÖ k.,710,Miškų ir miškingų teritorijų zona,MI_F,0,0,M,560,16311.7,16311.7,100.0
553300030105,440001695422,0.25,KlaipÓdos r. sav. JudrÓnÖ mstl.,610,Mažo užstatymo intensyvumo gyvenamoji zona,U_GG_M_F,"0,4*",0,KT,530,2502.89,2502.89,100.0
553300030169,440003836640,0.78,KlaipÓdos r. sav. ¾akÓnÖ k. 11,610,Miškų ir miškingų teritorijų zona,MI_F,0,0,M,529,7654.7,4987.09,65.15
553300030169,440003836640,0.78,KlaipÓdos r. sav. ¾akÓnÖ k. 11,610,Mažo užstatymo intensyvumo gyvenamoji zona,U_GG_M_F,"0,4*",0,KT,530,7654.7,2648.3,34.6
553300030169,440003836640,0.78,KlaipÓdos r. sav. ¾akÓnÖ k. 11,610,Žemės ūkio teritorijų zona,ZU_F,"0,05;0,8***",0,Z;KT,521,7654.7,19.31,0.25
553300030169,440003836640,0.78,KlaipÓdos r. sav. ¾akÓnÖ k. 11,610,Miškų ir miškingų teritorijų zona,MI_F,0,0,M;KT,520,7654.7,0.0,0.0
553300030460,440005884406,0.38,KlaipÓdos r. sav. JudrÓnÖ mstl.,610,Mažo užstatymo intensyvumo gyvenamoji zona,U_GG_M_F,"0,4*",0,KT,530,4085.24,4065.04,99.51
553300030460,440005884406,0.38,KlaipÓdos r. sav. JudrÓnÖ mstl.,610,Vidutinio užstatymo intensyvumo gyvenamoji zona,U_GG_V_F,"0,8*",0,KT,531,4085.24,20.2,0.49
553300030478,440007173922,1.02,KlaipÓdos r. sav. JudrÓnÖ mstl.,610,Mažo užstatymo intensyvumo gyvenamoji zona,U_GG_M_F,"0,4*",0,KT,530,10199.51,10199.51,100.0
553300030574,440022010717,0.23,KlaipÓdos r. sav. JudrÓnÖ mstl.,610,Mažo užstatymo intensyvumo gyvenamoji zona,U_GG_M_F,"0,4*",0,KT,530,2369.82,2369.82,100.0
553300040203,553300040203,1.31,KlaipÓdos r. sav. Dariaus k.,710,Miškų ir miškingų teritorijų zona,MI_F,0,0,M,523,12806.78,12228.89,95.49
553300040203,553300040203,1.31,KlaipÓdos r. sav. Dariaus k.,710,Žemės ūkio teritorijų zona,ZU_F,"0,05;0,8***",0,Z;KT,526,12806.78,577.89,4.51
553300040208,553300040208,0.85,KlaipÓdos r. sav. GirininkÖ k.,710,Miškų ir miškingų teritorijų zona,MI_F,0,0,M,527,9361.7,9353.76,99.92
553300040208,553300040208,0.85,KlaipÓdos r. sav. GirininkÖ k.,710,Žemės ūkio teritorijų zona,ZU_F,"0,05;0,8***",0,Z;KT,526,9361.7,7.93,0.08
553300040369,440017402730,0.3,KlaipÓdos r. sav. UUdvario k.,610,Mažo užstatymo intensyvumo gyvenamoji zona,U_GG_M_F,"0,4*",0,KT,530,2894.99,2894.99,100.0
553300040378,440020263769,6.9315,KlaipÓdos r. sav. Dariaus k.,995,Žemės ūkio teritorijų zona,ZU_F,"0,05;0,8***",0,Z;KT,526,69315.19,67363.88,97.18
553300040378,440020263769,6.9315,KlaipÓdos r. sav. Dariaus k.,995,Miškų ir miškingų teritorijų zona,MI_F,0,0,M,523,69315.19,1951.31,2.82
553300050089,553300050089,3.2,KlaipÓdos r. sav. Pajudrio k.,610,Mažo užstatymo intensyvumo gyvenamoji zona,U_GG_M_F,"0,4*",0,KT,530,33040.37,32301.99,97.77
553300050089,553300050089,3.2,KlaipÓdos r. sav. Pajudrio k.,610,Miškų ir miškingų teritorijų zona,MI_F,0,0,M,529,33040.37,738.38,2.23
553300050213,440003844353,1.54,KlaipÓdos r. sav. JudrÓnÖ mstl.,610,Mažo užstatymo intensyvumo gyvenamoji zona,U_GG_M_F,"0,4*",0,KT,530,15913.47,15913.47,100.0
553300050223,440027942374,6.7634,KlaipÓdos r. sav. UUdvario k.,710,Miškų ir miškingų teritorijų zona,MI_F,0,0,M,527,67635.18,67635.18,100.0
553300050357,553300050357,2.14,KlaipÓdos r. sav. Pajudrio k.,710,Miškų ir miškingų teritorijų zona,MI_F,0,0,M;KT,533,21440.93,20225.4,94.33
553300050357,553300050357,2.14,KlaipÓdos r. sav. Pajudrio k.,710,Žemės ūkio teritorijų zona,ZU_F,"0,05;0,8***",0,Z;KT,534,21440.93,1215.53,5.67
553300050465,440010214836,1.53,KlaipÓdos r. sav. JudrÓnÖ mstl.,610,Mažo užstatymo intensyvumo gyvenamoji zona,U_GG_M_F,"0,4*",0,KT,530,15018.92,15018.92,100.0
553300050468,440010338124,2.0,KlaipÓdos r. sav. UUdvario k.,610,Žemės ūkio teritorijų zona,ZU_F,"0,05;0,8***",0,Z;KT,536,21104.39,21104.39,100.0
553300050498,440014715010,0.29,KlaipÓdos r. sav. JudrÓnÖ mstl.,610,Mažo užstatymo intensyvumo gyvenamoji zona,U_GG_M_F,"0,4*",0,KT,530,3092.53,3092.53,100.0
553300050505,440014871439,0.32,KlaipÓdos r. sav. JudrÓnÖ mstl.,610,Mažo užstatymo intensyvumo gyvenamoji zona,U_GG_M_F,"0,4*",0,KT,530,3170.57,3170.57,100.0
553500020137,553500020137,0.25,KlaipÓdos r. sav. KretingalÓs mstl. AuÕros g. 29A,995,Vidutinio užstatymo intensyvumo gyvenamoji zona,U_GG_V_F,"0,8",0,KT,286,2500.43,2500.43,100.0
553500020189,553500020189,0.519,KlaipÓdos r. sav. ¾likiÖ k.,610,Žemės ūkio teritorijų zona,ZU_F,"0,05;0,8***",0,Z;KT,216,5190.2,5190.2,100.0
553500020268,553500020268,0.813,KlaipÓdos r. sav. ¾likiÖ k.,610,Žemės ūkio teritorijų zona,ZU_F,"0,05;0,8***",0,Z;KT,252,8129.0,8127.92,99.99
553500020268,553500020268,0.813,KlaipÓdos r. sav. ¾likiÖ k.,610,Miškų ir miškingų teritorijų zona,MI_F,0,0,M;KT,249,8129.0,1.09,0.01
553500020269,440048180418,0.1758,KlaipÓdos r. sav. KretingalÓs mstl. KlaipÓdos g. 50D,995,Vidutinio užstatymo intensyvumo gyvenamoji zona,U_GG_V_F,"0,8",0,KT,286,1757.91,1757.91,100.0
553500020405,440006552822,0.25,KlaipÓdos r. sav. KretingalÓs mstl. GÓliÖ g. 3,995,Vidutinio užstatymo intensyvumo gyvenamoji zona,U_GG_V_F,"0,8",0,KT,286,2499.92,2499.92,100.0
553500020414,440006981159,0.08,KlaipÓdos r. sav. KretingalÓs mstl.,610,Miškų ir miškingų teritorijų zona,MI_F,0,0,M,283,759.41,649.6,85.54
553500020414,440006981159,0.08,KlaipÓdos r. sav. KretingalÓs mstl.,610,Miškų ir miškingų teritorijų zona,MI_F,0,0,M,282,759.41,109.81,14.46
553500020418,440007110096,0.075,KlaipÓdos r. sav. KretingalÓs mstl.,610,Vidutinio užstatymo intensyvumo gyvenamoji zona,U_GG_V_F,"0,8",0,KT,286,749.55,749.55,100.0
553500020432,440007766312,1.28,KlaipÓdos r. sav. ¾likiÖ k.,610,Žemės ūkio teritorijų zona,ZU_F,"0,05;0,8***",0,Z;KT,252,12598.58,12598.58,100.0
553500020432,440007766312,1.28,KlaipÓdos r. sav. ¾likiÖ k.,610,Žemės ūkio teritorijų zona,ZU_F,"0,05;0,8***",0,Z;KT,216,12598.58,0.0,0.0
553500030098,553500030098,6.2,KlaipÓdos r. sav. SarNiÖ k.,710,Miškų ir miškingų teritorijų zona,MI_F,0,0,M;KT,393,68909.38,67505.09,97.96
553500030098,553500030098,6.2,KlaipÓdos r. sav. SarNiÖ k.,710,Žemės ūkio teritorijų zona,ZU_F,"0,05;0,8***",0,Z;KT,394,68909.38,1404.3,2.04
553500030121,553500030121,4.21,KlaipÓdos r. sav. VitiniÖ k.,610,Žemės ūkio teritorijų zona,ZU_F,"0,05;0,8***",0,Z;KT,252,42562.98,21822.67,51.27
553500030121,553500030121,4.21,KlaipÓdos r. sav. VitiniÖ k.,610,Miškų ir miškingų teritorijų zona,MI_F,0,0,M;KT,250,42562.98,15107.64,35.49
553500030121,553500030121,4.21,KlaipÓdos r. sav. VitiniÖ k.,610,Miškų ir miškingų teritorijų zona,MI_F,0,0,M;KT,249,42562.98,3783.21,8.89
553500030121,553500030121,4.21,KlaipÓdos r. sav. VitiniÖ k.,610,Žemės ūkio teritorijų zona,ZU_F,"0,05;0,8***",0,Z;KT,394,42562.98,1849.45,4.35
553500030179,440030031399,0.4899,KlaipÓdos r. sav. PipirÖ k.,710,Miškų ir miškingų teritorijų zona,MI_F,0,0,M;KT,249,4899.4,3937.14,80.36
553500030179,440030031399,0.4899,KlaipÓdos r. sav. PipirÖ k.,710,Ekstensyvaus užstatymo gyvenamoji zona,U_GG_E_F,"0,2*",0,KT,392,4899.4,949.06,19.37
553500030179,440030031399,0.4899,KlaipÓdos r. sav. PipirÖ k.,710,Vandenų zona,H_F,0,0,H,248,4899.4,13.19,0.27
553500030179,440030031399,0.4899,KlaipÓdos r. sav. PipirÖ k.,710,Miškų ir miškingų teritorijų zona,MI_F,0,0,M;KT,391,4899.4,0.0,0.0
553500030267,440006100761,0.11,KlaipÓdos r. sav. PipirÖ k.,610,Žemės ūkio teritorijų zona,ZU_F,"0,05;0,8***",0,Z;KT,394,1258.13,1258.13,100.0
553500030334,440008669703,1.95,KlaipÓdos r. sav. PipirÖ k.,610,Ekstensyvaus užstatymo gyvenamoji zona,U_GG_E_F,"0,2*",0,KT,392,19499.79,19499.79,100.0
553500030337,440008669990,2.68,KlaipÓdos r. sav. PipirÖ k.,610,Ekstensyvaus užstatymo gyvenamoji zona,U_GG_E_F,"0,2*",0,KT,392,26799.63,26799.63,100.0
553500030378,440010210403,0.93,KlaipÓdos r. sav. PipirÖ k.,610,Žemės ūkio teritorijų zona,ZU_F,"0,05;0,8***",0,Z;KT,394,9555.4,9268.35,97.0
553500030378,440010210403,0.93,KlaipÓdos r. sav. PipirÖ k.,610,Miškų ir miškingų teritorijų zona,MI_F,0,0,M;KT,393,9555.4,287.04,3.0
553500030505,440026447178,0.1018,KlaipÓdos r. sav. PipirÖ k. LelijÖ g. 15,995,Ekstensyvaus užstatymo gyvenamoji zona,U_GG_E_F,"0,2*",0,KT,392,1018.2,1018.2,100.0
553500040023,553500040023,0.2247,KlaipÓdos r. sav. KretingalÓs mstl.,995,Pramonės ir sandėliavimo zona,U_PS_F,"2,5",0,KT,369,2247.64,2247.64,100.0
553500040319,440005327518,3.0,KlaipÓdos r. sav. StanNiÖ k.,610,Ekstensyvaus užstatymo gyvenamoji zona,U_GG_E_F,"0,2*",0,KT,341,29999.97,29999.97,100.0
553500040456,440008341035,0.15,KlaipÓdos r. sav. StanNiÖ k. ¾altiniÖ g. 32,995,Ekstensyvaus užstatymo gyvenamoji zona,U_GG_E_F,"0,2*",0,KT,316,1500.29,1500.29,100.0
553500040545,440010635419,0.3869,KlaipÓdos r. sav. KretingalÓs mstl. JoguNiÖ g. 10,995,Mažo užstatymo intensyvumo gyvenamoji zona,U_GG_M_F,"0,4",0,KT,285,3869.17,3869.17,100.0
553500040603,440013176219,0.112,KlaipÓdos r. sav. StanNiÖ k. SlÓnio g. 8,995,Ekstensyvaus užstatymo gyvenamoji zona,U_GG_E_F,"0,2*",0,KT,316,1120.05,1120.05,100.0
553500040721,440015810447,0.1041,KlaipÓdos r. sav. StanNiÖ k. VitiniÖ g. 2,995,Ekstensyvaus užstatymo gyvenamoji zona,U_GG_E_F,"0,2*",0,KT,316,1040.91,1040.91,100.0
553500040803,440021173486,0.1,KlaipÓdos r. sav. KretingalÓs mstl.,610,Vidutinio užstatymo intensyvumo gyvenamoji zona,U_GG_V_F,"0,8",0,KT,286,857.35,857.35,100.0
553500040808,440021268017,0.0831,KlaipÓdos r. sav. KretingalÓs mstl. PipirÖ g. 10,995,Vidutinio užstatymo intensyvumo gyvenamoji zona,U_GG_V_F,"0,8",0,KT,286,830.83,830.83,100.0
553500040998,440044872271,0.2339,KlaipÓdos r. sav. StanNiÖ k. ¾v. Kotrynos g. 11,995,Ekstensyvaus užstatymo gyvenamoji zona,U_GG_E_F,"0,2*",0,KT,316,2338.76,2338.76,100.0
553500041041,440049776738,0.1016,KlaipÓdos r. sav. KretingalÓs mstl. Frydricho Hako g. 37,995,"Bendro naudojimo erdvių, atskirųjų želdynų zona",U_BZ_F,"0,05",0,KT,284,1015.76,1015.76,100.0
553500050001,553500050001,1.4,KlaipÓdos r. sav. Kop×stÖ k.,610,Ekstensyvaus užstatymo gyvenamoji zona,U_GG_E_F,"0,2*",0,KT,165,14701.26,14701.26,100.0
553500050057,553500050057,1.7508,KlaipÓdos r. sav. PeskojÖ k.,610,Ekstensyvaus užstatymo gyvenamoji zona,U_GG_E_F,"0,2*",0,KT,165,17507.13,17505.47,99.99
553500050057,553500050057,1.7508,KlaipÓdos r. sav. PeskojÖ k.,610,Miškų ir miškingų teritorijų zona,MI_F,0,0,M,164,17507.13,1.66,0.01
553500050128,553500050128,2.9396,KlaipÓdos r. sav. PeskojÖ k.,610,Ekstensyvaus užstatymo gyvenamoji zona,U_GG_E_F,"0,2*",0,KT,165,29396.05,29396.05,100.0
553500050257,440004319580,0.1103,KlaipÓdos r. sav. PeskojÖ k. Vilniaus g. 10,995,Ekstensyvaus užstatymo gyvenamoji zona,U_GG_E_F,"0,2*",0,KT,165,1103.36,1103.36,100.0
553500050560,440018204750,0.0932,KlaipÓdos r. sav. PeskojÖ k. SaulÓtekio g. 16,995,Ekstensyvaus užstatymo gyvenamoji zona,U_GG_E_F,"0,2*",0,KT,165,932.12,932.12,100.0
553800010084,553800010084,0.087,KlaipÓdos r. sav. VaiteliÖ k. JurginÖ 3-oji g. 10,610,Mažo užstatymo intensyvumo gyvenamoji zona,U_GG_M_F,"0,4*",0,KT,425,773.32,773.32,100.0
553800010104,553800010104,0.06,KlaipÓdos r. sav. VaiteliÖ k. LelijÖ 2-oji g. 1,610,Mažo užstatymo intensyvumo gyvenamoji zona,U_GG_M_F,"0,4*",0,KT,425,605.08,605.08,100.0
553800010233,440015025722,0.0652,KlaipÓdos r. sav. VaiteliÖ k. NarcizÖ g. 13,610,Mažo užstatymo intensyvumo gyvenamoji zona,U_GG_M_F,"0,4*",0,KT,425,652.44,652.44,100.0
553800010312,553800010312,0.06,KlaipÓdos r. sav. VaiteliÖ k. R×tÖ g. 6,610,Mažo užstatymo intensyvumo gyvenamoji zona,U_GG_M_F,"0,4*",0,KT,425,609.0,609.0,100.0
553800010351,553800010351,0.0631,KlaipÓdos r. sav. VaiteliÖ k. RoUiÖ 1-oji g. 6,610,Mažo užstatymo intensyvumo gyvenamoji zona,U_GG_M_F,"0,4*",0,KT,425,630.77,630.77,100.0
553800010458,553800010458,0.061,KlaipÓdos r. sav. VaiteliÖ k. RoUiÖ al. 1,610,Mažo užstatymo intensyvumo gyvenamoji zona,U_GG_M_F,"0,4*",0,KT,425,610.0,610.0,100.0
553800020104,440040789920,0.06,KlaipÓdos r. sav. VaiteliÖ k. SnieguoliÖ g. 7,610,Mažo užstatymo intensyvumo gyvenamoji zona,U_GG_M_F,"0,4*",0,KT,425,599.92,599.92,100.0
553800020279,553800020279,0.0648,KlaipÓdos r. sav. VaiteliÖ k. MedetkÖ g. 10,610,Mažo užstatymo intensyvumo gyvenamoji zona,U_GG_M_F,"0,4*",0,KT,425,648.24,648.24,100.0
553800020282,553800020282,0.0709,KlaipÓdos r. sav. VaiteliÖ k. MedetkÖ g. 4,610,Mažo užstatymo intensyvumo gyvenamoji zona,U_GG_M_F,"0,4*",0,KT,425,708.95,708.95,100.0
553800020385,553800020385,0.06,KlaipÓdos r. sav. VaiteliÖ k. PakalnuNiÖ g. 31,610,Mažo užstatymo intensyvumo gyvenamoji zona,U_GG_M_F,"0,4*",0,KT,425,632.98,632.98,100.0
553800020447,440002993728,0.06,KlaipÓdos r. sav. VaiteliÖ k. SnieguoliÖ g. 5,610,Mažo užstatymo intensyvumo gyvenamoji zona,U_GG_M_F,"0,4*",0,KT,425,599.78,599.78,100.0
553800020464,553800020464,0.06,KlaipÓdos r. sav. VaiteliÖ k. SnieguoliÖ g. 16,610,Mažo užstatymo intensyvumo gyvenamoji zona,U_GG_M_F,"0,4*",0,KT,425,776.49,776.49,100.0
553800020529,553800020529,0.06,KlaipÓdos r. sav. VaiteliÖ k. KatilÓliÖ g. 24,610,Mažo užstatymo intensyvumo gyvenamoji zona,U_GG_M_F,"0,4*",0,KT,425,583.74,583.74,100.0
553800020632,553800020632,0.06,KlaipÓdos r. sav. VaiteliÖ k. AkacijÖ 2-oji g. 9,610,Mažo užstatymo intensyvumo gyvenamoji zona,U_GG_M_F,"0,4*",0,KT,425,602.89,602.89,100.0
553800030121,553800030121,0.096,KlaipÓdos r. sav. VaiteliÖ k. UosiÖ g. 15,610,Mažo užstatymo intensyvumo gyvenamoji zona,U_GG_M_F,"0,4*",0,KT,425,959.86,959.86,100.0
553800030168,553800030168,0.06,KlaipÓdos r. sav. VaiteliÖ k. MiÕkÖ al. 63,610,Mažo užstatymo intensyvumo gyvenamoji zona,U_GG_M_F,"0,4*",0,KT,425,623.35,623.35,100.0
553800030392,440002629050,0.12,KlaipÓdos r. sav. VaiteliÖ k. TujÖ g. 8,610,Mažo užstatymo intensyvumo gyvenamoji zona,U_GG_M_F,"0,4*",0,KT,425,1200.21,1200.21,100.0
553800030420,553800030420,0.06,KlaipÓdos r. sav. VaiteliÖ k. ¾ermukÕniÖ g. 19,610,Mažo užstatymo intensyvumo gyvenamoji zona,U_GG_M_F,"0,4*",0,KT,425,599.81,599.81,100.0
553800030437,440004431301,0.06,KlaipÓdos r. sav. VaiteliÖ k. AlyvÖ g. 20,610,Mažo užstatymo intensyvumo gyvenamoji zona,U_GG_M_F,"0,4*",0,KT,425,592.82,592.82,100.0
553800040020,440004464262,0.12,KlaipÓdos r. sav. VaiteliÖ k. LemuogiÖ g. 15,610,Mažo užstatymo intensyvumo gyvenamoji zona,U_GG_M_F,"0,4*",0,KT,425,1219.49,1219.49,100.0
553800040061,553800040061,0.12,KlaipÓdos r. sav. VaiteliÖ k. BraÕkiÖ g. 2,610,Mažo užstatymo intensyvumo gyvenamoji zona,U_GG_M_F,"0,4*",0,KT,425,1200.23,1200.23,100.0
553800040101,553800040101,0.153,KlaipÓdos r. sav. VaiteliÖ k. MiÕkÖ al. 10,610,Mažo užstatymo intensyvumo gyvenamoji zona,U_GG_M_F,"0,4*",0,KT,425,1530.02,1530.02,100.0
553800040278,440009299164,0.06,KlaipÓdos r. sav. VaiteliÖ k. AvieNiÖ g. 37,610,Mažo užstatymo intensyvumo gyvenamoji zona,U_GG_M_F,"0,4*",0,KT,425,596.26,596.26,100.0
553800050095,553800050095,0.06,KlaipÓdos r. sav. VaiteliÖ k. LuvÓdrÖ g. 3,610,Mažo užstatymo intensyvumo gyvenamoji zona,U_GG_M_F,"0,4*",0,KT,425,593.35,593.35,100.0
553800050176,553800050176,0.06,KlaipÓdos r. sav. VaiteliÖ k. GerviÖ g. 9,610,Mažo užstatymo intensyvumo gyvenamoji zona,U_GG_M_F,"0,4*",0,KT,425,607.04,607.04,100.0
553800050395,440005519616,0.06,KlaipÓdos r. sav. VaiteliÖ k. StrazdÖ g. 8,610,Mažo užstatymo intensyvumo gyvenamoji zona,U_GG_M_F,"0,4*",0,KT,425,602.41,602.41,100.0
553800110021,440003832430,0.7,KlaipÓdos r. sav. VaiteliÖ k.,610,Žemės ūkio teritorijų zona,ZU_F,"0,05;0,8***",0,Z;KT,422,6999.55,6996.0,99.95
553800110021,440003832430,0.7,KlaipÓdos r. sav. VaiteliÖ k.,610,Ekstensyvaus užstatymo gyvenamoji zona,U_GG_E_F,"0,2*",0,KT,421,6999.55,3.55,0.05
553800110197,440011653900,1.45,KlaipÓdos r. sav. VaiteliÖ k.,610,Žemės ūkio teritorijų zona,ZU_F,"0,05;0,8***",0,Z;KT,422,14046.41,14046.41,100.0
553800120094,553800120094,1.57,KlaipÓdos r. sav. Antkalnio k. 6,610,Žemės ūkio teritorijų zona,ZU_F,"0,05;0,8***",0,Z;KT,435,15217.77,14446.97,94.93
553800120094,553800120094,1.57,KlaipÓdos r. sav. Antkalnio k. 6,610,Žemės ūkio teritorijų zona,ZU_F,"0,05",0,Z;KT,448,15217.77,768.08,5.05
553800120094,553800120094,1.57,KlaipÓdos r. sav. Antkalnio k. 6,610,Miškų ir miškingų teritorijų zona,MI_F,0,0,M,447,15217.77,2.72,0.02
553800120221,440012889279,0.033,KlaipÓdos r. sav. GribUiniÖ k.,995,Žemės ūkio teritorijų zona,ZU_F,"0,05;0,8***",0,Z;KT,435,329.68,242.16,73.45
553800120221,440012889279,0.033,KlaipÓdos r. sav. GribUiniÖ k.,995,Miškų ir miškingų teritorijų zona,MI_F,0,0,M,434,329.68,87.52,26.55
553800130132,440010469406,0.45,KlaipÓdos r. sav. GribUiniÖ k.,710,Miškų ir miškingų teritorijų zona,MI_F,0,0,M,432,4383.14,4225.39,96.4
553800130132,440010469406,0.45,KlaipÓdos r. sav. GribUiniÖ k.,710,Pramonės ir sandėliavimo zona,U_PS_F,"2,5",0,KT,433,4383.14,157.75,3.6
553800130146,440015162622,0.122,KlaipÓdos r. sav. SaulaUoliÖ k. Pr×sÖ g. 17,995,Ekstensyvaus užstatymo gyvenamoji zona,U_GG_E_F,"0,2*",0,KT,419,1219.95,1219.95,100.0
553800130209,440019589565,0.1257,KlaipÓdos r. sav. SaulaUoliÖ k. SmilgynÖ g. 21,995,Ekstensyvaus užstatymo gyvenamoji zona,U_GG_E_F,"0,2*",0,KT,419,1257.16,1257.16,100.0
553800130270,440045025436,1.0425,KlaipÓdos r. sav. SaulaUoliÖ k.,610,Ekstensyvaus užstatymo gyvenamoji zona,U_GG_E_F,"0,2*",0,KT,419,10425.61,10425.61,100.0
553800140407,440004335339,0.19,KlaipÓdos r. sav. KvietiniÖ k. PapelkÓs g. 3A,995,Vidutinio užstatymo intensyvumo gyvenamoji zona,U_GG_V_F,"0,8*",0,KT,438,1900.34,1900.34,100.0
553800140650,440022041036,0.0925,KlaipÓdos r. sav. KvietiniÖ k. LiepÖ g. 65,995,Mažo užstatymo intensyvumo gyvenamoji zona,U_GG_M_F,"0,4*",0,KT,437,925.06,925.06,100.0
553800150009,553800150009,1.0574,KlaipÓdos r. sav. KvietiniÖ k.,610,Vidutinio užstatymo intensyvumo gyvenamoji zona,U_GG_V_F,"0,8*",0,KT,438,10574.29,10574.29,100.0
553800150077,553800150077,0.2,KlaipÓdos r. sav. KvietiniÖ k.,610,Vidutinio užstatymo intensyvumo gyvenamoji zona,U_GG_V_F,"0,8*",0,KT,438,2034.0,2034.0,100.0
553800150085,553800150085,0.28,KlaipÓdos r. sav. KvietiniÖ k. CiruliÖ g. 2,995,Vidutinio užstatymo intensyvumo gyvenamoji zona,U_GG_V_F,"0,8*",0,KT,438,2800.39,2800.39,100.0
553800150149,553800150149,0.7548,KlaipÓdos r. sav. KvietiniÖ k.,610,Žemės ūkio teritorijų zona,ZU_F,"0,1;0,8***",0,Z;KT,442,7549.49,7549.49,100.0
553800150156,440041614860,0.2985,KlaipÓdos r. sav. KvietiniÖ k. Minijos g. 18,995,Vidutinio užstatymo intensyvumo gyvenamoji zona,U_GG_V_F,"0,8*",0,KT,438,2985.05,2985.05,100.0
553800150259,553800150259,3.14,KlaipÓdos r. sav. KvietiniÖ k.,610,Žemės ūkio teritorijų zona,ZU_F,"0,05;0,8***",0,Z;KT,445,29175.28,26811.38,91.9
553800150259,553800150259,3.14,KlaipÓdos r. sav. KvietiniÖ k.,610,Miškų ir miškingų teritorijų zona,MI_F,0,0,M,444,29175.28,2363.86,8.1
553800150259,553800150259,3.14,KlaipÓdos r. sav. KvietiniÖ k.,610,Vandenų zona,H_F,0,0,H,443,29175.28,0.04,0.0
553800150263,553800150263,1.1774,KlaipÓdos r. sav. SaulaUoliÖ k.,610,Žemės ūkio teritorijų zona,ZU_F,"0,1;0,8***",0,Z;KT,442,11774.44,11774.44,100.0
553800150438,440020412104,0.0474,KlaipÓdos r. sav. KvietiniÖ k.,995,Mažo užstatymo intensyvumo gyvenamoji zona,U_GG_M_F,"0,4*",0,KT,437,473.59,473.59,100.0
553800150444,440020412704,0.0608,KlaipÓdos r. sav. KvietiniÖ k.,995,Mažo užstatymo intensyvumo gyvenamoji zona,U_GG_M_F,"0,4*",0,KT,437,607.98,607.98,100.0
554300010052,554300010052,4.37,KlaipÓdos r. sav. UtriÖ k.,710,Miškų ir miškingų teritorijų zona,MI_F,0,0,M,449,41294.18,41178.09,99.72
554300010052,554300010052,4.37,KlaipÓdos r. sav. UtriÖ k.,710,Žemės ūkio teritorijų zona,ZU_F,"0,05;0,8***",0,Z;KT,450,41294.18,116.09,0.28
554300010099,554300010099,2.51,KlaipÓdos r. sav. UtriÖ k.,610,Žemės ūkio teritorijų zona,ZU_F,"0,05",0,Z;KT,448,26002.93,25874.96,99.51
554300010099,554300010099,2.51,KlaipÓdos r. sav. UtriÖ k.,610,Miškų ir miškingų teritorijų zona,MI_F,0,0,M,447,26002.93,123.3,0.47
554300010099,554300010099,2.51,KlaipÓdos r. sav. UtriÖ k.,610,Žemės ūkio teritorijų zona,ZU_F,"0,05;0,8***",0,Z;KT,450,26002.93,4.66,0.02
554300010127,554300010127,2.05,KlaipÓdos r. sav. PikteikiÖ k.,610,Žemės ūkio teritorijų zona,ZU_F,"0,05",0,Z;KT,448,20591.17,20586.35,99.98
554300010127,554300010127,2.05,KlaipÓdos r. sav. PikteikiÖ k.,610,Vandenų zona,H_F,0,0,H,446,20591.17,4.82,0.02
554300020161,554300020161,1.26,KlaipÓdos r. sav. UtriÖ k.,610,Žemės ūkio teritorijų zona,ZU_F,"0,05;0,8***",0,Z;KT,450,12760.29,12760.29,100.0
554300030044,440029214790,0.52,KlaipÓdos r. sav. LapiÖ k. BerUyno g. 2,995,Mažo užstatymo intensyvumo gyvenamoji zona,U_GG_M_F,"0,4*",0,KT,457,5199.64,5199.64,100.0
554300030203,440003094671,2.76,KlaipÓdos r. sav. LapiÖ k.,610,Žemės ūkio teritorijų zona,ZU_F,"0,05;0,8***",0,Z;KT,455,25987.96,25896.38,99.65
554300030203,440003094671,2.76,KlaipÓdos r. sav. LapiÖ k.,610,Žemės ūkio teritorijų zona,ZU_F,"0,1",0,Z;KT,452,25987.96,91.59,0.35
554300030212,440010354393,0.2663,KlaipÓdos r. sav. LapiÖ k. TrumpÓs g. 7,995,Mažo užstatymo intensyvumo gyvenamoji zona,U_GG_M_F,"0,4*",0,KT,457,2663.34,2663.34,100.0
554300040026,554300040026,2.04,KlaipÓdos r. sav. PaUvelsio k.,610,Žemės ūkio teritorijų zona,ZU_F,"0,05;0,8***",0,Z;KT,476,20393.2,15354.43,75.29
554300040026,554300040026,2.04,KlaipÓdos r. sav. PaUvelsio k.,610,Miškų ir miškingų teritorijų zona,MI_F,0,0,M,475,20393.2,5038.76,24.71
554300050006,554300050006,2.1142,KlaipÓdos r. sav. RudaiNiÖ k.,610,Žemės ūkio teritorijų zona,ZU_F,"0,05;0,8***",0,Z;KT,472,21142.23,21142.23,100.0
554300050027,554300050027,6.69,KlaipÓdos r. sav. RudaiNiÖ k.,610,Žemės ūkio teritorijų zona,ZU_F,"0,05;0,8***",0,Z;KT,472,65517.8,65411.7,99.84
554300050027,554300050027,6.69,KlaipÓdos r. sav. RudaiNiÖ k.,610,Miškų ir miškingų teritorijų zona,MI_F,0,0,M;KT,481,65517.8,106.11,0.16
554300050062,554300050062,1.5,KlaipÓdos r. sav. RudaiNiÖ k.,710,Miškų ir miškingų teritorijų zona,MI_F,0,0,M,447,15156.95,15076.84,99.47
554300050062,554300050062,1.5,KlaipÓdos r. sav. RudaiNiÖ k.,710,Žemės ūkio teritorijų zona,ZU_F,"0,05",0,Z;KT,448,15156.95,80.11,0.53
554300050073,554300050073,0.31,KlaipÓdos r. sav. RudaiNiÖ k. LankÖ g. 31,995,Miškų ir miškingų teritorijų zona,MI_F,0,0,M,447,3100.37,2161.38,69.71
554300050073,554300050073,0.31,KlaipÓdos r. sav. RudaiNiÖ k. LankÖ g. 31,995,Žemės ūkio teritorijų zona,ZU_F,"0,05",0,Z;KT,448,3100.37,938.99,30.29
554300050128,554300050128,0.56,KlaipÓdos r. sav. RudaiNiÖ k.,610,Mažo užstatymo intensyvumo gyvenamoji zona,U_GG_M_F,"0,4*",0,KT,458,6205.42,6205.42,100.0
554300050143,554300050143,1.01,KlaipÓdos r. sav. RudaiNiÖ k.,610,Žemės ūkio teritorijų zona,ZU_F,"0,05;0,8***",0,Z;KT,472,10276.62,10276.62,100.0
554300050262,554300050262,5.21,KlaipÓdos r. sav. RudaiNiÖ k.,610,Žemės ūkio teritorijų zona,ZU_F,"0,05;0,8***",0,Z;KT,472,52829.42,52829.42,100.0
554300050294,554300050294,3.99,KlaipÓdos r. sav. RudaiNiÖ k.,610,Žemės ūkio teritorijų zona,ZU_F,"0,05;0,8***",0,Z;KT,472,41851.48,41766.92,99.8
554300050294,554300050294,3.99,KlaipÓdos r. sav. RudaiNiÖ k.,610,Miškų ir miškingų teritorijų zona,MI_F,0,0,M;KT,477,41851.48,84.56,0.2
554300050487,440015486312,1.54,KlaipÓdos r. sav. RudaiNiÖ k.,610,Žemės ūkio teritorijų zona,ZU_F,"0,05;0,8***",0,Z;KT,472,17008.3,16964.91,99.74
554300050487,440015486312,1.54,KlaipÓdos r. sav. RudaiNiÖ k.,610,Mažo užstatymo intensyvumo gyvenamoji zona,U_GG_M_F,"0,4*",0,KT,458,17008.3,43.39,0.26
554300050493,440016130555,0.17,KlaipÓdos r. sav. RudaiNiÖ k.,610,Mažo užstatymo intensyvumo gyvenamoji zona,U_GG_M_F,"0,4*",0,KT,458,1759.81,1759.81,100.0
554300050506,440017198471,0.6,KlaipÓdos r. sav. RudaiNiÖ k.,610,Mažo užstatymo intensyvumo gyvenamoji zona,U_GG_M_F,"0,4*",0,KT,458,6055.03,6055.03,100.0
554400020078,554400020078,4.844,KlaipÓdos r. sav. LÓbartÖ k.,710,Miškų ir miškingų teritorijų zona,MI_F,0,0,M;KT,240,48439.98,48439.98,100.0
554400020101,554400020101,3.73,KlaipÓdos r. sav. LÓbartÖ k.,710,Miškų ir miškingų teritorijų zona,MI_F,0,0,M;KT,240,36655.19,36655.19,100.0
554400020246,440025368112,0.1061,KlaipÓdos r. sav. ToleikiÖ k. LemininkÖ g. 24,995,Ekstensyvaus užstatymo gyvenamoji zona,U_GG_E_F,"0,2*",0,KT,244,1060.86,1060.86,100.0
554400020418,440003371738,0.2485,KlaipÓdos r. sav. KiÕkÓnÖ k. ¾altiniÖ tak. 11,995,Mažo užstatymo intensyvumo gyvenamoji zona,U_GG_M_F,"0,4*",0,KT,236,2485.08,2485.08,100.0
554400020559,440009448728,0.1754,KlaipÓdos r. sav. LÓbartÖ k. KNstuNio g. 28,995,Ekstensyvaus užstatymo gyvenamoji zona,U_GG_E_F,"0,2*",0,KT,244,1753.83,1753.83,100.0
554400020597,440010166539,0.13,KlaipÓdos r. sav. LÓbartÖ k. Hugo ¾ojaus g. 84,995,Ekstensyvaus užstatymo gyvenamoji zona,U_GG_E_F,"0,2*",0,KT,244,1383.17,1383.17,100.0
554400020609,440010314786,0.0829,KlaipÓdos r. sav. KiÕkÓnÖ k. GalNiÖ g. 22,995,Mažo užstatymo intensyvumo gyvenamoji zona,U_GG_M_F,"0,4*",0,KT,236,828.77,828.77,100.0
554400020621,440010315648,0.0025,KlaipÓdos r. sav. KiÕkÓnÖ k.,995,Mažo užstatymo intensyvumo gyvenamoji zona,U_GG_M_F,"0,4*",0,KT,236,25.2,25.2,100.0
554400020690,440014818230,1.83,KlaipÓdos r. sav. KiÕkÓnÖ k.,610,Mažo užstatymo intensyvumo gyvenamoji zona,U_GG_M_F,"0,4*",0,KT,239,19132.06,19132.06,100.0
554400020745,440018364957,0.5,KlaipÓdos r. sav. KiÕkÓnÖ k.,610,Ekstensyvaus užstatymo gyvenamoji zona,U_GG_E_F,"0,2*",0,KT,244,5000.14,5000.14,100.0
554400020749,440019457831,1.2229,KlaipÓdos r. sav. RimkÖ k. MaUosios Lietuvos g. 43,610,Ekstensyvaus užstatymo gyvenamoji zona,U_GG_E_F,"0,2*",0,KT,244,12229.2,12229.2,100.0
554400021026,440039787305,0.66,KlaipÓdos r. sav. RimkÖ k.,610,Ekstensyvaus užstatymo gyvenamoji zona,U_GG_E_F,"0,2*",0,KT,244,6599.83,6599.83,100.0
554400030162,554400030162,0.3,KlaipÓdos r. sav. DovilÖ mstl. GrambaviÕkiÖ g. 51,610,Mažo užstatymo intensyvumo gyvenamoji zona,U_GG_M_F,"0,4*",0,KT,226,3030.94,3030.94,100.0
554400030336,440029945622,0.2542,KlaipÓdos r. sav. DovilÖ mstl. LemaitÓs g. 6,995,Vidutinio užstatymo intensyvumo gyvenamoji zona,U_GG_V_F,"0,8*",0,KT,227,2541.57,2541.57,100.0
554400030483,440008655283,0.94,KlaipÓdos r. sav. BirbinNiÖ k.,610,Ekstensyvaus užstatymo gyvenamoji zona,U_GG_E_F,"0,2*",0,KT,231,10406.51,10406.51,100.0
554400030501,440009491807,0.3984,KlaipÓdos r. sav. DovilÖ mstl. Lauksupio g. 2,995,Mažo užstatymo intensyvumo gyvenamoji zona,U_GG_M_F,"0,4*",0,KT,226,3983.85,3983.85,100.0
554400030673,440022826859,0.292,KlaipÓdos r. sav. BirbinNiÖ k.,995,Ekstensyvaus užstatymo gyvenamoji zona,U_GG_E_F,"0,2*",0,KT,231,2920.37,2920.37,100.0
554400030685,440023023798,0.1338,KlaipÓdos r. sav. BirbinNiÖ k. AidÖ g. 15,995,Ekstensyvaus užstatymo gyvenamoji zona,U_GG_E_F,"0,2*",0,KT,225,1338.31,1338.31,100.0
554400030817,440043277680,0.1604,KlaipÓdos r. sav. DovilÖ mstl. LankiÕkÓs g. 9,995,Vidutinio užstatymo intensyvumo gyvenamoji zona,U_GG_V_F,"0,8*",0,KT,227,1604.6,1604.6,100.0
554400030827,440043596750,0.268,KlaipÓdos r. sav. GrambaviÕkiÖ k. PervaUos g. 30,995,Ekstensyvaus užstatymo gyvenamoji zona,U_GG_E_F,"0,2*",0,KT,231,2682.08,2682.08,100.0
554400040031,554400040031,2.91,KlaipÓdos r. sav. DovilÖ mstl.,610,Žemės ūkio teritorijų zona,ZU_F,"0,05;0,8***",0,Z;KT,229,27633.88,21253.97,76.91
554400040031,554400040031,2.91,KlaipÓdos r. sav. DovilÖ mstl.,610,Mažo užstatymo intensyvumo gyvenamoji zona,U_GG_M_F,"0,4*",0,KT,226,27633.88,6306.41,22.82
554400040031,554400040031,2.91,KlaipÓdos r. sav. DovilÖ mstl.,610,Žemės ūkio teritorijų zona,ZU_F,"0,05;0,8***",0,Z;KT,173,27633.88,73.5,0.27
554400040388,440037946602,0.5633,KlaipÓdos r. sav. DovilÖ mstl.,610,Žemės ūkio teritorijų zona,ZU_F,"0,05;0,8***",0,Z;KT,229,5633.02,5633.02,100.0
554400040429,440046167739,0.1452,KlaipÓdos r. sav. KuliÖ k. LaukÖ g. 3A,995,Ekstensyvaus užstatymo gyvenamoji zona,U_GG_E_F,"0,2*",0,KT,221,1452.16,1452.16,100.0
554400050024,554400050024,6.17,KlaipÓdos r. sav. RusliÖ k.,610,Žemės ūkio teritorijų zona,ZU_F,"0,05;0,8***",0,Z;KT,242,63105.08,63105.08,100.0
554400050184,554400050184,6.6935,KlaipÓdos r. sav. LÓbartÖ k.,610,Žemės ūkio teritorijų zona,ZU_F,"0,05;0,8***",0,Z;KT,242,66935.49,66935.49,100.0
554400050275,554400050275,1.9416,KlaipÓdos r. sav. KiÕkÓnÖ k.,610,Mažo užstatymo intensyvumo gyvenamoji zona,U_GG_M_F,"0,4*",0,KT,239,19416.37,19416.37,100.0
554400050320,554400050320,2.0,KlaipÓdos r. sav. DovilÖ mstl.,610,Žemės ūkio teritorijų zona,ZU_F,"0,05;0,8***",0,Z;KT,242,20004.72,20004.72,100.0
554400050469,440000905266,2.55,KlaipÓdos r. sav. LÓbartÖ k.,610,Ekstensyvaus užstatymo gyvenamoji zona,U_GG_E_F,"0,2*",0,KT,244,26208.71,26208.71,100.0
554400050579,440031017495,1.1612,KlaipÓdos r. sav. DovilÖ mstl.,710,Miškų ir miškingų teritorijų zona,MI_F,0,0,M;KT,170,11612.15,10920.1,94.04
554400050579,440031017495,1.1612,KlaipÓdos r. sav. DovilÖ mstl.,710,Žemės ūkio teritorijų zona,ZU_F,"0,05;0,8***",0,Z;KT,229,11612.15,638.98,5.5
554400050579,440031017495,1.1612,KlaipÓdos r. sav. DovilÖ mstl.,710,Žemės ūkio teritorijų zona,ZU_F,"0,05;0,8***",0,Z;KT,173,11612.15,53.07,0.46
554400050853,440010131674,1.08,KlaipÓdos r. sav. RusliÖ k.,610,Žemės ūkio teritorijų zona,ZU_F,"0,05;0,8***",0,Z;KT,242,10800.08,10800.08,100.0
554400051079,440016138088,0.11,KlaipÓdos r. sav. KalviÖ k. KalviÖ g. 2,995,Mažo užstatymo intensyvumo gyvenamoji zona,U_GG_M_F,"0,4*",0,KT,168,1100.03,1100.03,100.0
554400051092,440017021888,1.9647,KlaipÓdos r. sav. DovilÖ mstl.,610,Žemės ūkio teritorijų zona,ZU_F,"0,05;0,8***",0,Z;KT,229,19646.56,19646.56,100.0
554400051113,440018127972,0.78,KlaipÓdos r. sav. KiÕkÓnÖ k.,610,Ekstensyvaus užstatymo gyvenamoji zona,U_GG_E_F,"0,2*",0,KT,244,7800.18,7800.16,100.0
554400051113,440018127972,0.78,KlaipÓdos r. sav. KiÕkÓnÖ k.,610,Mažo užstatymo intensyvumo gyvenamoji zona,U_GG_M_F,"0,4*",0,KT,239,7800.18,0.02,0.0
554400051368,440051314966,0.2676,KlaipÓdos r. sav. RusliÖ k.,610,Žemės ūkio teritorijų zona,ZU_F,"0,05;0,8***",0,Z;KT,242,2676.11,2676.11,100.0
554400060082,554400060082,0.3133,KlaipÓdos r. sav. KetvergiÖ k.,610,Mažo užstatymo intensyvumo gyvenamoji zona,U_GG_M_F,"0,4*",0,KT,168,3132.7,3132.7,100.0
554400060294,440010728520,0.1612,KlaipÓdos r. sav. KetvergiÖ k. GarniÖ g. 1,995,Mažo užstatymo intensyvumo gyvenamoji zona,U_GG_M_F,"0,4*",0,KT,168,1611.74,1611.74,100.0
554400060473,440051795049,0.14,KlaipÓdos r. sav. KetvergiÖ k. Lvor×nÓs g. 14,995,Mažo užstatymo intensyvumo gyvenamoji zona,U_GG_M_F,"0,4*",0,KT,168,1399.73,1398.42,99.91
554400060473,440051795049,0.14,KlaipÓdos r. sav. KetvergiÖ k. Lvor×nÓs g. 14,995,Miškų ir miškingų teritorijų zona,MI_F,0,0,M;KT,167,1399.73,1.3,0.09
554400060474,440051778359,0.15,KlaipÓdos r. sav. KetvergiÖ k. Lvor×nÓs g. 12,995,Mažo užstatymo intensyvumo gyvenamoji zona,U_GG_M_F,"0,4*",0,KT,168,1500.43,1500.43,100.0
554400060480,440052167943,0.17,KlaipÓdos r. sav. KetvergiÖ k. KetvergiÖ g. 36,995,Žemės ūkio teritorijų zona,ZU_F,"0,1;0,8***",0,Z;KT,157,1700.2,1700.2,100.0
554400080213,554400080213,0.0705,KlaipÓdos r. sav. KiÕkÓnÖ k. VyturiÖ g. 12,610,Mažo užstatymo intensyvumo gyvenamoji zona,U_GG_M_F,"0,4*",0,KT,236,704.62,704.62,100.0
554400090086,554400090086,0.06,KlaipÓdos r. sav. KiÕkÓnÖ k. SmeltalÓs g. 11,610,Mažo užstatymo intensyvumo gyvenamoji zona,U_GG_M_F,"0,4*",0,KT,236,633.3,633.3,100.0
554400090125,554400090125,0.082,KlaipÓdos r. sav. KiÕkÓnÖ k. SmeltalÓs g. 21,610,Mažo užstatymo intensyvumo gyvenamoji zona,U_GG_M_F,"0,4*",0,KT,236,836.63,818.05,97.78
554400090125,554400090125,0.082,KlaipÓdos r. sav. KiÕkÓnÖ k. SmeltalÓs g. 21,610,Miškų ir miškingų teritorijų zona,MI_F,0,0,M;KT,235,836.63,18.58,2.22
554400100019,554400100019,0.0659,KlaipÓdos r. sav. KiÕkÓnÖ k. PakalnÓs tak. 1,610,Mažo užstatymo intensyvumo gyvenamoji zona,U_GG_M_F,"0,4*",0,KT,236,651.73,651.73,100.0
554400100025,554400100025,0.0762,KlaipÓdos r. sav. KiÕkÓnÖ k. BokÕto tak. 2,610,Mažo užstatymo intensyvumo gyvenamoji zona,U_GG_M_F,"0,4*",0,KT,236,762.53,762.53,100.0
554400130118,554400130118,0.0605,KlaipÓdos r. sav. KiÕkÓnÖ k. GÓliÖ g. 19,610,Mažo užstatymo intensyvumo gyvenamoji zona,U_GG_M_F,"0,4*",0,KT,236,605.09,605.09,100.0
554400130254,554400130254,0.06,KlaipÓdos r. sav. KiÕkÓnÖ k. DraugystÓs g. 17,610,Mažo užstatymo intensyvumo gyvenamoji zona,U_GG_M_F,"0,4*",0,KT,236,600.35,600.35,100.0
554400130559,554400130559,0.06,KlaipÓdos r. sav. KiÕkÓnÖ k. LevandÖ g. 8,610,Mažo užstatymo intensyvumo gyvenamoji zona,U_GG_M_F,"0,4*",0,KT,236,597.55,597.55,100.0
554400140014,554400140014,0.06,KlaipÓdos r. sav. GrambaviÕkiÖ k. KlevÖ 14-oji g. 9,610,Mažo užstatymo intensyvumo gyvenamoji zona,U_GG_M_F,"0,4*",0,KT,233,599.92,599.92,100.0
554400140163,554400140163,0.06,KlaipÓdos r. sav. GrambaviÕkiÖ k. KlevÖ 6-oji g. 5,610,Mažo užstatymo intensyvumo gyvenamoji zona,U_GG_M_F,"0,4*",0,KT,233,599.98,599.98,100.0
554400160022,554400160022,0.06,KlaipÓdos r. sav. KuliÖ k. PievÖ 2-oji g. 6,610,Ekstensyvaus užstatymo gyvenamoji zona,U_GG_E_F,"0,2*",0,KT,221,600.09,600.09,100.0
554400160127,554400160127,0.0615,KlaipÓdos r. sav. KuliÖ k. GÓliÖ 3-oji g. 22,610,Ekstensyvaus užstatymo gyvenamoji zona,U_GG_E_F,"0,2*",0,KT,221,614.91,614.91,100.0
554400160168,440002604906,0.062,KlaipÓdos r. sav. KuliÖ k. GÓliÖ 5-oji g. 10,610,Ekstensyvaus užstatymo gyvenamoji zona,U_GG_E_F,"0,2*",0,KT,221,620.4,620.4,100.0
554400160191,554400160191,0.0601,KlaipÓdos r. sav. KuliÖ k. GÓliÖ 6-oji g. 4,610,Ekstensyvaus užstatymo gyvenamoji zona,U_GG_E_F,"0,2*",0,KT,221,600.75,600.75,100.0
554400160251,440005128538,0.0685,KlaipÓdos r. sav. KuliÖ k.,610,Ekstensyvaus užstatymo gyvenamoji zona,U_GG_E_F,"0,2*",0,KT,221,672.66,672.66,100.0
554400160271,554400160271,0.06,KlaipÓdos r. sav. KuliÖ k. LaukÖ 5-oji g. 8,610,Ekstensyvaus užstatymo gyvenamoji zona,U_GG_E_F,"0,2*",0,KT,221,610.25,610.25,100.0
554400160280,554400160280,0.06,KlaipÓdos r. sav. KuliÖ k. LaukÖ 6-oji g. 10,610,Ekstensyvaus užstatymo gyvenamoji zona,U_GG_E_F,"0,2*",0,KT,221,599.68,599.68,100.0
554400160284,554400160284,0.0593,KlaipÓdos r. sav. KuliÖ k. LaukÖ 4-oji g. 12,610,Ekstensyvaus užstatymo gyvenamoji zona,U_GG_E_F,"0,2*",0,KT,221,593.25,593.25,100.0
554400170060,554400170060,0.06,KlaipÓdos r. sav. KuliÖ k. RoUiÖ 1-oji g. 14,610,Ekstensyvaus užstatymo gyvenamoji zona,U_GG_E_F,"0,2*",0,KT,221,601.87,601.87,100.0
554400180028,554400180028,0.06,KlaipÓdos r. sav. KuliÖ k. SvajoniÖ g. 9,610,Ekstensyvaus užstatymo gyvenamoji zona,U_GG_E_F,"0,2*",0,KT,221,627.79,627.79,100.0
554400180185,554400180185,0.0648,KlaipÓdos r. sav. KuliÖ k. NeuUmirÕtuoliÖ g. 4,610,Ekstensyvaus užstatymo gyvenamoji zona,U_GG_E_F,"0,2*",0,KT,221,648.03,648.03,100.0
554400180252,440002289972,0.1427,KlaipÓdos r. sav. KuliÖ k. KuliÖ Dvaro g. 10,995,Ekstensyvaus užstatymo gyvenamoji zona,U_GG_E_F,"0,2*",0,KT,221,1426.17,1426.17,100.0
554400180256,440029165708,0.1134,KlaipÓdos r. sav. KuliÖ k. VirUiÖ g. 1A,995,Ekstensyvaus užstatymo gyvenamoji zona,U_GG_E_F,"0,2*",0,KT,221,1134.09,1134.09,100.0
554400190145,554400190145,0.06,KlaipÓdos r. sav. KaspariÕkiÖ k. RusnÓs g. 18,610,Mažo užstatymo intensyvumo gyvenamoji zona,U_GG_M_F,"0,4*",0,KT,273,630.97,630.97,100.0
554400190185,554400190185,0.06,KlaipÓdos r. sav. KaspariÕkiÖ k. Baltijos g. 3,610,Mažo užstatymo intensyvumo gyvenamoji zona,U_GG_M_F,"0,4*",0,KT,273,617.11,617.11,100.0
554400190254,554400190254,0.06,KlaipÓdos r. sav. KaspariÕkiÖ k. Lalgirio g. 17,610,Mažo užstatymo intensyvumo gyvenamoji zona,U_GG_M_F,"0,4*",0,KT,273,612.96,612.96,100.0
554400200077,554400200077,0.06,KlaipÓdos r. sav. GruNeikiÖ k. PietinÓ g. 7,610,Mažo užstatymo intensyvumo gyvenamoji zona,U_GG_M_F,"0,4*",0,KT,273,639.62,639.62,100.0
554400200329,554400200329,0.0896,KlaipÓdos r. sav. GruNeikiÖ k. Tvenkinio 2-oji g. 27,610,Mažo užstatymo intensyvumo gyvenamoji zona,U_GG_M_F,"0,4*",0,KT,273,893.0,893.0,100.0
554400200355,554400200355,0.0896,KlaipÓdos r. sav. GruNeikiÖ k. Tvenkinio 2-oji g. 24,610,Mažo užstatymo intensyvumo gyvenamoji zona,U_GG_M_F,"0,4*",0,KT,273,929.65,929.65,100.0
554400200434,554400200434,0.0808,KlaipÓdos r. sav. GruNeikiÖ k. DraugystÓs g. 1,610,Mažo užstatymo intensyvumo gyvenamoji zona,U_GG_M_F,"0,4*",0,KT,273,808.21,808.21,100.0
554400200462,554400200462,0.0896,KlaipÓdos r. sav. GruNeikiÖ k. DraugystÓs g. 40,610,Mažo užstatymo intensyvumo gyvenamoji zona,U_GG_M_F,"0,4*",0,KT,273,895.96,895.96,100.0
554400260004,554400260004,0.0697,KlaipÓdos r. sav. KisiniÖ k. SodÖ g. 14,610,Mažo užstatymo intensyvumo gyvenamoji zona,U_GG_M_F,"0,4*",0,KT,179,700.99,700.99,100.0
554400270021,554400270021,0.059,KlaipÓdos r. sav. KiÕkÓnÖ k. TulpiÖ tak. 8,610,Mažo užstatymo intensyvumo gyvenamoji zona,U_GG_M_F,"0,4*",0,KT,236,568.83,568.83,100.0
554400270057,554400270057,0.0635,KlaipÓdos r. sav. KiÕkÓnÖ k. AguonÖ tak. 8,610,Mažo užstatymo intensyvumo gyvenamoji zona,U_GG_M_F,"0,4*",0,KT,236,634.74,634.74,100.0
554500010051,554500010051,1.73,KlaipÓdos r. sav. PakamoriÖ k.,610,Žemės ūkio teritorijų zona,ZU_F,"0,05;0,8***",0,Z;KT,398,17303.58,17286.34,99.9
554500010051,554500010051,1.73,KlaipÓdos r. sav. PakamoriÖ k.,610,Miškų ir miškingų teritorijų zona,MI_F,0,0,M,397,17303.58,17.24,0.1
554500010256,554500010256,0.2346,KlaipÓdos r. sav. PlikiÖ mstl.,610,Vidutinio užstatymo intensyvumo gyvenamoji zona,U_GG_V_F,"0,8*",0,KT,401,2346.4,2346.4,100.0
554500010345,440005263898,1.15,KlaipÓdos r. sav. TrakiÖ k.,610,Žemės ūkio teritorijų zona,ZU_F,"0,05;0,8***",0,Z;KT,394,11550.19,11550.19,100.0
554500010376,440007384229,0.8425,KlaipÓdos r. sav. PlikiÖ mstl.,610,Mažo užstatymo intensyvumo gyvenamoji zona,U_GG_M_F,"0,4*",0,KT,400,8425.48,8425.48,100.0
554500010395,440008821009,1.6272,KlaipÓdos r. sav. VytauNiÖ k.,610,Žemės ūkio teritorijų zona,ZU_F,"0,05;0,8***",0,Z;KT,398,16271.86,16271.86,100.0
554500010395,440008821009,1.6272,KlaipÓdos r. sav. VytauNiÖ k.,610,Mažo užstatymo intensyvumo gyvenamoji zona,U_GG_M_F,"0,4*",0,KT,400,16271.86,0.01,0.0
554500020047,554500020047,0.8346,KlaipÓdos r. sav. TriuÕiÖ k.,610,Žemės ūkio teritorijų zona,ZU_F,"0,1;0,8***",0,Z;KT,423,8346.69,8346.69,100.0
554500020238,554500020238,0.7638,KlaipÓdos r. sav. TriuÕiÖ k. LvirblynÓs g. 13,995,Žemės ūkio teritorijų zona,ZU_F,"0,1;0,8***",0,Z;KT,423,7638.18,7638.18,100.0
554500020370,440009445269,3.2227,KlaipÓdos r. sav. KatkÖ k.,610,Žemės ūkio teritorijų zona,ZU_F,"0,05;0,8***",0,Z;KT,396,32227.38,32227.38,100.0
554500020377,440009543780,3.01,KlaipÓdos r. sav. TriuÕiÖ k.,710,Miškų ir miškingų teritorijų zona,MI_F,0,0,M,395,30923.86,24306.58,78.6
554500020377,440009543780,3.01,KlaipÓdos r. sav. TriuÕiÖ k.,710,Žemės ūkio teritorijų zona,ZU_F,"0,1;0,8***",0,Z;KT,423,30923.86,6617.28,21.4
554500020382,440009743760,1.17,KlaipÓdos r. sav. VytauNiÖ k.,610,Mažo užstatymo intensyvumo gyvenamoji zona,U_GG_M_F,"0,4*",0,KT,400,11656.68,11656.68,100.0
554500020501,440024328487,1.2998,KlaipÓdos r. sav. TriuÕiÖ k. LvirblynÓs g. 7,995,Žemės ūkio teritorijų zona,ZU_F,"0,1;0,8***",0,Z;KT,423,12999.0,12999.0,100.0
554500030259,440046227792,0.2519,KlaipÓdos r. sav. MedikiÖ k.,610,Žemės ūkio teritorijų zona,ZU_F,"0,05;0,8***",0,Z;KT,398,2518.13,2518.13,100.0
554500030300,554500030300,1.452,KlaipÓdos r. sav. PlikiÖ mstl.,610,Mažo užstatymo intensyvumo gyvenamoji zona,U_GG_M_F,"0,4*",0,KT,400,14519.51,14519.51,100.0
554500030340,440051578779,1.0053,KlaipÓdos r. sav. PlikiÖ mstl.,610,Mažo užstatymo intensyvumo gyvenamoji zona,U_GG_M_F,"0,4*",0,KT,400,10053.22,10053.22,100.0
554500030490,440008150454,0.36,KlaipÓdos r. sav. PlikiÖ mstl.,610,Ekstensyvaus užstatymo gyvenamoji zona,U_GG_E_F,"0,2*",0,KT,404,3705.23,3705.23,100.0
554500030503,440008897876,2.6788,KlaipÓdos r. sav. GrauminÓs k.,610,Pramonės ir sandėliavimo zona,U_PS_F,"2,5",0,KT,402,26788.79,26788.79,100.0
554500030506,440008913757,0.43,KlaipÓdos r. sav. PlikiÖ mstl.,610,Mažo užstatymo intensyvumo gyvenamoji zona,U_GG_M_F,"0,4*",0,KT,400,4152.18,4152.18,100.0
554500030557,440015185046,0.13,KlaipÓdos r. sav. PlikiÖ mstl.,610,Vidutinio užstatymo intensyvumo gyvenamoji zona,U_GG_V_F,"0,8*",0,KT,401,1240.66,1240.66,100.0
554500040134,440002457176,2.19,KlaipÓdos r. sav. PakamoriÖ k.,610,Ekstensyvaus užstatymo gyvenamoji zona,U_GG_E_F,"0,2*",0,KT,388,23269.38,23139.99,99.44
554500040134,440002457176,2.19,KlaipÓdos r. sav. PakamoriÖ k.,610,Mažo užstatymo intensyvumo gyvenamoji zona,U_GG_M_F,"0,4*",0,KT,400,23269.38,129.39,0.56
554500040230,440026952087,0.1062,KlaipÓdos r. sav. PlikiÖ mstl. KlevÖ g. 5,995,Mažo užstatymo intensyvumo gyvenamoji zona,U_GG_M_F,"0,4*",0,KT,400,1061.96,1061.96,100.0
554500040304,440008772286,0.66,KlaipÓdos r. sav. PakamoriÖ k.,610,Ekstensyvaus užstatymo gyvenamoji zona,U_GG_E_F,"0,2*",0,KT,388,7300.56,7300.56,100.0
554500040490,440017699324,0.1482,KlaipÓdos r. sav. LiobriÖ k.,995,Mažo užstatymo intensyvumo gyvenamoji zona,U_GG_M_F,"0,4*",0,KT,400,1482.43,1482.43,100.0
554500040624,440041763640,0.5835,KlaipÓdos r. sav. PakamoriÖ k.,610,Ekstensyvaus užstatymo gyvenamoji zona,U_GG_E_F,"0,2*",0,KT,388,5835.21,5835.21,100.0
554500040695,440051712875,2.0204,KlaipÓdos r. sav. LiobriÖ k.,610,Mažo užstatymo intensyvumo gyvenamoji zona,U_GG_M_F,"0,4*",0,KT,400,20203.66,20203.66,100.0
554800020052,440010036532,0.1745,KlaipÓdos r. sav. PriekulÓs m. Turgaus g. 32,995,Vidutinio užstatymo intensyvumo gyvenamoji zona,U_GG_V_F,"0,8*",0,KT,295,1745.1,1745.1,100.0
555000010045,555000010045,2.0,KlaipÓdos r. sav. Juodupio k.,710,Miškų ir miškingų teritorijų zona,MI_F,0,0,M;KT,577,27872.91,27200.0,97.59
555000010045,555000010045,2.0,KlaipÓdos r. sav. Juodupio k.,710,Žemės ūkio teritorijų zona,ZU_F,"0,05;0,8***",0,Z;KT,86,27872.91,553.2,1.98
555000010045,555000010045,2.0,KlaipÓdos r. sav. Juodupio k.,710,Žemės ūkio teritorijų zona,ZU_F,"0,05;0,8***",0,Z;KT,85,27872.91,119.71,0.43
555000010049,555000010049,3.37,KlaipÓdos r. sav. AisÓnÖ k.,710,Miškų ir miškingų teritorijų zona,MI_F,0,0,M;KT,577,34317.77,34317.77,100.0
555000010166,440002865316,1.1924,KlaipÓdos r. sav. AisÓnÖ k.,610,Mažo užstatymo intensyvumo gyvenamoji zona,U_GG_M_F,"0,4*",0,KT,89,11925.12,11925.12,100.0
555000010203,440003647010,0.48,KlaipÓdos r. sav. PozingiÖ k.,610,Žemės ūkio teritorijų zona,ZU_F,"0,05;0,8***",0,Z;KT,581,5185.93,5185.93,100.0
555000010262,440011243311,3.0,KlaipÓdos r. sav. PozingiÖ k.,610,Žemės ūkio teritorijų zona,ZU_F,"0,05;0,8***",0,Z;KT,581,31472.15,31472.15,100.0
555000010334,440018162593,2.61,KlaipÓdos r. sav. AisÓnÖ k.,710,Miškų ir miškingų teritorijų zona,MI_F,0,0,M;KT,577,25319.89,25319.89,100.0
555000020008,555000020008,10.12,KlaipÓdos r. sav. AisÓnÖ k.,710,Miškų ir miškingų teritorijų zona,MI_F,0,0,M;KT,577,103570.42,89082.23,86.01
555000020008,555000020008,10.12,KlaipÓdos r. sav. AisÓnÖ k.,710,Žemės ūkio teritorijų zona,ZU_F,"0,05;0,8***",0,Z;KT,86,103570.42,14485.96,13.99
555000020008,555000020008,10.12,KlaipÓdos r. sav. AisÓnÖ k.,710,Žemės ūkio teritorijų zona,ZU_F,"0,05;0,8***",0,Z;KT,85,103570.42,2.24,0.0
555000020167,440030557552,0.85,KlaipÓdos r. sav. AisÓnÖ k. Pasienio g. 1,995,Mažo užstatymo intensyvumo gyvenamoji zona,U_GG_M_F,"0,4*",0,KT,89,8585.39,8585.39,100.0
555000020177,555000020177,0.411,KlaipÓdos r. sav. PÓUaiNiÖ k. ¾ermukÕniÖ g. 6,995,Mažo užstatymo intensyvumo gyvenamoji zona,U_GG_M_F,"0,4*",0,KT,89,4110.78,4110.78,100.0
555000030002,555000030002,7.24,KlaipÓdos r. sav. MockaiNiÖ k.,610,Žemės ūkio teritorijų zona,ZU_F,"0,05;0,8***",0,Z;KT,46,73824.65,51306.44,69.5
555000030002,555000030002,7.24,KlaipÓdos r. sav. MockaiNiÖ k.,610,Miškų ir miškingų teritorijų zona,MI_F,0,0,M,48,73824.65,15511.12,21.01
555000030002,555000030002,7.24,KlaipÓdos r. sav. MockaiNiÖ k.,610,Žemės ūkio teritorijų zona,ZU_F,"0,05;0,8***",0,Z;KT,49,73824.65,6876.38,9.31
555000030002,555000030002,7.24,KlaipÓdos r. sav. MockaiNiÖ k.,610,Vandenų zona,H_F,0,0,H,47,73824.65,130.71,0.18
555000030039,555000030039,1.27,KlaipÓdos r. sav. SkomantÖ k.,610,Mažo užstatymo intensyvumo gyvenamoji zona,U_GG_M_F,"0,4*",0,KT,44,13159.93,13159.93,100.0
555000030148,440015432109,0.6,KlaipÓdos r. sav. MikuUiÖ k.,710,Miškų ir miškingų teritorijų zona,MI_F,0,0,M,37,6389.37,6389.37,100.0
555000030279,440021127171,0.2,KlaipÓdos r. sav. MockaiNiÖ k. 10,995,Žemės ūkio teritorijų zona,ZU_F,"0,05;0,8***",0,Z;KT,46,2000.03,2000.03,100.0
555000040108,440020595593,0.9564,KlaipÓdos r. sav. BilvieNio k.,610,Žemės ūkio teritorijų zona,ZU_F,"0,05;0,8***",0,Z;KT,40,9564.03,9564.03,100.0
555000040214,440046088144,0.9047,KlaipÓdos r. sav. BilvieNio k.,610,Žemės ūkio teritorijų zona,ZU_F,"0,05;0,8***",0,Z;KT,40,9047.35,9047.35,100.0
555000060204,440024463105,4.0617,KlaipÓdos r. sav. PÓUaiNiÖ k.,610,Žemės ūkio teritorijų zona,ZU_F,"0,05;0,8***",0,Z;KT,581,40617.48,40617.48,100.0
555000060207,440043123791,0.2846,KlaipÓdos r. sav. DvyliÖ k.,610,Miškų ir miškingų teritorijų zona,MI_F,0,0,M;KT,90,2845.91,2845.91,100.0
555200010037,555200010037,281.8273,KlaipÓdos r. sav. KairiÖ k.,995,Specializuotų kompleksų zona,U_SK_F,"1,6",0,KT;M,267,2942635.17,2151182.27,73.1
555200010037,555200010037,281.8273,KlaipÓdos r. sav. KairiÖ k.,995,Specializuotų kompleksų zona,U_SK_F,"1,6",0,KT;M,255,2942635.17,405907.69,13.79
555200010037,555200010037,281.8273,KlaipÓdos r. sav. KairiÖ k.,995,Specializuotų kompleksų zona,U_SK_F,"1,6",0,KT;M,271,2942635.17,382177.47,12.99
555200010037,555200010037,281.8273,KlaipÓdos r. sav. KairiÖ k.,995,Žemės ūkio teritorijų zona,ZU_F,"0,05;0,8***",0,Z;KT,268,2942635.17,3019.08,0.1
555200010037,555200010037,281.8273,KlaipÓdos r. sav. KairiÖ k.,995,Miškų ir miškingų teritorijų zona,MI_F,0,0,M;KT,347,2942635.17,241.14,0.01
555200010037,555200010037,281.8273,KlaipÓdos r. sav. KairiÖ k.,995,Pramonės ir sandėliavimo zona,U_PS_F,"2,5",0,KT,348,2942635.17,107.51,0.0
555200010040,555200010040,28.5444,KlaipÓdos r. sav. VaÕkiÖ k.,610,Ekstensyvaus užstatymo gyvenamoji zona,U_GG_E_F,"0,2*",0,KT,270,285443.59,284309.6,99.6
555200010040,555200010040,28.5444,KlaipÓdos r. sav. VaÕkiÖ k.,610,Žemės ūkio teritorijų zona,ZU_F,"0,1;0,8***",0,Z;KT,275,285443.59,1133.99,0.4
555200010076,555200010076,3.0,KlaipÓdos r. sav. ¾ilgaliÖ k.,610,Ekstensyvaus užstatymo gyvenamoji zona,U_GG_E_F,"0,2*",0,KT,270,31590.3,31590.3,100.0
555200010347,440018342348,0.0696,KlaipÓdos r. sav. ¾ilgaliÖ k. Lenktoji g. 68,995,Ekstensyvaus užstatymo gyvenamoji zona,U_GG_E_F,"0,2*",0,KT,270,696.44,696.44,100.0
555200020102,440002525888,0.04,KlaipÓdos r. sav. TraubiÖ k.,610,Žemės ūkio teritorijų zona,ZU_F,"0,05;0,8***",0,Z;KT,153,400.05,400.05,100.0
555200020305,440046918030,0.0983,KlaipÓdos r. sav. KetvergiÖ k. KieNiÖ g. 9,995,Žemės ūkio teritorijų zona,ZU_F,"0,1;0,8***",0,Z;KT,157,983.28,983.28,100.0
555200020318,440050554537,0.405,KlaipÓdos r. sav. SpengiÖ k.,610,Žemės ūkio teritorijų zona,ZU_F,"0,1;0,8***",0,Z;KT,157,4051.19,4051.19,100.0
555200030044,555200030044,0.803,KlaipÓdos r. sav. RokÖ k.,610,Žemės ūkio teritorijų zona,ZU_F,"0,05;0,8***",0,Z;KT,150,8029.85,8029.85,100.0
555200030198,440009937088,2.23,KlaipÓdos r. sav. ButkÖ k.,610,Žemės ūkio teritorijų zona,ZU_F,"0,05;0,8***",0,Z;KT,153,22300.2,22300.2,100.0
555200030309,440029777748,0.0897,KlaipÓdos r. sav. RokÖ k. Liedo g. 1,610,Mažo užstatymo intensyvumo gyvenamoji zona,U_GG_M_F,"0,4*",0,KT,175,897.64,897.64,100.0
555200030328,440031233046,0.0223,KlaipÓdos r. sav. RokÖ k.,995,Žemės ūkio teritorijų zona,ZU_F,"0,05;0,8***",0,Z;KT,150,223.24,223.24,100.0
555200030355,440045171194,0.144,KlaipÓdos r. sav. LiaukÖ k. RokÖ g. 36A,995,Žemės ūkio teritorijų zona,ZU_F,"0,05;0,8***",0,Z;KT,153,1440.37,1440.37,100.0
555200040188,440009837238,1.6165,KlaipÓdos r. sav. VoveriÕkiÖ k.,610,Žemės ūkio teritorijų zona,ZU_F,"0,05;0,8***",0,Z;KT,144,16165.25,16165.25,100.0
555200040230,440020527064,0.8,KlaipÓdos r. sav. VoveriÕkiÖ k.,610,Žemės ūkio teritorijų zona,ZU_F,"0,05;0,8***",0,Z;KT,153,8267.82,4973.57,60.16
555200040230,440020527064,0.8,KlaipÓdos r. sav. VoveriÕkiÖ k.,610,Miškų ir miškingų teritorijų zona,MI_F,0,0,M;KT,152,8267.82,3294.25,39.84
555200040248,440024062570,5.457,KlaipÓdos r. sav. VoveriÕkiÖ k.,610,Žemės ūkio teritorijų zona,ZU_F,"0,05;0,8***",0,Z;KT,144,54570.0,54570.0,100.0
555200050009,555200050009,2.5,KlaipÓdos r. sav. StragnÖ I k.,610,Žemės ūkio teritorijų zona,ZU_F,"0,1;0,8***",0,Z;KT,140,24712.76,24712.76,100.0
555200050129,440004443582,0.77,KlaipÓdos r. sav. StragnÖ II k.,610,Žemės ūkio teritorijų zona,ZU_F,"0,1;0,8***",0,Z;KT,140,7458.17,7458.17,100.0
555200050134,440004502670,2.17,KlaipÓdos r. sav. StragnÖ I k.,610,Žemės ūkio teritorijų zona,ZU_F,"0,1;0,8***",0,Z;KT,140,21515.94,21515.94,100.0
555200050336,440010861164,0.4,KlaipÓdos r. sav. StragnÖ II k.,610,Žemės ūkio teritorijų zona,ZU_F,"0,1;0,8***",0,Z;KT,140,5174.71,5174.71,100.0
555200050457,440038735134,0.3254,KlaipÓdos r. sav. B×dvieNiÖ k. 2A,995,Žemės ūkio teritorijų zona,ZU_F,"0,1;0,8***",0,Z;KT,140,3254.09,3254.09,100.0
555200050484,440044955533,3.3501,KlaipÓdos r. sav. StragnÖ I k.,610,Žemės ūkio teritorijų zona,ZU_F,"0,1;0,8***",0,Z;KT,140,33500.59,33500.59,100.0
555200060031,555200060031,2.1756,KlaipÓdos r. sav. ¾ilininkÖ k.,610,Žemės ūkio teritorijų zona,ZU_F,"0,05;0,8***",0,Z;KT,307,21756.47,21756.47,100.0
555200060185,440052652538,1.4,KlaipÓdos r. sav. ¾ilininkÖ k.,610,Žemės ūkio teritorijų zona,ZU_F,"0,05;0,8***",0,Z;KT,303,14944.37,12836.32,85.89
555200060185,440052652538,1.4,KlaipÓdos r. sav. ¾ilininkÖ k.,610,Žemės ūkio teritorijų zona,ZU_F,"0,05;0,8***",0,Z;KT,300,14944.37,2108.05,14.11
555200070081,440024768798,1.2891,KlaipÓdos r. sav. LiaunÖ k.,610,Žemės ūkio teritorijų zona,ZU_F,"0,05;0,8***",0,Z;KT,303,12891.46,12891.46,100.0
555200070085,440043725672,2.0117,KlaipÓdos r. sav. ¾ilininkÖ k.,610,Žemės ūkio teritorijų zona,ZU_F,"0,05;0,8***",0,Z;KT,303,20117.48,20009.32,99.46
555200070085,440043725672,2.0117,KlaipÓdos r. sav. ¾ilininkÖ k.,610,Vandenų zona,H_F,0,0,H;KT,301,20117.48,108.16,0.54
555200080293,440024122214,1.55,KlaipÓdos r. sav. GropiÕkiÖ k.,610,Mažo užstatymo intensyvumo gyvenamoji zona,U_GG_M_F,"0,4*",0,KT,294,16398.26,16398.26,100.0
555200090072,555200090072,0.0752,KlaipÓdos r. sav. PriekulÓs II k.,610,Mažo užstatymo intensyvumo gyvenamoji zona,U_GG_M_F,"0,4*",0,KT,294,752.46,752.46,100.0
555200090117,555200090117,0.24,KlaipÓdos r. sav. PriekulÓs II k.,610,Mažo užstatymo intensyvumo gyvenamoji zona,U_GG_M_F,"0,4*",0,KT,294,3143.88,3143.88,100.0
555200090335,440051771890,0.082,KlaipÓdos r. sav. PriekulÓs II k.,610,Mažo užstatymo intensyvumo gyvenamoji zona,U_GG_M_F,"0,4*",0,KT,294,819.87,819.87,100.0
555200090395,555200090395,1.97,KlaipÓdos r. sav. KuodUiÖ k.,610,Žemės ūkio teritorijų zona,ZU_F,"0,05;0,8***",0,Z;KT,153,17891.64,17891.64,100.0
555200090517,440004446660,0.32,KlaipÓdos r. sav. Dituvos k.,610,Ekstensyvaus užstatymo gyvenamoji zona,U_GG_E_F,"0,2*",0,KT,155,3428.0,3428.0,100.0
555200090705,440012875460,1.15,KlaipÓdos r. sav. KuodUiÖ k.,610,Žemės ūkio teritorijų zona,ZU_F,"0,05;0,8***",0,Z;KT,153,12325.03,12325.03,100.0
555200090713,440012929752,0.53,KlaipÓdos r. sav. Dituvos k.,610,Ekstensyvaus užstatymo gyvenamoji zona,U_GG_E_F,"0,2*",0,KT,155,5821.08,5821.08,100.0
555200090715,440014593272,0.47,KlaipÓdos r. sav. Dituvos k.,610,Ekstensyvaus užstatymo gyvenamoji zona,U_GG_E_F,"0,2*",0,KT,155,4716.57,4716.57,100.0
555200100041,440027012982,0.32,KlaipÓdos r. sav. MickÖ k. VaÕkiÖ g. 17,995,Pramonės ir sandėliavimo zona,U_PS_F,"2,5",0,KT,352,3199.81,3199.81,100.0
555200100154,440003173588,1.3,KlaipÓdos r. sav. Dituvos k.,610,Ekstensyvaus užstatymo gyvenamoji zona,U_GG_E_F,"0,2*",0,KT,155,13165.35,13165.35,100.0
555200100189,440050072774,0.217,KlaipÓdos r. sav. Dituvos k. PakrantÓs g. 6,995,Ekstensyvaus užstatymo gyvenamoji zona,U_GG_E_F,"0,2*",0,KT,155,2169.93,2169.93,100.0
555200100303,555200100303,0.3408,KlaipÓdos r. sav. Dituvos k. TraubiÖ g. 12,995,Žemės ūkio teritorijų zona,ZU_F,"0,05;0,8***",0,Z;KT,153,3408.33,3408.33,100.0
555200100369,440004875190,0.35,KlaipÓdos r. sav. Dituvos k.,610,Pramonės ir sandėliavimo zona,U_PS_F,"2,5",0,KT,352,3256.09,3256.09,100.0
555200100389,440005270070,0.4,KlaipÓdos r. sav. TraubiÖ k.,610,Žemės ūkio teritorijų zona,ZU_F,"0,05;0,8***",0,Z;KT,153,4000.06,4000.06,100.0
555200100402,440007418082,0.7208,KlaipÓdos r. sav. Dituvos k.,610,Ekstensyvaus užstatymo gyvenamoji zona,U_GG_E_F,"0,2*",0,KT,155,7208.0,7208.0,100.0
555200100522,440017524024,0.5208,KlaipÓdos r. sav. Dituvos k.,610,Ekstensyvaus užstatymo gyvenamoji zona,U_GG_E_F,"0,2*",0,KT,155,5208.14,5207.24,99.98
555200100522,440017524024,0.5208,KlaipÓdos r. sav. Dituvos k.,610,Žemės ūkio teritorijų zona,ZU_F,"0,05;0,8***",0,Z;KT,153,5208.14,0.9,0.02
555200110108,440006042824,0.52,KlaipÓdos r. sav. Dituvos k.,610,Žemės ūkio teritorijų zona,ZU_F,"0,1;0,8***",0,Z;KT,275,5614.92,5614.92,100.0
555200110114,440006040836,1.55,KlaipÓdos r. sav. Dituvos k.,610,Žemės ūkio teritorijų zona,ZU_F,"0,1;0,8***",0,Z;KT,275,15500.59,15500.59,100.0
555200110146,440014695595,0.54,KlaipÓdos r. sav. Dituvos k. L×UgaliÖ g. 4,610,Žemės ūkio teritorijų zona,ZU_F,"0,1;0,8***",0,Z;KT,275,5400.24,5400.24,100.0
555200110516,440040789153,0.086,KlaipÓdos r. sav. Dituvos k. Rudens g. 47,995,Žemės ūkio teritorijų zona,ZU_F,"0,1;0,8***",0,Z;KT,275,860.02,860.02,100.0
555200110519,440040789220,0.086,KlaipÓdos r. sav. Dituvos k. Rudens g. 35,995,Žemės ūkio teritorijų zona,ZU_F,"0,1;0,8***",0,Z;KT,275,859.82,859.82,100.0
555200110562,440045103344,0.0915,KlaipÓdos r. sav. Dituvos k. PaslapNiÖ g. 1,995,Žemės ūkio teritorijų zona,ZU_F,"0,1;0,8***",0,Z;KT,275,915.01,915.01,100.0
555200110602,440052269122,0.25,KlaipÓdos r. sav. Dituvos k. PrekymeNio g. 14,995,Žemės ūkio teritorijų zona,ZU_F,"0,1;0,8***",0,Z;KT,275,2499.93,2499.93,100.0
555200120177,555200120177,0.0711,KlaipÓdos r. sav. LiaukÖ k. LvejÖ g. 48,610,Mažo užstatymo intensyvumo gyvenamoji zona,U_GG_M_F,"0,4*",0,KT,175,712.72,712.72,100.0
555200120184,555200120184,0.0585,KlaipÓdos r. sav. LiaukÖ k. LvejÖ g. 31,610,Mažo užstatymo intensyvumo gyvenamoji zona,U_GG_M_F,"0,4*",0,KT,175,566.7,566.7,100.0
555200120221,555200120221,0.0557,KlaipÓdos r. sav. LiaukÖ k. LibuokliÖ g. 40,610,Mažo užstatymo intensyvumo gyvenamoji zona,U_GG_M_F,"0,4*",0,KT,175,550.76,550.76,100.0
555200120224,555200120224,0.06,KlaipÓdos r. sav. LiaukÖ k. LibuokliÖ g. 39,610,Mažo užstatymo intensyvumo gyvenamoji zona,U_GG_M_F,"0,4*",0,KT,175,599.27,599.27,100.0
555200120279,555200120279,0.0573,KlaipÓdos r. sav. LiaukÖ k. ¾vyturio g. 4,610,Mažo užstatymo intensyvumo gyvenamoji zona,U_GG_M_F,"0,4*",0,KT,175,584.04,584.04,100.0
555200120418,555200120418,0.059,KlaipÓdos r. sav. LiaukÖ k. VyÕniÖ g. 6,610,Mažo užstatymo intensyvumo gyvenamoji zona,U_GG_M_F,"0,4*",0,KT,175,565.42,565.42,100.0
555200120510,555200120510,0.06,KlaipÓdos r. sav. LiaukÖ k. ¾alavijÖ g. 8,610,Mažo užstatymo intensyvumo gyvenamoji zona,U_GG_M_F,"0,4*",0,KT,175,604.81,604.81,100.0
555200120627,555200120627,0.0512,KlaipÓdos r. sav. LiaukÖ k. PaparNiÖ g. 22,610,Mažo užstatymo intensyvumo gyvenamoji zona,U_GG_M_F,"0,4*",0,KT,175,536.32,536.32,100.0
555200120811,555200120811,0.0798,KlaipÓdos r. sav. LiaukÖ k. PakisupÓs g. 6,610,Mažo užstatymo intensyvumo gyvenamoji zona,U_GG_M_F,"0,4*",0,KT,175,820.06,820.06,100.0
555200121065,555200121065,0.0842,KlaipÓdos r. sav. LiaukÖ k. VeUÓjÖ g. 23,610,Mažo užstatymo intensyvumo gyvenamoji zona,U_GG_M_F,"0,4*",0,KT,175,842.23,842.23,100.0
555200121142,555200121142,0.0588,KlaipÓdos r. sav. LiaukÖ k. Paupio g. 13,610,Mažo užstatymo intensyvumo gyvenamoji zona,U_GG_M_F,"0,4*",0,KT,175,600.31,600.31,100.0
555200121178,555200121178,0.063,KlaipÓdos r. sav. LiaukÖ k. Rudens g. 1,610,Mažo užstatymo intensyvumo gyvenamoji zona,U_GG_M_F,"0,4*",0,KT,175,639.03,639.03,100.0
555200121179,555200121179,0.0595,KlaipÓdos r. sav. LiaukÖ k. Rudens g. 3,610,Mažo užstatymo intensyvumo gyvenamoji zona,U_GG_M_F,"0,4*",0,KT,175,594.58,594.58,100.0
555200130024,555200130024,0.045,KlaipÓdos r. sav. LiaukÖ k. PurienÖ tak. 11,610,Mažo užstatymo intensyvumo gyvenamoji zona,U_GG_M_F,"0,4*",0,KT,175,448.96,448.96,100.0
555200130154,555200130154,0.06,KlaipÓdos r. sav. LiaukÖ k. PuÕÖ tak. 11,610,Mažo užstatymo intensyvumo gyvenamoji zona,U_GG_M_F,"0,4*",0,KT,175,616.4,616.4,100.0
555200130322,555200130322,0.0603,KlaipÓdos r. sav. LiaukÖ k. SerenNiÖ tak. 15,610,Mažo užstatymo intensyvumo gyvenamoji zona,U_GG_M_F,"0,4*",0,KT,175,602.51,602.51,100.0
555200130368,555200130368,0.0591,KlaipÓdos r. sav. LiaukÖ k. R×tÖ tak. 23,610,Mažo užstatymo intensyvumo gyvenamoji zona,U_GG_M_F,"0,4*",0,KT,175,591.17,591.17,100.0
555200130522,555200130522,0.06,KlaipÓdos r. sav. LiaukÖ k. VynuogiÖ tak. 8,610,Mažo užstatymo intensyvumo gyvenamoji zona,U_GG_M_F,"0,4*",0,KT,175,575.15,575.15,100.0
555200130741,555200130741,0.0592,KlaipÓdos r. sav. LiaukÖ k. GandrÖ tak. 23,610,Mažo užstatymo intensyvumo gyvenamoji zona,U_GG_M_F,"0,4*",0,KT,175,577.82,577.82,100.0
555270010005,440017952033,1.7378,,995,Pramonės ir sandėliavimo zona,U_PS_F,"2,5",0,KT,299,17377.53,17376.24,99.99
555270010005,440017952033,1.7378,,995,Mažo užstatymo intensyvumo gyvenamoji zona,U_GG_M_F,"0,4*",0,KT,294,17377.53,1.29,0.01
555300010049,555300010049,6.15,KlaipÓdos r. sav. ¾alpÓnÖ k.,710,Miškų ir miškingų teritorijų zona,MI_F,0,0,M,558,64194.72,63973.34,99.66
555300010049,555300010049,6.15,KlaipÓdos r. sav. ¾alpÓnÖ k.,710,Žemės ūkio teritorijų zona,ZU_F,"0,05;0,8***",0,Z;KT,559,64194.72,221.39,0.34
555300010075,555300010075,0.47,KlaipÓdos r. sav. ¾alpÓnÖ k.,610,Mažo užstatymo intensyvumo gyvenamoji zona,U_GG_M_F,"0,4*",0,KT,556,4744.7,4688.11,98.81
555300010075,555300010075,0.47,KlaipÓdos r. sav. ¾alpÓnÖ k.,610,Miškų ir miškingų teritorijų zona,MI_F,0,0,M,555,4744.7,56.59,1.19
555300010171,440008608160,3.65,KlaipÓdos r. sav. ¾alpÓnÖ k.,710,Miškų ir miškingų teritorijų zona,MI_F,0,0,M;KT,533,34437.32,34437.32,100.0
555300010188,440010456272,6.14,KlaipÓdos r. sav. ¾alpÓnÖ k.,610,Mažo užstatymo intensyvumo gyvenamoji zona,U_GG_M_F,"0,4*",0,KT,556,62588.72,62346.3,99.61
555300010188,440010456272,6.14,KlaipÓdos r. sav. ¾alpÓnÖ k.,610,Miškų ir miškingų teritorijų zona,MI_F,0,0,M,555,62588.72,242.42,0.39
555300010267,440028298155,6.78,KlaipÓdos r. sav. ¾alpÓnÖ k.,610,Žemės ūkio teritorijų zona,ZU_F,"0,05;0,8***",0,Z;KT,536,67800.21,67800.21,100.0
555300010269,440028345900,1.4655,KlaipÓdos r. sav. ¾alpÓnÖ k.,610,Žemės ūkio teritorijų zona,ZU_F,"0,05;0,8***",0,Z;KT,536,14654.83,14619.28,99.76
555300010269,440028345900,1.4655,KlaipÓdos r. sav. ¾alpÓnÖ k.,610,Miškų ir miškingų teritorijų zona,MI_F,0,0,M,560,14654.83,35.55,0.24
555300020206,440050878670,1.1867,KlaipÓdos r. sav. KurmiÖ k.,610,Žemės ūkio teritorijų zona,ZU_F,"0,05;0,8***",0,Z;KT,536,11866.71,11866.71,100.0
555300030064,555300030064,1.0,KlaipÓdos r. sav. PakalniÕkiÖ k.,710,Miškų ir miškingų teritorijų zona,MI_F,0,0,M;KT,553,11849.71,11849.71,100.0
555300030290,440050447460,0.4729,KlaipÓdos r. sav. PakalniÕkiÖ k.,610,Žemės ūkio teritorijų zona,ZU_F,"0,05;0,8***",0,Z;KT,554,4728.96,4728.96,100.0
555300040003,555300040003,2.9,KlaipÓdos r. sav. ¾ermukÕniÖ k.,610,Žemės ūkio teritorijų zona,ZU_F,"0,05;0,8***",0,Z;KT,554,8023.56,4334.5,54.02
555300040003,555300040003,2.9,KlaipÓdos r. sav. ¾ermukÕniÖ k.,610,Miškų ir miškingų teritorijų zona,MI_F,0,0,M;KT,553,8023.56,3689.05,45.98
555300040029,555300040029,4.24,KlaipÓdos r. sav. BareikÖ k.,610,Žemės ūkio teritorijų zona,ZU_F,"0,05;0,8***",0,Z;KT,548,41095.66,41095.66,100.0
555300040052,555300040052,14.0,KlaipÓdos r. sav. Pakapio k. 1,610,Miškų ir miškingų teritorijų zona,MI_F,0,0,M,555,60679.4,47596.4,78.44
555300040052,555300040052,14.0,KlaipÓdos r. sav. Pakapio k. 1,610,Mažo užstatymo intensyvumo gyvenamoji zona,U_GG_M_F,"0,4*",0,KT,556,60679.4,13083.0,21.56
555300040094,555300040094,1.47,KlaipÓdos r. sav. Pakapio k.,610,Mažo užstatymo intensyvumo gyvenamoji zona,U_GG_M_F,"0,4*",0,KT,556,14582.64,14473.45,99.25
555300040094,555300040094,1.47,KlaipÓdos r. sav. Pakapio k.,610,Žemės ūkio teritorijų zona,ZU_F,"0,05;0,8***",0,Z;KT,548,14582.64,108.53,0.74
555300040094,555300040094,1.47,KlaipÓdos r. sav. Pakapio k.,610,Miškų ir miškingų teritorijų zona,MI_F,0,0,M,550,14582.64,0.66,0.0
555300040098,555300040098,1.3227,KlaipÓdos r. sav. ¾alpÓnÖ k.,610,Mažo užstatymo intensyvumo gyvenamoji zona,U_GG_M_F,"0,4*",0,KT,556,13226.85,13226.85,100.0
555300040212,440028856137,0.2679,KlaipÓdos r. sav. BareikÖ k.,610,Žemės ūkio teritorijų zona,ZU_F,"0,05;0,8***",0,Z;KT,548,2678.77,2678.77,100.0
555500010040,555500010040,9.91,KlaipÓdos r. sav. GelUiniÖ k.,610,Žemės ūkio teritorijų zona,ZU_F,"0,05;0,8***",0,Z;KT,129,97602.84,97602.84,100.0
555500010044,555500010044,6.2,KlaipÓdos r. sav. PiktoUiÖ k.,610,Žemės ūkio teritorijų zona,ZU_F,"0,05;0,8***",0,Z;KT,131,64912.58,64912.58,100.0
555500010312,440016170084,0.9238,KlaipÓdos r. sav. GelUiniÖ k.,995,Vandenų zona,H_F,0,0,H;KT,132,9237.96,5196.77,56.25
555500010312,440016170084,0.9238,KlaipÓdos r. sav. GelUiniÖ k.,995,Žemės ūkio teritorijų zona,ZU_F,"0,05;0,8***",0,Z;KT,134,9237.96,4041.19,43.75
555500020281,440045736874,0.2493,KlaipÓdos r. sav. MedsÓdUiÖ k. StirbiÖ g. 14,995,Mažo užstatymo intensyvumo gyvenamoji zona,U_GG_M_F,"0,4*",0,KT,104,2493.27,2493.27,100.0
555500020309,440052017299,5.4318,KlaipÓdos r. sav. MedsÓdUiÖ k.,610,Žemės ūkio teritorijų zona,ZU_F,"0,05;0,8***",0,Z;KT,106,54317.93,54293.24,99.95
555500020309,440052017299,5.4318,KlaipÓdos r. sav. MedsÓdUiÖ k.,610,Miškų ir miškingų teritorijų zona,MI_F,0,0,M,590,54317.93,24.69,0.05
555500020318,440051957970,2.1603,KlaipÓdos r. sav. MedsÓdUiÖ k.,610,Žemės ūkio teritorijų zona,ZU_F,"0,05;0,8***",0,Z;KT,106,21606.77,21606.77,100.0
555500020338,440052071917,4.1981,KlaipÓdos r. sav. MedsÓdUiÖ k.,610,Mažo užstatymo intensyvumo gyvenamoji zona,U_GG_M_F,"0,4*",0,KT,104,41981.22,36653.05,87.31
555500020338,440052071917,4.1981,KlaipÓdos r. sav. MedsÓdUiÖ k.,610,Žemės ūkio teritorijų zona,ZU_F,"0,05;0,8***",0,Z;KT,106,41981.22,5300.76,12.63
555500020338,440052071917,4.1981,KlaipÓdos r. sav. MedsÓdUiÖ k.,610,Miškų ir miškingų teritorijų zona,MI_F,0,0,M,590,41981.22,27.4,0.07
555500030069,555500030069,2.02,KlaipÓdos r. sav. MedsÓdUiÖ k.,610,Žemės ūkio teritorijų zona,ZU_F,"0,05;0,8***",0,Z;KT,586,20200.41,20200.41,100.0
555500030100,440001066200,7.25,KlaipÓdos r. sav. ¾i×pariÖ k.,710,Miškų ir miškingų teritorijų zona,MI_F,0,0,M;KT,582,71353.29,36666.4,51.39
555500030100,440001066200,7.25,KlaipÓdos r. sav. ¾i×pariÖ k.,710,Miškų ir miškingų teritorijų zona,MI_F,0,0,M;KT,578,71353.29,27284.27,38.24
555500030100,440001066200,7.25,KlaipÓdos r. sav. ¾i×pariÖ k.,710,Žemės ūkio teritorijų zona,ZU_F,"0,05;0,8***",0,Z;KT,583,71353.29,6810.71,9.55
555500030100,440001066200,7.25,KlaipÓdos r. sav. ¾i×pariÖ k.,710,Mažo užstatymo intensyvumo gyvenamoji zona,U_GG_M_F,"0,4*",0,KT,584,71353.29,591.91,0.83
555500030174,440015818386,0.43,KlaipÓdos r. sav. ¾i×pariÖ k.,610,Žemės ūkio teritorijų zona,ZU_F,"0,05;0,8***",0,Z;KT,583,5839.43,5839.43,100.0
555500030181,440019605486,0.3712,KlaipÓdos r. sav. JurjonÖ k. JurjonÖ g. 1,995,Žemės ūkio teritorijų zona,ZU_F,"0,05;0,8***",0,Z;KT,106,3709.58,3709.58,100.0
555500030228,440050811146,1.78,KlaipÓdos r. sav. MedsÓdUiÖ k.,610,Žemės ūkio teritorijų zona,ZU_F,"0,05;0,8***",0,Z;KT,586,17799.86,17799.86,100.0
555500040053,440001401772,1.68,KlaipÓdos r. sav. ¾i×pariÖ k. MiÕko g. 20A,610,Mažo užstatymo intensyvumo gyvenamoji zona,U_GG_M_F,"0,4*",0,KT,98,16799.89,16799.89,100.0
555500040092,555500040092,2.58,KlaipÓdos r. sav. ¾i×pariÖ k.,710,Miškų ir miškingų teritorijų zona,MI_F,0,0,M;KT,582,24354.74,23492.78,96.46
555500040092,555500040092,2.58,KlaipÓdos r. sav. ¾i×pariÖ k.,710,Žemės ūkio teritorijų zona,ZU_F,"0,05;0,8***",0,Z;KT,583,24354.74,861.97,3.54
555500040137,440029496884,1.3045,KlaipÓdos r. sav. ¾i×pariÖ k.,610,Mažo užstatymo intensyvumo gyvenamoji zona,U_GG_M_F,"0,4*",0,KT,98,13049.43,13049.43,100.0
555500040451,440006398330,0.311,KlaipÓdos r. sav. ¾i×pariÖ k. LemaiNiÖ g. 6,995,Mažo užstatymo intensyvumo gyvenamoji zona,U_GG_M_F,"0,4*",0,KT,98,3110.01,3110.01,100.0
555500040458,440007467712,0.27,KlaipÓdos r. sav. ¾i×pariÖ k.,610,Mažo užstatymo intensyvumo gyvenamoji zona,U_GG_M_F,"0,4*",0,KT,98,2928.72,2928.72,100.0
555500040501,440015861378,0.06,KlaipÓdos r. sav. ¾i×pariÖ k.,610,Mažo užstatymo intensyvumo gyvenamoji zona,U_GG_M_F,"0,4*",0,KT,98,595.0,595.0,100.0
555500040528,440020644488,0.9448,KlaipÓdos r. sav. ¾i×pariÖ k. Agluonos g. 16,610,Mažo užstatymo intensyvumo gyvenamoji zona,U_GG_M_F,"0,4*",0,KT,98,9448.18,9448.18,100.0
555500040536,440022235712,0.25,KlaipÓdos r. sav. ¾i×pariÖ k. Vingio g. 12,995,Mažo užstatymo intensyvumo gyvenamoji zona,U_GG_M_F,"0,4*",0,KT,98,2476.36,2476.36,100.0
555500050080,555500050080,0.0592,KlaipÓdos r. sav. ¾i×pariÖ k. PamiÕkÓs g. 4,610,Mažo užstatymo intensyvumo gyvenamoji zona,U_GG_M_F,"0,4*",0,KT,584,592.35,519.06,87.63
555500050080,555500050080,0.0592,KlaipÓdos r. sav. ¾i×pariÖ k. PamiÕkÓs g. 4,610,Miškų ir miškingų teritorijų zona,MI_F,0,0,M;KT,578,592.35,73.29,12.37
555500050180,555500050180,0.06,KlaipÓdos r. sav. ¾i×pariÖ k. VyturiÖ 3-oji g. 3,610,Mažo užstatymo intensyvumo gyvenamoji zona,U_GG_M_F,"0,4*",0,KT,584,594.72,594.72,100.0
555500050405,555500050405,0.06,KlaipÓdos r. sav. ¾i×pariÖ k. TvenkiniÖ g. 7,610,Mažo užstatymo intensyvumo gyvenamoji zona,U_GG_M_F,"0,4*",0,KT,584,599.9,599.9,100.0
555500050517,555500050517,0.06,KlaipÓdos r. sav. ¾i×pariÖ k. LaukÖ 8-oji g. 2,610,Mažo užstatymo intensyvumo gyvenamoji zona,U_GG_M_F,"0,4*",0,KT,584,599.7,599.7,100.0
555500050606,555500050606,0.0648,KlaipÓdos r. sav. ¾i×pariÖ k. Vilties 1-oji g. 2,610,Mažo užstatymo intensyvumo gyvenamoji zona,U_GG_M_F,"0,4*",0,KT,584,648.06,648.06,100.0
555500050645,555500050645,0.06,KlaipÓdos r. sav. ¾i×pariÖ k. Vilties g. 3,610,Mažo užstatymo intensyvumo gyvenamoji zona,U_GG_M_F,"0,4*",0,KT,584,604.08,604.08,100.0
555500050680,555500050680,0.06,KlaipÓdos r. sav. ¾i×pariÖ k. LakÕtuNiÖ 2-oji g. 7,610,Mažo užstatymo intensyvumo gyvenamoji zona,U_GG_M_F,"0,4*",0,KT,584,610.73,610.73,100.0
555500050719,555500050719,0.06,KlaipÓdos r. sav. ¾i×pariÖ k. Tverupio g. 10,610,Mažo užstatymo intensyvumo gyvenamoji zona,U_GG_M_F,"0,4*",0,KT,584,621.12,621.12,100.0
555500050790,555500050790,0.06,KlaipÓdos r. sav. ¾i×pariÖ k. SlÓnio 4-oji g. 7,610,Mažo užstatymo intensyvumo gyvenamoji zona,U_GG_M_F,"0,4*",0,KT,584,602.32,602.32,100.0
555500050854,440017206694,0.0643,KlaipÓdos r. sav. ¾i×pariÖ k. KarklÓs g. 38,610,Mažo užstatymo intensyvumo gyvenamoji zona,U_GG_M_F,"0,4*",0,KT,584,642.92,642.92,100.0
555800010031,555800010031,0.0667,KlaipÓdos r. sav. KalnuvÓnÖ k. GeguNiÖ g. 11,610,Ekstensyvaus užstatymo gyvenamoji zona,U_GG_E_F,"0,2*",0,KT,341,605.8,605.8,100.0
555800010149,555800010149,0.75,KlaipÓdos r. sav. GlaudÓnÖ k.,610,Pramonės ir sandėliavimo zona,U_PS_F,"2,5",0,KT,360,7684.8,7684.8,100.0
555800010248,440008170258,0.119,KlaipÓdos r. sav. GlaudÓnÖ k.,610,Pramonės ir sandėliavimo zona,U_PS_F,"2,5",0,KT,360,1173.99,1173.99,100.0
555800020022,555800020022,1.12,KlaipÓdos r. sav. RadailiÖ k.,610,Ekstensyvaus užstatymo gyvenamoji zona,U_GG_E_F,"0,2*",0,KT,379,11200.28,11200.28,100.0
555800020637,440014744624,0.1,KlaipÓdos r. sav. RadailiÖ k. LiepgiriÖ g. 13,995,Ekstensyvaus užstatymo gyvenamoji zona,U_GG_E_F,"0,2*",0,KT,379,999.55,999.55,100.0
555800020655,440014753289,0.12,KlaipÓdos r. sav. RadailiÖ k. LiepgiriÖ g. 59,995,Ekstensyvaus užstatymo gyvenamoji zona,U_GG_E_F,"0,2*",0,KT,379,1200.17,1200.17,100.0
555800020705,440015022996,0.1558,KlaipÓdos r. sav. RadailiÖ k. LaukUemiÖ g. 47,995,Ekstensyvaus užstatymo gyvenamoji zona,U_GG_E_F,"0,2*",0,KT,388,1558.0,1558.0,100.0
555800021041,440017506148,0.053,KlaipÓdos r. sav. RadailiÖ k.,995,Ekstensyvaus užstatymo gyvenamoji zona,U_GG_E_F,"0,2*",0,KT,379,530.03,530.03,100.0
555800021303,440030411966,0.1051,KlaipÓdos r. sav. GvildUiÖ k. Leminio g. 18,995,Ekstensyvaus užstatymo gyvenamoji zona,U_GG_E_F,"0,2*",0,KT,379,1051.14,1051.14,100.0
555800021462,440044338005,0.0909,KlaipÓdos r. sav. RadailiÖ k. SaulÓs al. 4,995,Ekstensyvaus užstatymo gyvenamoji zona,U_GG_E_F,"0,2*",0,KT,388,909.41,909.41,100.0
555800021470,440044352625,0.0862,KlaipÓdos r. sav. RadailiÖ k. SaulÓs al. 20,995,Ekstensyvaus užstatymo gyvenamoji zona,U_GG_E_F,"0,2*",0,KT,388,861.54,861.54,100.0
555800030028,555800030028,1.011,KlaipÓdos r. sav. AukÕtkiemiÖ k.,610,Mažo užstatymo intensyvumo gyvenamoji zona,U_GG_M_F,"0,4*",0,KT,380,10109.94,10109.94,100.0
555800030227,440005237776,0.1656,KlaipÓdos r. sav. GvildUiÖ k.,610,Mažo užstatymo intensyvumo gyvenamoji zona,U_GG_M_F,"0,4*",0,KT,380,1656.61,1656.61,100.0
555800030243,440006120732,0.2534,KlaipÓdos r. sav. Maz×riÕkiÖ k. NaudvariÕkiÖ g. 24,995,Mažo užstatymo intensyvumo gyvenamoji zona,U_GG_M_F,"0,4*",0,KT,380,2533.59,2518.94,99.42
555800030243,440006120732,0.2534,KlaipÓdos r. sav. Maz×riÕkiÖ k. NaudvariÕkiÖ g. 24,995,Vandenų zona,H_F,0,0,H,377,2533.59,14.65,0.58
555800030361,440011257119,0.73,KlaipÓdos r. sav. AukÕtkiemiÖ k.,610,Mažo užstatymo intensyvumo gyvenamoji zona,U_GG_M_F,"0,4*",0,KT,380,8193.88,8193.88,100.0
555800030383,440011876820,0.1228,KlaipÓdos r. sav. Maz×riÕkiÖ k. StonÓs g. 62,995,Mažo užstatymo intensyvumo gyvenamoji zona,U_GG_M_F,"0,4*",0,KT,380,1228.46,1228.46,100.0
555800030496,440015870747,0.1025,KlaipÓdos r. sav. GvildUiÖ k.,995,Mažo užstatymo intensyvumo gyvenamoji zona,U_GG_M_F,"0,4*",0,KT,380,1025.01,1025.01,100.0
555800030593,440021427290,0.097,KlaipÓdos r. sav. AukÕtkiemiÖ k. Lenktoji g. 38,995,Mažo užstatymo intensyvumo gyvenamoji zona,U_GG_M_F,"0,4*",0,KT,380,970.15,970.15,100.0
555800030647,440022885272,0.1086,KlaipÓdos r. sav. AukÕtkiemiÖ k. KaÕtonÖ al. 36,995,Mažo užstatymo intensyvumo gyvenamoji zona,U_GG_M_F,"0,4*",0,KT,380,1085.77,1085.77,100.0
555800030726,440038847097,0.0935,KlaipÓdos r. sav. AukÕtkiemiÖ k. Kampo g. 13,995,Mažo užstatymo intensyvumo gyvenamoji zona,U_GG_M_F,"0,4*",0,KT,380,935.41,935.41,100.0
555800040136,555800040136,2.73,KlaipÓdos r. sav. TruÕeliÖ k.,610,Ekstensyvaus užstatymo gyvenamoji zona,U_GG_E_F,"0,2*",0,KT,379,27572.9,25436.74,92.25
555800040136,555800040136,2.73,KlaipÓdos r. sav. TruÕeliÖ k.,610,Mažo užstatymo intensyvumo gyvenamoji zona,U_GG_M_F,"0,4*",0,KT,380,27572.9,2136.16,7.75
555800040224,440005322412,1.1,KlaipÓdos r. sav. RadailiÖ k. Santakos g. 7,610,Žemės ūkio teritorijų zona,ZU_F,"0,05;0,8***",0,Z;KT,386,11000.46,7843.64,71.3
555800040224,440005322412,1.1,KlaipÓdos r. sav. RadailiÖ k. Santakos g. 7,610,Miškų ir miškingų teritorijų zona,MI_F,0,0,M;KT,385,11000.46,3156.82,28.7
555800040331,440009766345,0.1185,KlaipÓdos r. sav. BaukÕtininkÖ k. Pavasario g. 20,995,Mažo užstatymo intensyvumo gyvenamoji zona,U_GG_M_F,"0,4*",0,KT,380,1184.94,1184.94,100.0
555800040426,440010141449,3.8449,KlaipÓdos r. sav. RadailiÖ k.,610,Mažo užstatymo intensyvumo gyvenamoji zona,U_GG_M_F,"0,4*",0,KT,380,38449.13,34953.34,90.91
555800040426,440010141449,3.8449,KlaipÓdos r. sav. RadailiÖ k.,610,Miškų ir miškingų teritorijų zona,MI_F,0,0,M;KT,378,38449.13,3495.8,9.09
555800040568,440012046329,1.4,KlaipÓdos r. sav. RadailiÖ k.,610,Ekstensyvaus užstatymo gyvenamoji zona,U_GG_E_F,"0,2*",0,KT,388,14000.34,14000.34,100.0
555800040597,440012056890,0.0769,KlaipÓdos r. sav. TruÕeliÖ k.,995,Ekstensyvaus užstatymo gyvenamoji zona,U_GG_E_F,"0,2*",0,KT,379,769.23,769.23,100.0
555800040611,440014522946,0.0513,KlaipÓdos r. sav. RadailiÖ k.,995,Ekstensyvaus užstatymo gyvenamoji zona,U_GG_E_F,"0,2*",0,KT,388,512.93,512.93,100.0
555800040627,440014825846,0.1,KlaipÓdos r. sav. RadailiÖ k.,995,Ekstensyvaus užstatymo gyvenamoji zona,U_GG_E_F,"0,2*",0,KT,379,999.37,999.37,100.0
555800040697,440015912376,0.085,KlaipÓdos r. sav. BaukÕtininkÖ k. Patrimpo g. 14,995,Ekstensyvaus užstatymo gyvenamoji zona,U_GG_E_F,"0,2*",0,KT,404,849.98,849.98,100.0
555800040722,440018181212,0.1001,KlaipÓdos r. sav. BaukÕtininkÖ k. Rudens g. 7,995,Mažo užstatymo intensyvumo gyvenamoji zona,U_GG_M_F,"0,4*",0,KT,380,1001.08,1001.08,100.0
555800040727,440018180215,0.1389,KlaipÓdos r. sav. BaukÕtininkÖ k. Rudens g. 36,995,Mažo užstatymo intensyvumo gyvenamoji zona,U_GG_M_F,"0,4*",0,KT,380,1389.39,1389.39,100.0
555800040772,440018493877,0.2519,KlaipÓdos r. sav. BaukÕtininkÖ k. Liemos g. 34,995,Mažo užstatymo intensyvumo gyvenamoji zona,U_GG_M_F,"0,4*",0,KT,380,2518.87,2518.87,100.0
555800040829,440022044582,0.135,KlaipÓdos r. sav. RadailiÖ k. ¾imkÖ g. 85,995,Ekstensyvaus užstatymo gyvenamoji zona,U_GG_E_F,"0,2*",0,KT,388,1349.82,1349.82,100.0
555800040891,440028818035,5.2453,KlaipÓdos r. sav. BaukÕtininkÖ k.,610,Ekstensyvaus užstatymo gyvenamoji zona,U_GG_E_F,"0,2*",0,KT,404,52453.01,49208.41,93.81
555800040891,440028818035,5.2453,KlaipÓdos r. sav. BaukÕtininkÖ k.,610,Mažo užstatymo intensyvumo gyvenamoji zona,U_GG_M_F,"0,4*",0,KT,380,52453.01,3244.6,6.19
555800040947,440039360839,0.1877,KlaipÓdos r. sav. RadailiÖ k. PuÕyno g. 35,995,Ekstensyvaus užstatymo gyvenamoji zona,U_GG_E_F,"0,2*",0,KT,388,1877.41,1877.41,100.0
555800040984,440040849810,0.4282,KlaipÓdos r. sav. TruÕeliÖ k. NybudUiÖ g. 2,995,Mažo užstatymo intensyvumo gyvenamoji zona,U_GG_M_F,"0,4*",0,KT,380,4281.83,3193.71,74.59
555800040984,440040849810,0.4282,KlaipÓdos r. sav. TruÕeliÖ k. NybudUiÖ g. 2,995,Miškų ir miškingų teritorijų zona,MI_F,0,0,M;KT,378,4281.83,1088.12,25.41
555800040993,440042682900,0.0144,KlaipÓdos r. sav. TruÕeliÖ k.,995,Ekstensyvaus užstatymo gyvenamoji zona,U_GG_E_F,"0,2*",0,KT,379,144.04,144.04,100.0
555800050025,555800050025,3.0,KlaipÓdos r. sav. SlengiÖ k.,610,Vidutinio užstatymo intensyvumo gyvenamoji zona,U_GG_V_F,"0,8*",0,KT,381,28884.05,28884.05,100.0
555800050175,440000503224,0.1018,KlaipÓdos r. sav. TruÕeliÖ k.,610,Vidutinio užstatymo intensyvumo gyvenamoji zona,U_GG_V_F,"0,8*",0,KT,381,1018.02,1018.02,100.0
555800050314,440003370132,0.12,KlaipÓdos r. sav. TruÕeliÖ k. VÓluvos g. 17,995,Mažo užstatymo intensyvumo gyvenamoji zona,U_GG_M_F,"0,4*",0,KT,380,1200.16,1200.16,100.0
555800050382,440004130950,0.15,KlaipÓdos r. sav. TruÕeliÖ k. Labguvos g. 4,995,Mažo užstatymo intensyvumo gyvenamoji zona,U_GG_M_F,"0,4*",0,KT,380,1499.79,1499.79,100.0
555800050462,440005081683,0.1949,KlaipÓdos r. sav. TruÕeliÖ k. SmeltaitÓs g. 132,995,Mažo užstatymo intensyvumo gyvenamoji zona,U_GG_M_F,"0,4*",0,KT,380,1948.7,1948.7,100.0
555800050576,440005419336,0.1523,KlaipÓdos r. sav. SlengiÖ k. Spindulio g. 6,995,Vidutinio užstatymo intensyvumo gyvenamoji zona,U_GG_V_F,"0,8*",0,KT,381,1523.41,1523.41,100.0
555800050582,440005420688,0.099,KlaipÓdos r. sav. SlengiÖ k. VakarÓs g. 5,995,Vidutinio užstatymo intensyvumo gyvenamoji zona,U_GG_V_F,"0,8*",0,KT,381,989.96,989.96,100.0
555800050624,440005435150,0.0936,KlaipÓdos r. sav. SlengiÖ k. PietryNiÖ g. 6,995,Vidutinio užstatymo intensyvumo gyvenamoji zona,U_GG_V_F,"0,8*",0,KT,381,936.0,936.0,100.0
555800050726,440010543069,0.1219,KlaipÓdos r. sav. TruÕeliÖ k. GryneidÓs g. 11,995,Mažo užstatymo intensyvumo gyvenamoji zona,U_GG_M_F,"0,4*",0,KT,380,1219.11,1219.11,100.0
555800050834,440010577703,0.2596,KlaipÓdos r. sav. TruÕeliÖ k.,995,Vidutinio užstatymo intensyvumo gyvenamoji zona,U_GG_V_F,"0,8*",0,KT,381,2595.47,2595.47,100.0
555800050959,440011568642,0.1371,KlaipÓdos r. sav. TruÕeliÖ k. KaÕtonÖ g. 10,995,Vidutinio užstatymo intensyvumo gyvenamoji zona,U_GG_V_F,"0,8*",0,KT,381,1370.82,1370.82,100.0
555800051022,440012072394,0.045,KlaipÓdos r. sav. TruÕeliÖ k. SmeltaitÓs g. 64,995,Vidutinio užstatymo intensyvumo gyvenamoji zona,U_GG_V_F,"0,8*",0,KT,381,449.93,449.93,100.0
555800051083,440012141005,0.045,KlaipÓdos r. sav. TruÕeliÖ k. SmeltaitÓs g. 114,995,Vidutinio užstatymo intensyvumo gyvenamoji zona,U_GG_V_F,"0,8*",0,KT,381,449.94,449.94,100.0
555800051507,440017898318,1.2062,KlaipÓdos r. sav. TruÕeliÖ k.,995,Vidutinio užstatymo intensyvumo gyvenamoji zona,U_GG_V_F,"0,8*",0,KT,381,2617.84,2617.84,100.0
555800051670,440018040167,0.0582,KlaipÓdos r. sav. SlengiÖ k.,995,Vidutinio užstatymo intensyvumo gyvenamoji zona,U_GG_V_F,"0,8*",0,KT,381,582.19,582.19,100.0
555800051753,440020115920,0.118,KlaipÓdos r. sav. TruÕeliÖ k. LaigyNiÖ g. 26,995,Mažo užstatymo intensyvumo gyvenamoji zona,U_GG_M_F,"0,4*",0,KT,380,1179.65,1179.65,100.0
555800051771,440020653065,0.1086,KlaipÓdos r. sav. TruÕeliÖ k. TilUÓs g. 3,995,Vidutinio užstatymo intensyvumo gyvenamoji zona,U_GG_V_F,"0,8*",0,KT,381,1086.09,1086.09,100.0
555800051849,440021722169,0.1159,KlaipÓdos r. sav. TruÕeliÖ k. GaldÓs g. 8,995,Mažo užstatymo intensyvumo gyvenamoji zona,U_GG_M_F,"0,4*",0,KT,380,1158.89,1158.89,100.0
555800051913,440022625005,0.0758,KlaipÓdos r. sav. TruÕeliÖ k. PakalviÖ g. 22,995,Vidutinio užstatymo intensyvumo gyvenamoji zona,U_GG_V_F,"0,8*",0,KT,381,758.3,758.3,100.0
555800051931,440022635489,0.0756,KlaipÓdos r. sav. TruÕeliÖ k. PakalviÖ g. 8,995,Vidutinio užstatymo intensyvumo gyvenamoji zona,U_GG_V_F,"0,8*",0,KT,381,756.19,756.19,100.0
555800052008,440026189517,0.06,KlaipÓdos r. sav. TruÕeliÖ k. AlksnupÓs g. 12A,995,Vidutinio užstatymo intensyvumo gyvenamoji zona,U_GG_V_F,"0,8*",0,KT,381,600.16,600.16,100.0
555800052079,440028227230,0.0859,KlaipÓdos r. sav. TruÕeliÖ k. SodÓnÖ g. 27,995,Mažo užstatymo intensyvumo gyvenamoji zona,U_GG_M_F,"0,4*",0,KT,380,859.28,859.28,100.0
555800052087,440028513408,0.014,KlaipÓdos r. sav. SlengiÖ k.,995,Vidutinio užstatymo intensyvumo gyvenamoji zona,U_GG_V_F,"0,8*",0,KT,381,140.02,140.02,100.0
555800052159,440029069856,0.0825,KlaipÓdos r. sav. TruÕeliÖ k. SodÓnÖ g. 30,995,Mažo užstatymo intensyvumo gyvenamoji zona,U_GG_M_F,"0,4*",0,KT,380,825.25,825.25,100.0
555800052161,440029069990,0.0825,KlaipÓdos r. sav. TruÕeliÖ k. SodÓnÖ g. 44,995,Mažo užstatymo intensyvumo gyvenamoji zona,U_GG_M_F,"0,4*",0,KT,380,825.04,825.04,100.0
555800052257,440031863320,0.0816,KlaipÓdos r. sav. TruÕeliÖ k. ½sros g. 18,995,Vidutinio užstatymo intensyvumo gyvenamoji zona,U_GG_V_F,"0,8*",0,KT,381,815.81,815.81,100.0
555800052342,440038508424,0.0356,KlaipÓdos r. sav. TruÕeliÖ k.,995,Mažo užstatymo intensyvumo gyvenamoji zona,U_GG_M_F,"0,4*",0,KT,380,355.58,355.58,100.0
555800052456,440045822384,0.0541,KlaipÓdos r. sav. SlengiÖ k. VÓsos g. 27,995,Vidutinio užstatymo intensyvumo gyvenamoji zona,U_GG_V_F,"0,8*",0,KT,381,541.0,541.0,100.0
555800052559,440050189712,0.1,KlaipÓdos r. sav. TruÕeliÖ k. RasytÓs g. 17B,995,Vidutinio užstatymo intensyvumo gyvenamoji zona,U_GG_V_F,"0,8*",0,KT,381,1000.12,1000.12,100.0
555800060057,555800060057,0.25,KlaipÓdos r. sav. Maz×riÕkiÖ k. Ringos g. 2,995,Vidutinio užstatymo intensyvumo gyvenamoji zona,U_GG_V_F,"0,8*",0,KT,381,2501.19,2501.19,100.0
555800060100,555800060100,0.2528,KlaipÓdos r. sav. Maz×riÕkiÖ k.,995,Vidutinio užstatymo intensyvumo gyvenamoji zona,U_GG_V_F,"0,8*",0,KT,381,2529.31,2529.31,100.0
555800060509,440041526987,0.04,KlaipÓdos r. sav. TruÕeliÖ k. Vili×nÖ g. 39,995,Vidutinio užstatymo intensyvumo gyvenamoji zona,U_GG_V_F,"0,8*",0,KT,381,400.42,400.42,100.0
555800060533,440043129310,0.04,KlaipÓdos r. sav. TruÕeliÖ k. LapynÖ g. 8,995,Vidutinio užstatymo intensyvumo gyvenamoji zona,U_GG_V_F,"0,8*",0,KT,381,400.34,400.34,100.0
555800060552,440047152729,0.125,KlaipÓdos r. sav. Maz×riÕkiÖ k. JuodUemiÖ g. 43,995,Vidutinio užstatymo intensyvumo gyvenamoji zona,U_GG_V_F,"0,8*",0,KT,381,1250.42,1250.42,100.0
555800060586,440052197876,0.1034,KlaipÓdos r. sav. TruÕeliÖ k. AistmariÖ g. 13,995,Vidutinio užstatymo intensyvumo gyvenamoji zona,U_GG_V_F,"0,8*",0,KT,381,1034.38,1034.38,100.0
555800060589,440053141232,0.25,KlaipÓdos r. sav. Maz×riÕkiÖ k. GirÕ×nÖ g. 21,995,Vidutinio užstatymo intensyvumo gyvenamoji zona,U_GG_V_F,"0,8*",0,KT,381,2500.3,2500.3,100.0
555800070103,555800070103,0.388,KlaipÓdos r. sav. SlengiÖ k.,610,Pramonės ir sandėliavimo zona,U_PS_F,"2,5",0,KT,365,3879.95,3879.95,100.0
555800070260,440002981448,0.1671,KlaipÓdos r. sav. SlengiÖ k. Lietaus g. 9,995,Vidutinio užstatymo intensyvumo gyvenamoji zona,U_GG_V_F,"0,8*",0,KT,381,1670.92,1670.92,100.0
555800070351,440005314243,0.103,KlaipÓdos r. sav. KlipÕNiÖ k.,610,Vidutinio užstatymo intensyvumo gyvenamoji zona,U_GG_V_F,"0,8*",0,KT,381,1029.83,1029.83,100.0
555800070730,440012359169,0.0418,KlaipÓdos r. sav. SlengiÖ k. KlipÕNiÖ g. 28,995,Vidutinio užstatymo intensyvumo gyvenamoji zona,U_GG_V_F,"0,8*",0,KT,381,417.31,417.31,100.0
555800070806,440012513947,0.0602,KlaipÓdos r. sav. AukÕtkiemiÖ k. Auros g. 54,995,Vidutinio užstatymo intensyvumo gyvenamoji zona,U_GG_V_F,"0,8*",0,KT,381,601.15,601.15,100.0
555800070836,440014447462,0.1121,KlaipÓdos r. sav. AukÕtkiemiÖ k. Auros g. 23,995,Vidutinio užstatymo intensyvumo gyvenamoji zona,U_GG_V_F,"0,8*",0,KT,381,1121.08,1121.08,100.0
555800070911,440016581092,0.0183,KlaipÓdos r. sav. KlipÕNiÖ k.,995,Vidutinio užstatymo intensyvumo gyvenamoji zona,U_GG_V_F,"0,8*",0,KT,381,183.29,183.29,100.0
555800071058,440021059327,0.0891,KlaipÓdos r. sav. SlengiÖ k. Tylioji g. 13,995,Vidutinio užstatymo intensyvumo gyvenamoji zona,U_GG_V_F,"0,8*",0,KT,381,890.86,890.86,100.0
555800071127,440021869874,0.0716,KlaipÓdos r. sav. SlengiÖ k. Aulaukio g. 28,995,Pramonės ir sandėliavimo zona,U_PS_F,"2,5",0,KT,365,715.44,715.44,100.0
555800071149,440022088468,0.1012,KlaipÓdos r. sav. Maz×riÕkiÖ k. PatilUÓs g. 17,995,Vidutinio užstatymo intensyvumo gyvenamoji zona,U_GG_V_F,"0,8*",0,KT,381,1012.49,1012.49,100.0
555800071170,440022262082,0.1015,KlaipÓdos r. sav. KlipÕNiÖ k. TulpininkÖ g. 5,995,Vidutinio užstatymo intensyvumo gyvenamoji zona,U_GG_V_F,"0,8*",0,KT,381,1015.44,1015.44,100.0
555800071171,440022262128,0.1,KlaipÓdos r. sav. KlipÕNiÖ k. TulpininkÖ g. 7,995,Vidutinio užstatymo intensyvumo gyvenamoji zona,U_GG_V_F,"0,8*",0,KT,381,999.72,999.72,100.0
555800071185,440022263280,0.1053,KlaipÓdos r. sav. KlipÕNiÖ k. TulpininkÖ g. 16,995,Vidutinio užstatymo intensyvumo gyvenamoji zona,U_GG_V_F,"0,8*",0,KT,381,1053.23,1053.23,100.0
555800071309,440037984576,0.1223,KlaipÓdos r. sav. KlipÕNiÖ k. Jurgio Purvino g. 12,995,Vidutinio užstatymo intensyvumo gyvenamoji zona,U_GG_V_F,"0,8*",0,KT,381,1223.22,1223.22,100.0
555800071317,440037986486,0.0955,KlaipÓdos r. sav. KlipÕNiÖ k. Jurgio Purvino g. 21,995,Vidutinio užstatymo intensyvumo gyvenamoji zona,U_GG_V_F,"0,8*",0,KT,381,954.92,954.92,100.0
555800071353,440038154724,0.0907,KlaipÓdos r. sav. KlipÕNiÖ k. PlantoUÓs g. 25,995,Vidutinio užstatymo intensyvumo gyvenamoji zona,U_GG_V_F,"0,8*",0,KT,381,906.86,906.86,100.0
555800071433,440043275730,0.0866,KlaipÓdos r. sav. KlipÕNiÖ k. PlanetÖ g. 10,995,Vidutinio užstatymo intensyvumo gyvenamoji zona,U_GG_V_F,"0,8*",0,KT,381,866.35,667.01,76.99
555800071433,440043275730,0.0866,KlaipÓdos r. sav. KlipÕNiÖ k. PlanetÖ g. 10,995,Pramonės ir sandėliavimo zona,U_PS_F,"2,5",0,KT,365,866.35,199.35,23.01
555800071476,440044358352,0.0937,KlaipÓdos r. sav. AukÕtkiemiÖ k. KelmiÕkaiNiÖ g. 2,995,Vidutinio užstatymo intensyvumo gyvenamoji zona,U_GG_V_F,"0,8*",0,KT,381,936.94,936.94,100.0
555800130023,555800130023,0.06,KlaipÓdos r. sav. PurmaliÖ k. ¾altinÓlio g. 45,610,Vidutinio užstatymo intensyvumo gyvenamoji zona,U_GG_V_F,"0,8*",0,KT,374,600.0,600.0,100.0
555800130050,555800130050,0.06,KlaipÓdos r. sav. PurmaliÖ k. ¾altinÓlio g. 4,610,Vidutinio užstatymo intensyvumo gyvenamoji zona,U_GG_V_F,"0,8*",0,KT,374,630.39,630.39,100.0
555800130065,555800130065,0.0618,KlaipÓdos r. sav. PurmaliÖ k. AlyvÖ g. 21,610,Vidutinio užstatymo intensyvumo gyvenamoji zona,U_GG_V_F,"0,8*",0,KT,374,618.0,618.0,100.0
555800130068,555800130068,0.06,KlaipÓdos r. sav. PurmaliÖ k. AlyvÖ g. 27,610,Vidutinio užstatymo intensyvumo gyvenamoji zona,U_GG_V_F,"0,8*",0,KT,374,625.41,625.41,100.0
555800130217,440004670024,0.0582,KlaipÓdos r. sav. PurmaliÖ k. ¾ermukÕniÖ g. 9,610,Vidutinio užstatymo intensyvumo gyvenamoji zona,U_GG_V_F,"0,8*",0,KT,374,582.35,582.35,100.0
555800130294,555800130294,0.0773,KlaipÓdos r. sav. PurmaliÖ k. SerbentÖ g. 8,610,Vidutinio užstatymo intensyvumo gyvenamoji zona,U_GG_V_F,"0,8*",0,KT,374,772.38,772.38,100.0
555800130354,555800130354,0.12,KlaipÓdos r. sav. PurmaliÖ k. TulpiÖ g. 6,610,Vidutinio užstatymo intensyvumo gyvenamoji zona,U_GG_V_F,"0,8*",0,KT,374,1199.66,1177.36,98.14
555800130354,555800130354,0.12,KlaipÓdos r. sav. PurmaliÖ k. TulpiÖ g. 6,610,Pramonės ir sandėliavimo zona,U_PS_F,"2,5",0,KT,367,1199.66,22.29,1.86
555800130490,555800130490,0.06,KlaipÓdos r. sav. PurmaliÖ k.,610,Vidutinio užstatymo intensyvumo gyvenamoji zona,U_GG_V_F,"0,8*",0,KT,374,600.06,600.06,100.0
555800130645,440003121746,0.08,KlaipÓdos r. sav. AukÕtkiemiÖ k. DanÖ g. 12,995,Vidutinio užstatymo intensyvumo gyvenamoji zona,U_GG_V_F,"0,8*",0,KT,374,800.3,799.27,99.87
555800130645,440003121746,0.08,KlaipÓdos r. sav. AukÕtkiemiÖ k. DanÖ g. 12,995,Miškų ir miškingų teritorijų zona,MI_F,0,0,M,372,800.3,1.03,0.13
555800130727,440007059661,0.1294,KlaipÓdos r. sav. AukÕtkiemiÖ k. MaUojo Londono g. 21,995,Vidutinio užstatymo intensyvumo gyvenamoji zona,U_GG_V_F,"0,8*",0,KT,374,1293.94,1293.94,100.0
555800130948,440037923036,0.1118,KlaipÓdos r. sav. PurmaliÖ k. PurmaliÖ g. 25,995,Vidutinio užstatymo intensyvumo gyvenamoji zona,U_GG_V_F,"0,8*",0,KT,374,1118.09,1118.09,100.0
555800130976,440039206049,1.4414,KlaipÓdos r. sav. AukÕtkiemiÖ k.,610,Pramonės ir sandėliavimo zona,U_PS_F,"2,5",0,KT,365,14413.61,10687.61,74.15
555800130976,440039206049,1.4414,KlaipÓdos r. sav. AukÕtkiemiÖ k.,610,Vidutinio užstatymo intensyvumo gyvenamoji zona,U_GG_V_F,"0,8*",0,KT,374,14413.61,3726.0,25.85
555800131059,440049296031,0.0716,KlaipÓdos r. sav. AukÕtkiemiÖ k. JungtinÓ g. 24,995,Vidutinio užstatymo intensyvumo gyvenamoji zona,U_GG_V_F,"0,8*",0,KT,374,716.31,716.31,100.0
555800140040,440025164087,0.09,KlaipÓdos r. sav. KalotÓs k. TovÓs g. 9,995,Vidutinio užstatymo intensyvumo gyvenamoji zona,U_GG_V_F,"0,8*",0,KT,374,899.7,899.7,100.0
555800140309,440004132712,0.0273,KlaipÓdos r. sav. KalotÓs k.,995,Vidutinio užstatymo intensyvumo gyvenamoji zona,U_GG_V_F,"0,8*",0,KT,374,272.79,272.79,100.0
555800140350,440008003369,0.1618,KlaipÓdos r. sav. KalotÓs k. Naujoji g. 25,995,Vidutinio užstatymo intensyvumo gyvenamoji zona,U_GG_V_F,"0,8*",0,KT,374,1617.3,1617.3,100.0
555800140458,440012882421,0.1194,KlaipÓdos r. sav. KalotÓs k. PalvÓs g. 2,995,Vidutinio užstatymo intensyvumo gyvenamoji zona,U_GG_V_F,"0,8*",0,KT,374,1194.33,1194.33,100.0
555800140491,440016140940,0.0713,KlaipÓdos r. sav. KalotÓs k.,995,Vidutinio užstatymo intensyvumo gyvenamoji zona,U_GG_V_F,"0,8*",0,KT,374,713.06,713.06,100.0
555800160126,555800160126,0.0608,KlaipÓdos r. sav. RadailiÖ k. Vingio g. 8,610,Ekstensyvaus užstatymo gyvenamoji zona,U_GG_E_F,"0,2*",0,KT,388,610.1,610.1,100.0
555800160146,555800160146,0.075,KlaipÓdos r. sav. RadailiÖ k. SaulÓtekio g. 19,610,Ekstensyvaus užstatymo gyvenamoji zona,U_GG_E_F,"0,2*",0,KT,388,754.62,754.62,100.0
555800160159,555800160159,0.06,KlaipÓdos r. sav. RadailiÖ k. SaulÓtekio g. 10,610,Ekstensyvaus užstatymo gyvenamoji zona,U_GG_E_F,"0,2*",0,KT,388,603.16,603.16,100.0
555800160204,555800160204,0.086,KlaipÓdos r. sav. RadailiÖ k. Poilsio g. 25,610,Ekstensyvaus užstatymo gyvenamoji zona,U_GG_E_F,"0,2*",0,KT,388,859.79,825.43,96.0
555800160204,555800160204,0.086,KlaipÓdos r. sav. RadailiÖ k. Poilsio g. 25,610,Miškų ir miškingų teritorijų zona,MI_F,0,0,M;KT,385,859.79,34.36,4.0
555800160288,440020234066,0.06,KlaipÓdos r. sav. RadailiÖ k. SaulÓtekio g. 19A,610,Ekstensyvaus užstatymo gyvenamoji zona,U_GG_E_F,"0,2*",0,KT,388,599.96,599.96,100.0
555900010035,555900010035,0.7,KlaipÓdos r. sav. ¾akiniÖ k.,610,Žemės ūkio teritorijų zona,ZU_F,"0,05;0,8***",0,Z;KT,476,7500.17,7500.17,100.0
555900010056,555900010056,2.57,KlaipÓdos r. sav. TilvikÖ k.,610,Žemės ūkio teritorijų zona,ZU_F,"0,05;0,8***",0,Z;KT,476,27624.18,27624.18,100.0
555900010258,440010090070,2.3422,KlaipÓdos r. sav. PaUvelsio k.,610,Žemės ūkio teritorijų zona,ZU_F,"0,05;0,8***",0,Z;KT,476,23422.43,23422.43,100.0
555900010287,440022112261,119.2512,KlaipÓdos r. sav. TilvikÖ k.,710,Miškų ir miškingų teritorijų zona,MI_F,0,0,M,475,1192512.26,1113248.69,93.35
555900010287,440022112261,119.2512,KlaipÓdos r. sav. TilvikÖ k.,710,Miškų ir miškingų teritorijų zona,MI_F,0,0,M;KT,477,1192512.26,72963.55,6.12
555900010287,440022112261,119.2512,KlaipÓdos r. sav. TilvikÖ k.,710,Žemės ūkio teritorijų zona,ZU_F,"0,05;0,8***",0,Z;KT,476,1192512.26,6119.78,0.51
555900010287,440022112261,119.2512,KlaipÓdos r. sav. TilvikÖ k.,710,Žemės ūkio teritorijų zona,ZU_F,"0,05;0,8***",0,Z;KT,478,1192512.26,180.25,0.02
555900020083,555900020083,1.2,KlaipÓdos r. sav. TilvikÖ k.,610,Žemės ūkio teritorijų zona,ZU_F,"0,05;0,8***",0,Z;KT,476,12329.5,12329.5,100.0
555900020217,440004337733,1.752,KlaipÓdos r. sav. TilvikÖ k.,610,Žemės ūkio teritorijų zona,ZU_F,"0,05;0,8***",0,Z;KT,476,17520.32,17520.32,100.0
556300010037,556300010037,7.5,KlaipÓdos r. sav. TarvydÖ k.,610,Žemės ūkio teritorijų zona,ZU_F,"0,05;0,8***",0,Z;KT,64,79322.63,78483.09,98.94
556300010037,556300010037,7.5,KlaipÓdos r. sav. TarvydÖ k.,610,Miškų ir miškingų teritorijų zona,MI_F,0,0,M,18,79322.63,839.54,1.06
556300010121,556300010121,6.35,KlaipÓdos r. sav. ¾ukaiNiÖ k. LiepÖ g. 14,610,Miškų ir miškingų teritorijų zona,MI_F,0,0,M;KT,59,36293.52,22012.79,60.65
556300010121,556300010121,6.35,KlaipÓdos r. sav. ¾ukaiNiÖ k. LiepÖ g. 14,610,Mažo užstatymo intensyvumo gyvenamoji zona,U_GG_M_F,"0,4*",0,KT,62,36293.52,14279.53,39.34
556300010121,556300010121,6.35,KlaipÓdos r. sav. ¾ukaiNiÖ k. LiepÖ g. 14,610,Miškų ir miškingų teritorijų zona,MI_F,0,0,M,61,36293.52,1.2,0.0
556300010140,556300010140,10.99,KlaipÓdos r. sav. TarvydÖ k.,710,Miškų ir miškingų teritorijų zona,MI_F,0,0,M,18,106393.31,106393.31,100.0
556300010176,556300010176,0.5,KlaipÓdos r. sav. ViÕtiÕkiÖ k.,610,Žemės ūkio teritorijų zona,ZU_F,"0,1;0,8***",0,Z;KT,53,4999.9,4999.9,100.0
556300010191,440000844837,0.7264,KlaipÓdos r. sav. ¾ukaiNiÖ k.,610,Mažo užstatymo intensyvumo gyvenamoji zona,U_GG_M_F,"0,4*",0,KT,62,7263.76,7263.76,100.0
556300010317,440007459100,0.6,KlaipÓdos r. sav. MalagiÖ k.,610,Žemės ūkio teritorijų zona,ZU_F,"0,1;0,8***",0,Z;KT,53,5999.97,5999.97,100.0
556300010438,440014599489,1.05,KlaipÓdos r. sav. TarvydÖ k.,610,Žemės ūkio teritorijų zona,ZU_F,"0,05;0,8***",0,Z;KT,64,10500.27,10186.27,97.01
556300010438,440014599489,1.05,KlaipÓdos r. sav. TarvydÖ k.,610,Miškų ir miškingų teritorijų zona,MI_F,0,0,M;KT,59,10500.27,314.0,2.99
556300010484,440018128404,0.48,KlaipÓdos r. sav. TarvydÖ k.,610,Žemės ūkio teritorijų zona,ZU_F,"0,05;0,8***",0,Z;KT,64,4725.75,4278.34,90.53
556300010484,440018128404,0.48,KlaipÓdos r. sav. TarvydÖ k.,610,Miškų ir miškingų teritorijų zona,MI_F,0,0,M;KT,59,4725.75,447.41,9.47
556300010542,440041154167,0.5061,KlaipÓdos r. sav. ¾ukaiNiÖ k.,610,Mažo užstatymo intensyvumo gyvenamoji zona,U_GG_M_F,"0,4*",0,KT,62,5061.17,5061.17,100.0
556300020279,440009175760,1.19,KlaipÓdos r. sav. LiepaiNiÖ k.,710,Miškų ir miškingų teritorijų zona,MI_F,0,0,M,18,12274.08,7201.72,58.67
556300020279,440009175760,1.19,KlaipÓdos r. sav. LiepaiNiÖ k.,710,Miškų ir miškingų teritorijų zona,MI_F,0,0,M,24,12274.08,4089.6,33.32
556300020279,440009175760,1.19,KlaipÓdos r. sav. LiepaiNiÖ k.,710,Žemės ūkio teritorijų zona,ZU_F,"0,05;0,8***",0,Z;KT,25,12274.08,822.0,6.7
556300020279,440009175760,1.19,KlaipÓdos r. sav. LiepaiNiÖ k.,710,Žemės ūkio teritorijų zona,ZU_F,"0,05;0,8***",0,Z;KT,19,12274.08,160.77,1.31
556300020290,440011509348,1.51,KlaipÓdos r. sav. LiepaiNiÖ k.,710,Miškų ir miškingų teritorijų zona,MI_F,0,0,M;KT,50,15100.01,14759.05,97.74
556300020290,440011509348,1.51,KlaipÓdos r. sav. LiepaiNiÖ k.,710,Žemės ūkio teritorijų zona,ZU_F,"0,05;0,8***",0,Z;KT,25,15100.01,340.96,2.26
556300030003,556300030003,11.0044,KlaipÓdos r. sav. UpitÓnÖ k.,610,Žemės ūkio teritorijų zona,ZU_F,"0,05;0,8***",0,Z;KT,25,110044.39,100992.95,91.77
556300030003,556300030003,11.0044,KlaipÓdos r. sav. UpitÓnÖ k.,610,Miškų ir miškingų teritorijų zona,MI_F,0,0,M;KT,50,110044.39,9051.43,8.23
556300030014,556300030014,1.2,KlaipÓdos r. sav. UpitÓnÖ k.,710,Miškų ir miškingų teritorijų zona,MI_F,0,0,M,24,12715.78,10351.49,81.41
556300030014,556300030014,1.2,KlaipÓdos r. sav. UpitÓnÖ k.,710,Žemės ūkio teritorijų zona,ZU_F,"0,05;0,8***",0,Z;KT,25,12715.78,2364.29,18.59
556300030143,556300030143,1.7468,KlaipÓdos r. sav. BalsÓnÖ k.,610,Žemės ūkio teritorijų zona,ZU_F,"0,05;0,8***",0,Z;KT,25,17468.14,17411.41,99.68
556300030143,556300030143,1.7468,KlaipÓdos r. sav. BalsÓnÖ k.,610,Miškų ir miškingų teritorijų zona,MI_F,0,0,M,562,17468.14,56.72,0.32
556300030159,556300030159,5.54,KlaipÓdos r. sav. LiepaiNiÖ k.,710,Miškų ir miškingų teritorijų zona,MI_F,0,0,M,24,58579.15,41519.71,70.88
556300030159,556300030159,5.54,KlaipÓdos r. sav. LiepaiNiÖ k.,710,Miškų ir miškingų teritorijų zona,MI_F,0,0,M;KT,50,58579.15,15779.04,26.94
556300030159,556300030159,5.54,KlaipÓdos r. sav. LiepaiNiÖ k.,710,Žemės ūkio teritorijų zona,ZU_F,"0,05;0,8***",0,Z;KT,25,58579.15,1280.39,2.19
556300030347,440016928900,0.98,KlaipÓdos r. sav. BalsÓnÖ k.,610,Žemės ūkio teritorijų zona,ZU_F,"0,05;0,8***",0,Z;KT,25,8625.89,8625.89,100.0
556300040142,556300040142,1.847,KlaipÓdos r. sav. VilkiÖ k.,610,Mažo užstatymo intensyvumo gyvenamoji zona,U_GG_M_F,"0,4*",0,KT,55,18469.18,10038.23,54.35
556300040142,556300040142,1.847,KlaipÓdos r. sav. VilkiÖ k.,610,Žemės ūkio teritorijų zona,ZU_F,"0,1;0,8***",0,Z;KT,53,18469.18,8430.95,45.65
556300040216,440007072030,0.18,KlaipÓdos r. sav. VilkiÖ k.,610,Mažo užstatymo intensyvumo gyvenamoji zona,U_GG_M_F,"0,4*",0,KT,55,1921.22,1701.34,88.56
556300040216,440007072030,0.18,KlaipÓdos r. sav. VilkiÖ k.,610,Miškų ir miškingų teritorijų zona,MI_F,0,0,M;KT,54,1921.22,219.88,11.44
556300040248,440008666066,1.65,KlaipÓdos r. sav. LiepaiNiÖ k.,610,Žemės ūkio teritorijų zona,ZU_F,"0,1;0,8***",0,Z;KT,53,16950.59,16885.69,99.62
556300040248,440008666066,1.65,KlaipÓdos r. sav. LiepaiNiÖ k.,610,Miškų ir miškingų teritorijų zona,MI_F,0,0,M;KT,50,16950.59,64.9,0.38
556300040363,440040015056,4.4504,KlaipÓdos r. sav. LiepaiNiÖ k.,610,Žemės ūkio teritorijų zona,ZU_F,"0,1;0,8***",0,Z;KT,53,44504.37,44153.36,99.21
556300040363,440040015056,4.4504,KlaipÓdos r. sav. LiepaiNiÖ k.,610,Miškų ir miškingų teritorijų zona,MI_F,0,0,M;KT,50,44504.37,351.02,0.79
556300050028,556300050028,3.9,KlaipÓdos r. sav. VainiÖ k. 1,610,Mažo užstatymo intensyvumo gyvenamoji zona,U_GG_M_F,"0,4*",0,KT,55,39005.18,34997.43,89.73
556300050028,556300050028,3.9,KlaipÓdos r. sav. VainiÖ k. 1,610,Miškų ir miškingų teritorijų zona,MI_F,0,0,M;KT,54,39005.18,4007.75,10.27
556300050028,556300050028,3.9,KlaipÓdos r. sav. VainiÖ k. 1,610,Žemės ūkio teritorijų zona,ZU_F,"0,05;0,8***",0,Z;KT,49,39005.18,0.0,0.0
556300050028,556300050028,3.9,KlaipÓdos r. sav. VainiÖ k. 1,610,Miškų ir miškingų teritorijų zona,MI_F,0,0,M,48,39005.18,0.0,0.0
556300050058,556300050058,1.69,KlaipÓdos r. sav. VyskupiÕkiÖ k.,710,Miškų ir miškingų teritorijų zona,MI_F,0,0,M,48,17420.31,13090.06,75.14
556300050058,556300050058,1.69,KlaipÓdos r. sav. VyskupiÕkiÖ k.,710,Miškų ir miškingų teritorijų zona,MI_F,0,0,M;KT,577,17420.31,3823.07,21.95
556300050058,556300050058,1.69,KlaipÓdos r. sav. VyskupiÕkiÖ k.,710,Žemės ūkio teritorijų zona,ZU_F,"0,05;0,8***",0,Z;KT,49,17420.31,507.18,2.91
556300050134,440004104983,0.5074,KlaipÓdos r. sav. VainiÖ k.,610,Žemės ūkio teritorijų zona,ZU_F,"0,1;0,8***",0,Z;KT,53,5075.07,5047.85,99.46
556300050134,440004104983,0.5074,KlaipÓdos r. sav. VainiÖ k.,610,Miškų ir miškingų teritorijų zona,MI_F,0,0,M;KT,50,5075.07,26.69,0.53
556300050134,440004104983,0.5074,KlaipÓdos r. sav. VainiÖ k.,610,Žemės ūkio teritorijų zona,ZU_F,"0,05;0,8***",0,Z;KT,51,5075.07,0.53,0.01
556300060124,556300060124,0.0035,KlaipÓdos r. sav. VeivirUÓnÖ mstl. ¾ermukÕniÖ g. 9,995,Vidutinio užstatymo intensyvumo gyvenamoji zona,U_GG_V_F,"0,8*",0,KT,56,35.01,35.01,100.0
556300060145,556300060145,0.2498,KlaipÓdos r. sav. VeivirUÓnÖ mstl. KlaipÓdos g. 30,995,Vidutinio užstatymo intensyvumo gyvenamoji zona,U_GG_V_F,"0,8*",0,KT,56,2498.35,2498.35,100.0
556300060237,440003646635,0.83,KlaipÓdos r. sav. Juodupio k.,610,Žemės ūkio teritorijų zona,ZU_F,"0,1;0,8***",0,Z;KT,81,8671.29,8440.38,97.34
556300060237,440003646635,0.83,KlaipÓdos r. sav. Juodupio k.,610,Miškų ir miškingų teritorijų zona,MI_F,0,0,M;KT,577,8671.29,230.9,2.66
556300060303,440005894224,0.067,KlaipÓdos r. sav. MeiskiÖ k.,610,Mažo užstatymo intensyvumo gyvenamoji zona,U_GG_M_F,"0,4*",0,KT,55,670.08,670.08,100.0
556300060518,440015154442,1.0106,KlaipÓdos r. sav. MeiskiÖ k.,610,Žemės ūkio teritorijų zona,ZU_F,"0,1;0,8***",0,Z;KT,81,10106.9,10106.9,100.0
556300060527,440015994288,0.02,KlaipÓdos r. sav. VeivirUÓnÖ mstl.,610,Vidutinio užstatymo intensyvumo gyvenamoji zona,U_GG_V_F,"0,8*",0,KT,56,187.2,187.2,100.0
556300070037,556300070037,10.96,KlaipÓdos r. sav. TrepkalniÖ k.,610,Žemės ūkio teritorijų zona,ZU_F,"0,05;0,8***",0,Z;KT,83,99067.64,90738.92,91.59
556300070037,556300070037,10.96,KlaipÓdos r. sav. TrepkalniÖ k.,610,Miškų ir miškingų teritorijų zona,MI_F,0,0,M;KT,82,99067.64,8328.72,8.41
556300070047,556300070047,1.0,KlaipÓdos r. sav. TrepkalniÖ k.,610,Žemės ūkio teritorijų zona,ZU_F,"0,1;0,8***",0,Z;KT,81,9622.22,9622.22,100.0
556300070153,440008168407,2.7,KlaipÓdos r. sav. TrepkalniÖ k.,610,Žemės ūkio teritorijų zona,ZU_F,"0,1;0,8***",0,Z;KT,81,28404.92,28404.92,100.0
556300070220,440014601351,0.2,KlaipÓdos r. sav. TrepkalniÖ k.,610,Žemės ūkio teritorijų zona,ZU_F,"0,1;0,8***",0,Z;KT,81,2000.34,2000.34,100.0
556300070271,440037660090,0.83,KlaipÓdos r. sav. TrepkalniÖ k.,610,Žemės ūkio teritorijų zona,ZU_F,"0,1;0,8***",0,Z;KT,81,8299.79,8299.79,100.0
556500010069,440002065820,0.3,KlaipÓdos r. sav. PjauliÖ k. PjauliÖ g. 16,995,Žemės ūkio teritorijų zona,ZU_F,"0,05;0,8***",0,Z;KT,321,3114.06,3114.06,100.0
556500010282,556500010282,0.26,KlaipÓdos r. sav. PangesÖ k.,610,Mažo užstatymo intensyvumo gyvenamoji zona,U_GG_M_F,"0,4*",0,KT,294,2737.45,2737.45,100.0
556500010631,440007354150,0.97,KlaipÓdos r. sav. PjauliÖ k.,610,Žemės ūkio teritorijų zona,ZU_F,"0,05;0,8***",0,Z;KT,321,9699.76,9699.76,100.0
556500010715,440009177799,0.23,KlaipÓdos r. sav. DrukiÖ k.,610,Mažo užstatymo intensyvumo gyvenamoji zona,U_GG_M_F,"0,4*",0,KT,294,2215.36,2199.13,99.27
556500010715,440009177799,0.23,KlaipÓdos r. sav. DrukiÖ k.,610,Miškų ir miškingų teritorijų zona,MI_F,0,0,M;KT,291,2215.36,16.23,0.73
556500010738,440010209980,1.2,KlaipÓdos r. sav. PangesÖ k.,610,Mažo užstatymo intensyvumo gyvenamoji zona,U_GG_M_F,"0,4*",0,KT,294,11302.09,11302.09,100.0
556500020013,556500020013,3.1511,KlaipÓdos r. sav. LiaunÖ k.,610,Ekstensyvaus užstatymo gyvenamoji zona,U_GG_E_F,"0,2*",0,KT,319,31513.64,31513.64,100.0
556500020025,556500020025,2.45,KlaipÓdos r. sav. LiaunÖ k.,610,Ekstensyvaus užstatymo gyvenamoji zona,U_GG_E_F,"0,2*",0,KT,319,24500.22,24500.22,100.0
556500020117,440007002111,2.04,KlaipÓdos r. sav. LiaunÖ k.,610,Žemės ūkio teritorijų zona,ZU_F,"0,05;0,8***",0,Z;KT,310,22834.41,22834.41,100.0
556500020144,440010257402,4.5111,KlaipÓdos r. sav. LiaunÖ k.,610,Ekstensyvaus užstatymo gyvenamoji zona,U_GG_E_F,"0,2*",0,KT,319,45110.6,45110.6,100.0
556500020146,440010844185,1.7637,KlaipÓdos r. sav. LiaunÖ k.,610,Žemės ūkio teritorijų zona,ZU_F,"0,05;0,8***",0,Z;KT,307,17637.38,17637.38,100.0
556500030176,440006488062,0.15,KlaipÓdos r. sav. LankupiÖ k.,610,Ekstensyvaus užstatymo gyvenamoji zona,U_GG_E_F,"0,2*",0,KT,306,1683.07,1683.07,100.0
556500030183,440006666500,0.8041,KlaipÓdos r. sav. KalviÕkiÖ k.,610,Ekstensyvaus užstatymo gyvenamoji zona,U_GG_E_F,"0,2*",0,KT,311,8041.45,8041.45,100.0
556500030187,440006974032,0.49,KlaipÓdos r. sav. LankupiÖ k.,610,Žemės ūkio teritorijų zona,ZU_F,"0,05;0,8***",0,Z;KT,307,4666.48,4666.48,100.0
556500040022,556500040022,2.02,KlaipÓdos r. sav. PleÕkuNiÖ k.,610,Ekstensyvaus užstatymo gyvenamoji zona,U_GG_E_F,"0,2*",0,KT,319,19833.9,19833.9,100.0
556500040162,440050943490,2.7168,KlaipÓdos r. sav. PleÕkuNiÖ k.,610,Žemės ūkio teritorijų zona,ZU_F,"0,05;0,8***",0,Z;KT,321,27167.79,27167.79,100.0
556500040624,440007295970,1.0,KlaipÓdos r. sav. MÓUeliÖ k.,610,Žemės ūkio teritorijų zona,ZU_F,"0,05;0,8***",0,Z;KT,310,10000.26,10000.26,100.0
556500040624,440007295970,1.0,KlaipÓdos r. sav. MÓUeliÖ k.,610,Ekstensyvaus užstatymo gyvenamoji zona,U_GG_E_F,"0,2*",0,KT,317,10000.26,0.0,0.0
556500040627,440007457150,1.54,KlaipÓdos r. sav. VenckÖ k.,610,Žemės ūkio teritorijų zona,ZU_F,"0,05;0,8***",0,Z;KT,310,15695.0,15695.0,100.0
556500040642,440008325297,1.0,KlaipÓdos r. sav. MÓUeliÖ k.,610,Žemės ūkio teritorijų zona,ZU_F,"0,05;0,8***",0,Z;KT,321,11397.5,11397.5,100.0
556800010100,556800010100,1.6073,KlaipÓdos r. sav. VÓUaiNiÖ mstl.,610,Mažo užstatymo intensyvumo gyvenamoji zona,U_GG_M_F,"0,4*",0,KT,464,16072.3,16070.36,99.99
556800010100,556800010100,1.6073,KlaipÓdos r. sav. VÓUaiNiÖ mstl.,610,Vidutinio užstatymo intensyvumo gyvenamoji zona,U_GG_V_F,"0,8",0,KT,465,16072.3,1.93,0.01
556800010276,440003537138,0.034,KlaipÓdos r. sav. VÓUaiNiÖ mstl. AvieNiÖ g. 1,610,Vidutinio užstatymo intensyvumo gyvenamoji zona,U_GG_V_F,"0,8",0,KT,465,340.03,340.03,100.0
556800010281,440026067001,0.2155,KlaipÓdos r. sav. VÓUaiNiÖ mstl. Minijos g. 2,995,Vidutinio užstatymo intensyvumo gyvenamoji zona,U_GG_V_F,"0,8",0,KT,465,2154.79,2154.79,100.0
556800010429,440011785623,0.04,KlaipÓdos r. sav. VÓUaiNiÖ mstl.,610,Vidutinio užstatymo intensyvumo gyvenamoji zona,U_GG_V_F,"0,8",0,KT,465,427.81,427.81,100.0
556800010452,440016029839,0.7455,KlaipÓdos r. sav. VÓUaiNiÖ mstl.,610,Vidutinio užstatymo intensyvumo gyvenamoji zona,U_GG_V_F,"0,8",0,KT,465,7454.61,7454.61,100.0
556800010493,440027447636,1.65,KlaipÓdos r. sav. VÓUaiNiÖ mstl.,610,Mažo užstatymo intensyvumo gyvenamoji zona,U_GG_M_F,"0,4*",0,KT,464,16500.04,16500.04,100.0
556800020106,556800020106,0.1254,KlaipÓdos r. sav. VÓUaiNiÖ mstl. GargUdÖ g. 10,995,Vidutinio užstatymo intensyvumo gyvenamoji zona,U_GG_V_F,"0,8",0,KT,465,1253.72,1253.72,100.0
556800030001,556800030001,4.856,KlaipÓdos r. sav. Perk×nÖ k.,610,Žemės ūkio teritorijų zona,ZU_F,"0,05;0,8***",0,Z;KT,472,48560.4,48560.4,100.0
556800030088,440003593384,0.8082,KlaipÓdos r. sav. VÓUaiNiÖ mstl.,610,Mažo užstatymo intensyvumo gyvenamoji zona,U_GG_M_F,"0,4*",0,KT,464,8082.34,8082.34,100.0
556800040061,556800040061,0.62,KlaipÓdos r. sav. Perk×nÖ k.,610,Žemės ūkio teritorijų zona,ZU_F,"0,1;0,8***",0,Z;KT,485,5822.87,5822.87,100.0
556800040088,556800040088,0.95,KlaipÓdos r. sav. Perk×nÖ k.,610,Žemės ūkio teritorijų zona,ZU_F,"0,05;0,8***",0,Z;KT,466,10285.32,10285.32,100.0
556800040113,440003475486,0.59,KlaipÓdos r. sav. Perk×nÖ k.,610,Žemės ūkio teritorijų zona,ZU_F,"0,05;0,8***",0,Z;KT,466,6146.34,6146.34,100.0
556800050038,556800050038,5.16,KlaipÓdos r. sav. JokuliÖ k.,610,Pramonės ir sandėliavimo zona,U_PS_F,"2,5",0,KT,357,49903.27,49199.16,98.59
556800050038,556800050038,5.16,KlaipÓdos r. sav. JokuliÖ k.,610,Žemės ūkio teritorijų zona,ZU_F,"0,05;0,8***",0,Z;KT,488,49903.27,704.11,1.41
556800050140,556800050140,1.3,KlaipÓdos r. sav. Pajuodupio k.,610,Žemės ūkio teritorijų zona,ZU_F,"0,1;0,8***",0,Z;KT,485,12999.84,12999.84,100.0
556800050152,440001688237,0.94,KlaipÓdos r. sav. Pajuodupio k.,610,Žemės ūkio teritorijų zona,ZU_F,"0,1;0,8***",0,Z;KT,485,10055.26,10055.26,100.0
556800050176,440004223474,1.15,KlaipÓdos r. sav. Pajuodupio k.,610,Žemės ūkio teritorijų zona,ZU_F,"0,1;0,8***",0,Z;KT,485,10517.33,10517.33,100.0
556800050269,440011509129,0.48,KlaipÓdos r. sav. JokuliÖ k.,610,Žemės ūkio teritorijų zona,ZU_F,"0,05;0,8***",0,Z;KT,488,4894.72,4894.72,100.0
556800050285,440016547869,0.32,KlaipÓdos r. sav. JokuliÖ k.,610,Žemės ūkio teritorijų zona,ZU_F,"0,05;0,8***",0,Z;KT,488,3269.31,3269.31,100.0
556800050336,440030854925,10.8186,KlaipÓdos r. sav. JokuliÖ k.,610,Pramonės ir sandėliavimo zona,U_PS_F,"2,5",0,KT,357,108186.5,104301.36,96.41
556800050336,440030854925,10.8186,KlaipÓdos r. sav. JokuliÖ k.,610,Miškų ir miškingų teritorijų zona,MI_F,0,0,M;KT,356,108186.5,3029.71,2.8
556800050336,440030854925,10.8186,KlaipÓdos r. sav. JokuliÖ k.,610,Žemės ūkio teritorijų zona,ZU_F,"0,05;0,8***",0,Z;KT,488,108186.5,855.42,0.79
556800060091,556800060091,1.2497,KlaipÓdos r. sav. VÓUaiNiÖ mstl.,995,Pramonės ir sandėliavimo zona,U_PS_F,"2,5",0,KT,357,12499.85,12499.85,100.0
556800060119,556800060119,1.59,KlaipÓdos r. sav. VÓUaiNiÖ mstl.,610,Pramonės ir sandėliavimo zona,U_PS_F,"2,5",0,KT,357,17191.66,17191.66,100.0
556800060258,440006109648,1.04,KlaipÓdos r. sav. SamaliÕkÓs k.,610,Pramonės ir sandėliavimo zona,U_PS_F,"2,5",0,KT,357,11115.98,11115.98,100.0
556800060258,440006109648,1.04,KlaipÓdos r. sav. SamaliÕkÓs k.,610,Žemės ūkio teritorijų zona,ZU_F,"0,05;0,8***",0,Z;KT,73,11115.98,0.0,0.0
556800060296,440009444882,0.32,KlaipÓdos r. sav. SamaliÕkÓs k.,610,Žemės ūkio teritorijų zona,ZU_F,"0,05;0,8***",0,Z;KT,73,3407.59,3407.59,100.0
556800060359,440039803851,0.66,KlaipÓdos r. sav. SamaliÕkÓs k.,610,Žemės ūkio teritorijų zona,ZU_F,"0,05;0,8***",0,Z;KT,73,6600.11,6600.11,100.0
556800070007,556800070007,1.29,KlaipÓdos r. sav. GrikÕtaiNiÖ k.,610,Pramonės ir sandėliavimo zona,U_PS_F,"2,5",0,KT,575,13428.19,13428.19,100.0
556800070030,556800070030,0.83,KlaipÓdos r. sav. VÓUaiNiÖ mstl.,610,Mažo užstatymo intensyvumo gyvenamoji zona,U_GG_M_F,"0,4*",0,KT,464,7801.1,7801.1,100.0
556800070117,440004223320,0.79,KlaipÓdos r. sav. VÓUaiNiÖ mstl.,610,Vidutinio užstatymo intensyvumo gyvenamoji zona,U_GG_V_F,"0,8",0,KT,465,7839.86,7839.86,100.0
556800070177,440004933258,0.96,KlaipÓdos r. sav. VÓUaiNiÖ mstl.,610,Mažo užstatymo intensyvumo gyvenamoji zona,U_GG_M_F,"0,4*",0,KT,464,10476.78,10476.78,100.0
556800070238,440011345478,2.79,KlaipÓdos r. sav. VÓUaiNiÖ mstl.,610,Pramonės ir sandėliavimo zona,U_PS_F,"2,5",0,KT,575,28251.44,28251.44,100.0
556800080086,556800080086,0.24,KlaipÓdos r. sav. VÓUaiNiÖ mstl.,610,Vidutinio užstatymo intensyvumo gyvenamoji zona,U_GG_V_F,"0,8",0,KT,465,2725.24,2725.24,100.0
556800080251,440046249884,0.1792,KlaipÓdos r. sav. VÓUaiNiÖ mstl. EgliÖ g. 4,995,Vidutinio užstatymo intensyvumo gyvenamoji zona,U_GG_V_F,"0,8",0,KT,465,1791.8,1791.8,100.0
556800090167,556800090167,0.56,KlaipÓdos r. sav. MaciuiNiÖ k.,610,Mažo užstatymo intensyvumo gyvenamoji zona,U_GG_M_F,"0,4*",0,KT,188,5763.16,5763.16,100.0
556800090171,556800090171,0.56,KlaipÓdos r. sav. KalniÕkÓs k. KalniÕkÓs g. 25,995,Mažo užstatymo intensyvumo gyvenamoji zona,U_GG_M_F,"0,4*",0,KT,188,5562.87,5562.87,100.0
556800090334,440003637525,0.4,KlaipÓdos r. sav. MaciuiNiÖ k.,610,Mažo užstatymo intensyvumo gyvenamoji zona,U_GG_M_F,"0,4*",0,KT,188,3613.62,3613.62,100.0
556800090383,440004797626,0.1158,KlaipÓdos r. sav. KalniÕkÓs k.,610,Mažo užstatymo intensyvumo gyvenamoji zona,U_GG_M_F,"0,4*",0,KT,188,1157.79,1157.79,100.0
556800090523,440011269164,0.27,KlaipÓdos r. sav. MaciuiNiÖ k.,610,Mažo užstatymo intensyvumo gyvenamoji zona,U_GG_M_F,"0,4*",0,KT,188,2700.38,2700.38,100.0
556800090565,440015996224,0.19,KlaipÓdos r. sav. MaciuiNiÖ k. SaulÓlydUio g. 13,610,Mažo užstatymo intensyvumo gyvenamoji zona,U_GG_M_F,"0,4*",0,KT,188,1900.07,1900.07,100.0
556800100126,440004624802,0.512,KlaipÓdos r. sav. GerduvÓnÖ k.,610,Mažo užstatymo intensyvumo gyvenamoji zona,U_GG_M_F,"0,4*",0,KT,198,5120.81,5120.81,100.0
556800100243,440021041096,3.4935,KlaipÓdos r. sav. GerduvÓnÖ k.,610,"Bendro naudojimo erdvių, atskirųjų želdynų zona",U_BZ_F,"0,05",0,KT,195,34935.4,20393.6,58.38
556800100243,440021041096,3.4935,KlaipÓdos r. sav. GerduvÓnÖ k.,610,Ekstensyvaus užstatymo gyvenamoji zona,U_GG_E_F,"0,2*",0,KT,196,34935.4,14316.9,40.98
556800100243,440021041096,3.4935,KlaipÓdos r. sav. GerduvÓnÖ k.,610,Miškų ir miškingų teritorijų zona,MI_F,0,0,M;KT,194,34935.4,224.9,0.64
556800100269,440030546137,0.25,KlaipÓdos r. sav. GerduvÓnÖ k. VyÕniÖ g. 4,995,Mažo užstatymo intensyvumo gyvenamoji zona,U_GG_M_F,"0,4*",0,KT,198,2500.24,2500.24,100.0
556800100271,440030546391,0.25,KlaipÓdos r. sav. GerduvÓnÖ k. VyÕniÖ g. 8,995,Mažo užstatymo intensyvumo gyvenamoji zona,U_GG_M_F,"0,4*",0,KT,198,2500.21,2500.21,100.0
556800100328,440050109281,0.12,KlaipÓdos r. sav. GerduvÓnÖ k. ErdvÓs g. 6,995,Mažo užstatymo intensyvumo gyvenamoji zona,U_GG_M_F,"0,4*",0,KT,198,1200.13,1200.13,100.0
556800110097,556800110097,0.31,KlaipÓdos r. sav. MaciuiNiÖ k. Skinijos g. 12,995,Mažo užstatymo intensyvumo gyvenamoji zona,U_GG_M_F,"0,4*",0,KT,188,3100.17,3100.17,100.0
556800110209,440004887014,0.7,KlaipÓdos r. sav. MaciuiNiÖ k.,710,Miškų ir miškingų teritorijų zona,MI_F,0,0,M;KT,112,7506.32,7433.32,99.03
556800110209,440004887014,0.7,KlaipÓdos r. sav. MaciuiNiÖ k.,710,Žemės ūkio teritorijų zona,ZU_F,"0,05;0,8***",0,Z;KT,111,7506.32,72.99,0.97
556800110344,440038056701,0.09,KlaipÓdos r. sav. MaciuiNiÖ k. µUuolo g. 2B,995,Mažo užstatymo intensyvumo gyvenamoji zona,U_GG_M_F,"0,4*",0,KT,188,900.02,900.02,100.0
556800120138,556800120138,3.39,KlaipÓdos r. sav. EUaiNiÖ k.,610,Žemės ūkio teritorijų zona,ZU_F,"0,05;0,8***",0,Z;KT,106,33805.71,33805.71,100.0
556800120258,440006751868,0.36,KlaipÓdos r. sav. MaciuiNiÖ k. LaisvÓs g. 55,995,Žemės ūkio teritorijų zona,ZU_F,"0,05;0,8***",0,Z;KT,119,3918.62,3818.43,97.44
556800120258,440006751868,0.36,KlaipÓdos r. sav. MaciuiNiÖ k. LaisvÓs g. 55,995,Miškų ir miškingų teritorijų zona,MI_F,0,0,M;KT,112,3918.62,100.19,2.56
556800120263,440006848680,1.75,KlaipÓdos r. sav. MaciuiNiÖ k.,610,Žemės ūkio teritorijų zona,ZU_F,"0,05;0,8***",0,Z;KT,119,18242.19,18242.19,100.0
556800120430,440022086120,0.72,KlaipÓdos r. sav. MaciuiNiÖ k.,610,Žemės ūkio teritorijų zona,ZU_F,"0,05;0,8***",0,Z;KT,119,7508.93,7508.93,100.0
556800130141,556800130141,0.0619,KlaipÓdos r. sav. VÓUaiNiÖ mstl. JazminÖ g. 19,610,Mažo užstatymo intensyvumo gyvenamoji zona,U_GG_M_F,"0,4*",0,KT,464,619.04,619.04,100.0
556800130186,556800130186,0.072,KlaipÓdos r. sav. VÓUaiNiÖ mstl. AlyvÖ g. 8,610,Mažo užstatymo intensyvumo gyvenamoji zona,U_GG_M_F,"0,4*",0,KT,464,720.27,720.27,100.0
