SKLYPO_ID,UNIKAL_ID,PLOTAS_REG,ADRESAS,PASK_TIP,SKLYPO_PLOTAS_M2,PAGRINDINE_ZONA_PAV,PAGRINDINE_ZONOS_KODAS,PAGRINDINE_U_INTENS,PAGRINDINE_MAX_AUK_SK,PAGRINDINE_PAGR_PASK,PAGRINDINE_BP_OBJ_NR,PAGRINDINE_ZONOS_PROC,ANTRA_ZONA_PAV,ANTRA_ZONOS_KODAS,ANTRA_ZONOS_PROC,draustiniu_proc,rezervatu_proc,parku_proc,biosferos_poligonu_proc,bast_proc,past_proc,pajurio_juostos_proc,buferiniu_apsaugos_zonu_proc
550100010113,440027447950,0.463,KlaipÓdos r. sav. LadeikiÖ k. Liepos g. 8,995,4630.49,Mažo užstatymo intensyvumo gyvenamoji zona,U_GG_M_F,"0,4*",0,KT,494,100.0,,,0.0,0.0,0.0,0.0,0.0,0.0,0.0,0.0,0.0
550100010202,440031114233,0.3055,KlaipÓdos r. sav. LadeikiÖ k.,610,3055.0,Mažo užstatymo intensyvumo gyvenamoji zona,U_GG_M_F,"0,4*",0,KT,494,100.0,,,0.0,0.0,0.0,0.0,0.0,0.0,0.0,0.0,0.0
550100010429,550100010429,3.6372,KlaipÓdos r. sav. LadeikiÖ k.,610,36371.88,Žemės ūkio teritorijų zona,ZU_F,"0,05;0,8***",0,Z;KT,496,98.62,Miškų ir miškingų teritorijų zona,MI_F,1.38,0.0,0.0,0.0,0.0,0.0,0.0,0.0,0.0
550100010648,440018127418,1.1,KlaipÓdos r. sav. LadeikiÖ k.,610,12931.51,Mažo užstatymo intensyvumo gyvenamoji zona,U_GG_M_F,"0,4*",0,KT,494,100.0,,,0.0,0.0,0.0,0.0,0.0,0.0,0.0,0.0,0.0
550100010654,440019654763,0.42,KlaipÓdos r. sav. LadeikiÖ k.,610,4563.7,Mažo užstatymo intensyvumo gyvenamoji zona,U_GG_M_F,"0,4*",0,KT,494,100.0,,,0.0,0.0,0.0,0.0,0.0,0.0,0.0,0.0,0.0
550100020006,550100020006,8.1921,KlaipÓdos r. sav. LvaginiÖ k.,610,81921.38,Žemės ūkio teritorijų zona,ZU_F,"0,05;0,8***",0,Z;KT,496,62.06,Miškų ir miškingų teritorijų zona,MI_F,33.59,100.0,0.0,0.0,0.0,39.09,0.0,0.0,0.0
550100020030,550100020030,13.3634,KlaipÓdos r. sav. LaigiÖ k.,610,133633.97,Žemės ūkio teritorijų zona,ZU_F,"0,05;0,8***",0,Z;KT,496,60.49,Miškų ir miškingų teritorijų zona,MI_F,30.42,16.68,0.0,0.0,0.0,16.56,0.0,0.0,0.0
550100020044,550100020044,2.68,KlaipÓdos r. sav. TickinÖ k.,710,26800.25,Miškų ir miškingų teritorijų zona,MI_F,0,0,M;KT,495,100.0,,,0.0,0.0,0.0,0.0,0.0,0.0,0.0,0.0,0.0
550100030049,550100030049,1.81,KlaipÓdos r. sav. DausynÖ k.,710,20316.73,Miškų ir miškingų teritorijų zona,MI_F,0,0,M;KT,477,95.36,Žemės ūkio teritorijų zona,ZU_F,4.64,0.0,0.0,0.0,0.0,0.0,0.0,0.0,0.0
550100030222,440005895110,1.15,KlaipÓdos r. sav. LiUiÖ k.,610,12446.88,Žemės ūkio teritorijų zona,ZU_F,"0,05;0,8***",0,Z;KT,496,100.0,,,0.0,0.0,0.0,0.0,0.0,0.0,0.0,0.0,0.0
550100040054,550100040054,1.2627,KlaipÓdos r. sav. LadeikiÖ k.,610,12627.23,Žemės ūkio teritorijų zona,ZU_F,"0,05;0,8***",0,Z;KT,496,100.0,,,0.0,0.0,0.0,0.0,0.0,0.0,0.0,0.0,0.0
550300010031,550300010031,6.53,KlaipÓdos r. sav. GrobÕtÖ k.,610,67697.98,Žemės ūkio teritorijų zona,ZU_F,"0,05;0,8***",0,Z;KT,134,100.0,,,0.0,0.0,0.0,0.0,0.0,0.0,0.0,0.0,0.0
550300010103,440045092251,0.4821,KlaipÓdos r. sav. PoÕkÖ k.,610,4820.85,Žemės ūkio teritorijų zona,ZU_F,"0,05;0,8***",0,Z;KT,134,100.0,,,0.0,0.0,0.0,0.0,0.0,0.0,0.0,0.0,0.0
550300010512,440008052342,0.36,KlaipÓdos r. sav. KisiniÖ k.,610,3599.91,Žemės ūkio teritorijų zona,ZU_F,"0,1;0,8***",0,Z;KT,570,100.0,,,0.0,0.0,0.0,0.0,0.0,0.0,0.0,0.0,0.0
550300020045,550300020045,1.03,KlaipÓdos r. sav. PoÕkÖ k.,610,10299.85,Žemės ūkio teritorijų zona,ZU_F,"0,05;0,8***",0,Z;KT,134,100.0,,,0.0,0.0,0.0,0.0,0.0,0.0,0.0,0.0,0.0
550300020123,440005946110,1.29,KlaipÓdos r. sav. PoÕkÖ k.,610,13399.7,Žemės ūkio teritorijų zona,ZU_F,"0,05;0,8***",0,Z;KT,134,100.0,,,0.0,0.0,0.0,0.0,0.0,0.0,0.0,0.0,0.0
550300020171,440009178624,0.3833,KlaipÓdos r. sav. PoÕkÖ k. GruodÓs g. 14,995,3833.52,Žemės ūkio teritorijų zona,ZU_F,"0,05;0,8***",0,Z;KT,134,86.89,Miškų ir miškingų teritorijų zona,MI_F,13.11,0.0,0.0,0.0,0.0,0.0,0.0,0.0,0.0
550300030065,550300030065,6.3,KlaipÓdos r. sav. VanagÖ k.,710,66021.56,Miškų ir miškingų teritorijų zona,MI_F,0,0,M;KT,94,91.66,Žemės ūkio teritorijų zona,ZU_F,8.33,0.0,0.0,0.0,0.0,0.0,0.0,0.0,0.0
550300030106,550300030106,0.8217,KlaipÓdos r. sav. AUpurviÖ k.,610,8217.45,Žemės ūkio teritorijų zona,ZU_F,"0,05;0,8***",0,Z;KT,91,78.95,Miškų ir miškingų teritorijų zona,MI_F,21.05,0.0,0.0,0.0,0.0,0.0,0.0,0.0,0.0
550300030112,550300030112,0.2685,KlaipÓdos r. sav. VanagÖ k.,995,2685.86,Žemės ūkio teritorijų zona,ZU_F,"0,05;0,8***",0,Z;KT,95,100.0,,,0.0,0.0,0.0,0.0,0.0,0.0,0.0,0.0,0.0
550300030133,550300030133,0.85,KlaipÓdos r. sav. AgluonÓnÖ k.,610,8500.06,Mažo užstatymo intensyvumo gyvenamoji zona,U_GG_M_F,"0,4*",0,KT,136,100.0,,,0.0,0.0,0.0,0.0,0.0,0.0,0.0,0.0,0.0
550300030478,440004413725,7.15,KlaipÓdos r. sav. AUpurviÖ k.,610,72628.53,Žemės ūkio teritorijų zona,ZU_F,"0,05;0,8***",0,Z;KT,95,61.47,Miškų ir miškingų teritorijų zona,MI_F,29.37,0.0,0.0,0.0,0.0,0.0,0.0,0.0,0.0
550300030522,440006815301,17.04,KlaipÓdos r. sav. VanagÖ k.,610,173627.27,Žemės ūkio teritorijų zona,ZU_F,"0,05;0,8***",0,Z;KT,95,99.63,Miškų ir miškingų teritorijų zona,MI_F,0.37,0.0,0.0,0.0,0.0,0.0,0.0,0.0,0.0
550300030673,440041453389,0.1133,KlaipÓdos r. sav. VanagÖ k. VirUiÖ g. 40,995,1132.74,Mažo užstatymo intensyvumo gyvenamoji zona,U_GG_M_F,"0,4*",0,KT,136,100.0,,,0.0,0.0,0.0,0.0,0.0,0.0,0.0,0.0,0.0
550300040032,550300040032,0.412,KlaipÓdos r. sav. DreiUiÖ k. Luko Priekulio g. 35,995,4120.06,Pramonės ir sandėliavimo zona,U_PS_F,"2,5",0,KT,299,97.88,Miškų ir miškingų teritorijų zona,MI_F,2.12,0.0,0.0,0.0,0.0,0.0,0.0,0.0,0.0
550300040167,440020119764,1.0955,KlaipÓdos r. sav. VanagÖ k.,610,10954.65,Žemės ūkio teritorijų zona,ZU_F,"0,1;0,8***",0,Z;KT,140,100.0,,,0.0,0.0,0.0,0.0,0.0,0.0,0.0,0.0,0.0
550300060117,440043601970,0.8562,KlaipÓdos r. sav. VanagÖ k.,610,8568.82,Žemės ūkio teritorijų zona,ZU_F,"0,1;0,8***",0,Z;KT,140,100.0,,,0.0,0.0,0.0,0.0,0.0,0.0,0.0,0.0,0.0
550300070191,440004089978,0.2564,KlaipÓdos r. sav. AgluonÓnÖ k. Mokyklos g. 10A,995,2564.14,Vidutinio užstatymo intensyvumo gyvenamoji zona,U_GG_V_F,"0,8*",0,KT,137,100.0,,,0.0,0.0,0.0,0.0,0.0,0.0,0.0,0.0,0.0
550300070220,440005348443,0.97,KlaipÓdos r. sav. AgluonÓnÖ k.,610,9700.38,Vidutinio užstatymo intensyvumo gyvenamoji zona,U_GG_V_F,"0,8*",0,KT,137,100.0,,,0.0,0.0,0.0,0.0,0.0,0.0,0.0,0.0,0.0
550300070300,440049653403,0.0267,KlaipÓdos r. sav. AgluonÓnÖ k.,995,267.4,Vidutinio užstatymo intensyvumo gyvenamoji zona,U_GG_V_F,"0,8*",0,KT,137,100.0,,,0.0,0.0,0.0,0.0,0.0,0.0,0.0,0.0,0.0
550300080019,550300080019,3.69,KlaipÓdos r. sav. KantvainÖ k.,610,36730.08,Žemės ūkio teritorijų zona,ZU_F,"0,05;0,8***",0,Z;KT,144,100.0,,,0.0,0.0,0.0,0.0,0.0,0.0,0.0,0.0,0.0
550300080041,550300080041,0.83,KlaipÓdos r. sav. KantvainÖ k.,610,144.47,Mažo užstatymo intensyvumo gyvenamoji zona,U_GG_M_F,"0,4*",0,KT,136,100.0,,,0.0,0.0,0.0,0.0,0.0,0.0,0.0,0.0,0.0
550300080115,550300080115,0.53,KlaipÓdos r. sav. KantvainÖ k.,610,5349.31,Žemės ūkio teritorijų zona,ZU_F,"0,05;0,8***",0,Z;KT,146,100.0,,,0.0,0.0,0.0,0.0,0.0,0.0,0.0,0.0,0.0
550300080124,550300080124,0.1053,KlaipÓdos r. sav. KantvainÖ k. VentainÓs g. 17,995,1052.66,Vidutinio užstatymo intensyvumo gyvenamoji zona,U_GG_V_F,"0,8*",0,KT,137,100.0,,,0.0,0.0,0.0,0.0,0.0,0.0,0.0,0.0,0.0
550300080146,440002965588,0.46,KlaipÓdos r. sav. AgluonÓnÖ k.,610,4600.46,Vidutinio užstatymo intensyvumo gyvenamoji zona,U_GG_V_F,"0,8*",0,KT,137,100.0,,,0.0,0.0,0.0,0.0,0.0,0.0,0.0,0.0,0.0
550300080227,440008369682,0.25,KlaipÓdos r. sav. KantvainÖ k.,610,2514.78,Žemės ūkio teritorijų zona,ZU_F,"0,05;0,8***",0,Z;KT,146,100.0,,,0.0,0.0,0.0,0.0,0.0,0.0,0.0,0.0,0.0
550300080319,440019476366,1.23,KlaipÓdos r. sav. KantvainÖ k. LietuvininkÖ g. 15,610,12300.47,Mažo užstatymo intensyvumo gyvenamoji zona,U_GG_M_F,"0,4*",0,KT,136,100.0,,,0.0,0.0,0.0,0.0,0.0,0.0,0.0,0.0,0.0
550300080323,440019493860,0.5374,KlaipÓdos r. sav. KantvainÖ k.,610,5374.13,Mažo užstatymo intensyvumo gyvenamoji zona,U_GG_M_F,"0,4*",0,KT,136,100.0,Vidutinio užstatymo intensyvumo gyvenamoji zona,U_GG_V_F,0.0,0.0,0.0,0.0,0.0,0.0,0.0,0.0,0.0
550300080347,440023120469,0.0949,KlaipÓdos r. sav. KantvainÖ k.,610,949.34,Mažo užstatymo intensyvumo gyvenamoji zona,U_GG_M_F,"0,4*",0,KT,136,99.49,Vidutinio užstatymo intensyvumo gyvenamoji zona,U_GG_V_F,0.51,0.0,0.0,0.0,0.0,0.0,0.0,0.0,0.0
550300080362,440039166004,0.5782,KlaipÓdos r. sav. KantvainÖ k. KantvainÖ g. 8,995,5782.4,Žemės ūkio teritorijų zona,ZU_F,"0,05;0,8***",0,Z;KT,144,87.53,Miškų ir miškingų teritorijų zona,MI_F,12.47,0.0,0.0,0.0,0.0,0.0,0.0,0.0,0.0
550300090155,440006530587,15.0,KlaipÓdos r. sav. KantvainÖ k.,995,150000.63,Žemės ūkio teritorijų zona,ZU_F,"0,05;0,8***",0,Z;KT,146,100.0,,,0.0,0.0,0.0,0.0,0.0,0.0,0.0,0.0,0.0
550300090166,440007642924,1.22,KlaipÓdos r. sav. JuodikiÖ k.,610,12863.26,Miškų ir miškingų teritorijų zona,MI_F,0,0,M;KT,147,68.52,Žemės ūkio teritorijų zona,ZU_F,31.48,0.0,0.0,0.0,0.0,0.0,0.0,0.0,0.0
550300090240,440019772013,2.4949,KlaipÓdos r. sav. JuodikiÖ k.,610,24948.76,Žemės ūkio teritorijų zona,ZU_F,"0,05",0,Z;KT,148,100.0,,,0.0,0.0,0.0,0.0,0.0,0.0,0.0,0.0,0.0
550500010006,550500010006,7.9,KlaipÓdos r. sav. GedminÖ k.,610,81796.49,Žemės ūkio teritorijų zona,ZU_F,"0,05;0,8***",0,Z;KT,173,100.0,Miškų ir miškingų teritorijų zona,MI_F,0.0,0.05,0.0,0.0,0.0,0.0,80.23,0.0,0.0
550500010021,550500010021,6.16,KlaipÓdos r. sav. GedminÖ k.,610,61282.66,Miškų ir miškingų teritorijų zona,MI_F,0,0,M;KT,170,58.7,Žemės ūkio teritorijų zona,ZU_F,40.73,16.34,0.0,0.0,0.0,16.34,0.82,0.0,0.0
550500010068,550500010068,4.498700000000001,KlaipÓdos r. sav. StuNiÖ k. StuNiÖ g. 20,610,44742.17,Žemės ūkio teritorijų zona,ZU_F,"0,05;0,8***",0,Z;KT,184,100.0,,,0.0,0.0,0.0,0.0,0.0,0.0,0.0,0.0,0.0
550500010090,550500010090,1.78,KlaipÓdos r. sav. KisiniÖ k.,610,19414.97,Žemės ūkio teritorijų zona,ZU_F,"0,1;0,8***",0,Z;KT,570,100.0,Žemės ūkio teritorijų zona,ZU_F,0.0,0.0,0.0,0.0,0.0,0.0,0.0,0.0,0.0
550500010226,440009559182,2.74,KlaipÓdos r. sav. StuNiÖ k. StuNiÖ g. 28,610,27400.37,Žemės ūkio teritorijų zona,ZU_F,"0,05;0,8***",0,Z;KT,184,100.0,,,0.0,0.0,0.0,0.0,0.0,0.0,0.0,0.0,0.0
550500010452,440023086424,2.0,KlaipÓdos r. sav. JurgiÖ k. Vytauto Majoro g. 24,610,19999.98,Žemės ūkio teritorijų zona,ZU_F,"0,1;0,8***",0,Z;KT,570,100.0,,,0.0,0.0,0.0,0.0,0.0,0.0,0.0,0.0,0.0
550500010501,440025877708,0.176,KlaipÓdos r. sav. JurgiÖ k. ReisgiÖ g. 53,995,1759.59,Žemės ūkio teritorijų zona,ZU_F,"0,1;0,8***",0,Z;KT,570,100.0,,,0.0,0.0,0.0,0.0,0.0,0.0,0.0,0.0,0.0
550500010516,440025881423,0.1552,KlaipÓdos r. sav. JurgiÖ k. ReisgiÖ g. 6,995,1551.84,Žemės ūkio teritorijų zona,ZU_F,"0,1;0,8***",0,Z;KT,570,100.0,,,0.0,0.0,0.0,0.0,0.0,0.0,0.0,0.0,0.0
550500020202,440051427442,0.7178,KlaipÓdos r. sav. BaiNiÖ k.,610,7178.46,Žemės ūkio teritorijų zona,ZU_F,"0,05;0,8***",0,Z;KT,184,98.93,Miškų ir miškingų teritorijų zona,MI_F,1.07,0.0,0.0,0.0,0.0,0.0,0.0,0.0,0.0
550500030013,440024380532,0.0828,KlaipÓdos r. sav. LyveriÖ k. Ryto 1-oji g. 7,610,828.03,Mažo užstatymo intensyvumo gyvenamoji zona,U_GG_M_F,"0,4*",0,KT,172,98.68,Miškų ir miškingų teritorijų zona,MI_F,1.32,0.0,0.0,0.0,0.0,0.0,0.0,0.0,0.0
550500030079,440003851584,0.059,KlaipÓdos r. sav. LyveriÖ k. Ryto g. 27,610,589.97,Mažo užstatymo intensyvumo gyvenamoji zona,U_GG_M_F,"0,4*",0,KT,172,86.82,Miškų ir miškingų teritorijų zona,MI_F,13.18,0.0,0.0,0.0,0.0,0.0,0.0,0.0,0.0
550500030196,550500030196,0.06,KlaipÓdos r. sav. LyveriÖ k. BaiNiÖ 1-oji g. 3,610,617.16,Mažo užstatymo intensyvumo gyvenamoji zona,U_GG_M_F,"0,4*",0,KT,172,100.0,,,0.0,0.0,0.0,0.0,0.0,0.0,0.0,0.0,0.0
550500030281,550500030281,0.0628,KlaipÓdos r. sav. LyveriÖ k. UpÓs 1-oji g. 7,610,628.05,Mažo užstatymo intensyvumo gyvenamoji zona,U_GG_M_F,"0,4*",0,KT,172,100.0,,,0.0,0.0,0.0,0.0,0.0,0.0,0.0,0.0,0.0
550500040052,550500040052,0.0601,KlaipÓdos r. sav. ¾naukÕtÖ k. Agluonos 2-oji g. 14,610,654.0,Mažo užstatymo intensyvumo gyvenamoji zona,U_GG_M_F,"0,4*",0,KT,123,100.0,,,0.0,0.0,0.0,0.0,0.0,0.0,0.0,0.0,0.0
550500040342,550500040342,0.06,KlaipÓdos r. sav. ¾naukÕtÖ k. Agluonos 10-oji g. 31,610,620.66,Mažo užstatymo intensyvumo gyvenamoji zona,U_GG_M_F,"0,4*",0,KT,123,100.0,,,0.0,0.0,0.0,0.0,0.0,0.0,0.0,0.0,0.0
550500040355,550500040355,0.06,KlaipÓdos r. sav. ¾naukÕtÖ k. Agluonos 10-oji g. 5,610,616.38,Mažo užstatymo intensyvumo gyvenamoji zona,U_GG_M_F,"0,4*",0,KT,123,100.0,,,0.0,0.0,0.0,0.0,0.0,0.0,0.0,0.0,0.0
550500040538,550500040538,0.0649,KlaipÓdos r. sav. ¾naukÕtÖ k. BalandUiÖ g. 1,610,649.35,Mažo užstatymo intensyvumo gyvenamoji zona,U_GG_M_F,"0,4*",0,KT,123,100.0,,,0.0,0.0,0.0,0.0,0.0,0.0,0.0,0.0,0.0
550500050244,440014818096,2.6119,KlaipÓdos r. sav. ¾naukÕtÖ k.,995,26119.22,Žemės ūkio teritorijų zona,ZU_F,"0,05;0,8***",0,Z;KT,131,100.0,,,0.0,0.0,0.0,0.0,0.0,0.0,0.0,0.0,0.0
550500050267,440020391576,1.8,KlaipÓdos r. sav. ¾naukÕtÖ k.,610,17829.33,Žemės ūkio teritorijų zona,ZU_F,"0,05;0,8***",0,Z;KT,126,100.0,,,0.0,0.0,0.0,0.0,0.0,0.0,0.0,0.0,0.0
550500050285,440048869912,1.8445,KlaipÓdos r. sav. ¾naukÕtÖ k.,610,18444.5,Žemės ūkio teritorijų zona,ZU_F,"0,05;0,8***",0,Z;KT,184,100.0,,,0.0,0.0,0.0,0.0,0.0,0.0,0.0,0.0,0.0
550500060114,550500060114,0.0745,KlaipÓdos r. sav. KisiniÖ k. PuÕÖ g. 29,610,767.72,Mažo užstatymo intensyvumo gyvenamoji zona,U_GG_M_F,"0,4*",0,KT,179,100.0,,,0.0,0.0,0.0,0.0,0.0,0.0,0.0,0.0,0.0
550800010042,550800010042,14.0,KlaipÓdos r. sav. JucaiNiÖ k.,610,137605.31,Žemės ūkio teritorijų zona,ZU_F,"0,05;0,8***",0,Z;KT,30,73.37,Miškų ir miškingų teritorijų zona,MI_F,19.83,3.84,0.0,0.0,0.0,7.48,0.0,0.0,0.0
550800010133,440006660406,3.39,KlaipÓdos r. sav. JucaiNiÖ k.,610,32955.42,Žemės ūkio teritorijų zona,ZU_F,"0,05;0,8***",0,Z;KT,30,100.0,,,0.0,0.0,0.0,0.0,0.0,0.0,0.0,0.0,0.0
550800010204,440016326599,0.09,KlaipÓdos r. sav. JucaiNiÖ k. JucaiNiÖ g. 20,995,886.84,Ekstensyvaus užstatymo gyvenamoji zona,U_GG_E_F,"0,2*",0,KT,31,100.0,,,0.0,0.0,0.0,0.0,0.0,0.0,0.0,0.0,0.0
550800010280,440041854379,0.792,KlaipÓdos r. sav. ValuNiÖ k.,710,7919.9,Miškų ir miškingų teritorijų zona,MI_F,0,0,M,29,92.11,Žemės ūkio teritorijų zona,ZU_F,7.89,0.0,0.0,0.0,0.0,0.0,0.0,0.0,0.0
550800020152,440011698638,0.49,KlaipÓdos r. sav. DaukÕaiNiÖ k.,610,4986.17,Miškų ir miškingų teritorijų zona,MI_F,0,0,M,562,72.18,Žemės ūkio teritorijų zona,ZU_F,26.87,99.53,0.0,0.0,0.0,99.09,0.0,0.0,0.0
550800030225,440010774935,0.39,KlaipÓdos r. sav. DaukÕaiNiÖ k.,610,3695.45,Žemės ūkio teritorijų zona,ZU_F,"0,05;0,8***",0,Z;KT,557,100.0,,,0.0,0.0,0.0,0.0,0.0,0.0,0.0,0.0,0.0
550800030250,440015208434,1.9,KlaipÓdos r. sav. DaukÕaiNiÖ k.,610,19072.86,Žemės ūkio teritorijų zona,ZU_F,"0,05;0,8***",0,Z;KT,554,100.0,,,0.0,0.0,0.0,0.0,0.0,0.66,0.0,0.0,0.0
550800030265,440017959625,0.68,KlaipÓdos r. sav. DaukÕaiNiÖ k.,610,7191.81,Žemės ūkio teritorijų zona,ZU_F,"0,05;0,8***",0,Z;KT,554,100.0,,,0.0,0.0,0.0,0.0,0.0,0.0,0.0,0.0,0.0
550800030283,440021906578,0.95,KlaipÓdos r. sav. DaukÕaiNiÖ k.,610,9609.7,Žemės ūkio teritorijų zona,ZU_F,"0,05;0,8***",0,Z;KT,557,99.33,Miškų ir miškingų teritorijų zona,MI_F,0.67,0.0,0.0,0.0,0.0,0.0,0.0,0.0,0.0
551000010080,440006870876,3.9229,KlaipÓdos r. sav. ¾atriÖ k.,610,39228.62,Žemės ūkio teritorijų zona,ZU_F,"0,05;0,8***",0,Z;KT,422,52.82,Miškų ir miškingų teritorijų zona,MI_F,47.18,0.0,0.0,0.0,0.0,0.0,0.0,0.0,0.0
551000010120,440009053189,1.95,KlaipÓdos r. sav. SÓlenÖ k.,610,20083.39,Ekstensyvaus užstatymo gyvenamoji zona,U_GG_E_F,"0,2*",0,KT,404,100.0,,,0.0,0.0,0.0,0.0,0.0,0.0,0.0,0.0,0.0
551000010157,440010204950,1.64,KlaipÓdos r. sav. EglynÖ k.,610,17201.97,Ekstensyvaus užstatymo gyvenamoji zona,U_GG_E_F,"0,2*",0,KT,404,100.0,,,0.0,0.0,0.0,0.0,0.0,0.0,0.0,0.0,0.0
551000010200,440020211805,0.3859,KlaipÓdos r. sav. EglynÖ k. SÓlenÖ g. 19,995,3859.19,Ekstensyvaus užstatymo gyvenamoji zona,U_GG_E_F,"0,2*",0,KT,404,100.0,,,0.0,0.0,0.0,0.0,0.0,0.0,0.0,0.0,0.0
551000020085,440001406880,0.15,KlaipÓdos r. sav. SmilgynÖ k. SmilgynÖ g. 16,995,1695.32,Ekstensyvaus užstatymo gyvenamoji zona,U_GG_E_F,"0,2*",0,KT,404,100.0,,,0.0,0.0,0.0,0.0,0.0,0.0,0.0,0.0,0.0
551000020178,440007693390,7.3234,KlaipÓdos r. sav. SmilgynÖ k.,610,73234.17,Žemės ūkio teritorijų zona,ZU_F,"0,05;0,8***",0,Z;KT,422,94.82,Miškų ir miškingų teritorijų zona,MI_F,5.18,0.0,0.0,0.0,0.0,0.0,0.0,0.0,0.0
551000020179,440007702790,0.48,KlaipÓdos r. sav. EglynÖ k.,610,4801.01,Ekstensyvaus užstatymo gyvenamoji zona,U_GG_E_F,"0,2*",0,KT,406,100.0,,,0.0,0.0,0.0,0.0,0.0,0.0,0.0,0.0,0.0
551000020198,440008208057,1.3991,KlaipÓdos r. sav. EglynÖ k.,610,13990.78,Ekstensyvaus užstatymo gyvenamoji zona,U_GG_E_F,"0,2*",0,KT,404,100.0,,,0.0,0.0,0.0,0.0,0.0,0.0,0.0,0.0,0.0
551000020211,440008688164,2.005,KlaipÓdos r. sav. SmilgynÖ k.,610,20049.89,Ekstensyvaus užstatymo gyvenamoji zona,U_GG_E_F,"0,2*",0,KT,406,100.0,,,0.0,0.0,0.0,0.0,0.0,0.0,0.0,0.0,0.0
551000020340,440011753372,0.141,KlaipÓdos r. sav. EglynÖ k.,995,1409.71,Ekstensyvaus užstatymo gyvenamoji zona,U_GG_E_F,"0,2*",0,KT,406,100.0,,,0.0,0.0,0.0,0.0,0.0,0.0,0.0,0.0,0.0
551000020357,440011754580,0.1714,KlaipÓdos r. sav. EglynÖ k.,995,1713.76,Ekstensyvaus užstatymo gyvenamoji zona,U_GG_E_F,"0,2*",0,KT,406,100.0,,,0.0,0.0,0.0,0.0,0.0,0.0,0.0,0.0,0.0
551000020376,440011755012,0.1123,KlaipÓdos r. sav. EglynÖ k.,995,1122.66,Ekstensyvaus užstatymo gyvenamoji zona,U_GG_E_F,"0,2*",0,KT,406,100.0,,,0.0,0.0,0.0,0.0,0.0,0.0,0.0,0.0,0.0
551000020444,440016329714,0.1,KlaipÓdos r. sav. SmilgynÖ k. ArtojÖ g. 5,995,1000.0,Ekstensyvaus užstatymo gyvenamoji zona,U_GG_E_F,"0,2*",0,KT,406,100.0,,,0.0,0.0,0.0,0.0,0.0,0.0,0.0,0.0,0.0
551000020692,440050842265,0.5023,KlaipÓdos r. sav. EglynÖ k.,610,5023.14,Ekstensyvaus užstatymo gyvenamoji zona,U_GG_E_F,"0,2*",0,KT,404,100.0,,,0.0,0.0,0.0,0.0,0.0,0.0,0.0,0.0,0.0
551000030132,440028756774,0.3046,KlaipÓdos r. sav. ¾lapÕilÓs k. PlukiÖ g. 13,995,3045.89,Mažo užstatymo intensyvumo gyvenamoji zona,U_GG_M_F,"0,4*",0,KT,411,100.0,,,0.0,0.0,0.0,0.0,0.0,0.0,0.0,0.0,0.0
551000030152,551000030152,0.0496,KlaipÓdos r. sav. ¾lapÕilÓs k. GobergiÕkÓs g. 20,995,495.96,Mažo užstatymo intensyvumo gyvenamoji zona,U_GG_M_F,"0,4*",0,KT,411,100.0,,,0.0,0.0,0.0,0.0,0.0,0.0,0.0,0.0,0.0
551000030438,440008771193,0.83,KlaipÓdos r. sav. ¾lapÕilÓs k.,610,6678.64,Pramonės ir sandėliavimo zona,U_PS_F,"2,5",0,KT,355,100.0,,,0.0,0.0,0.0,0.0,0.0,0.0,0.0,0.0,0.0
551000030450,440009473074,4.0351,KlaipÓdos r. sav. AlksniÖ k.,610,40351.01,Ekstensyvaus užstatymo gyvenamoji zona,U_GG_E_F,"0,2*",0,KT,404,100.0,,,0.0,0.0,0.0,0.0,0.0,0.0,0.0,0.0,0.0
551000030507,440012307092,1.08,KlaipÓdos r. sav. ¾lapÕilÓs k.,610,11667.67,Mažo užstatymo intensyvumo gyvenamoji zona,U_GG_M_F,"0,4*",0,KT,411,100.0,,,0.0,0.0,0.0,0.0,0.0,0.0,0.0,0.0,0.0
551000040209,551000040209,0.6699,KlaipÓdos r. sav. JonuÕÖ k. GÓlynÖ g. 10,995,6702.37,Mažo užstatymo intensyvumo gyvenamoji zona,U_GG_M_F,"0,4*",0,KT,206,100.0,,,0.0,0.0,0.0,0.0,0.0,0.0,0.0,0.0,0.0
551000040257,551000040257,0.2211,KlaipÓdos r. sav. JonuÕÖ k. JonuÕÖ g. 5,995,2211.73,Mažo užstatymo intensyvumo gyvenamoji zona,U_GG_M_F,"0,4*",0,KT,206,100.0,,,0.0,0.0,0.0,0.0,0.0,0.0,0.0,0.0,0.0
551000040319,440004070062,0.2095,KlaipÓdos r. sav. JonuÕÖ k. GÓlynÖ g. 24,995,2095.42,Mažo užstatymo intensyvumo gyvenamoji zona,U_GG_M_F,"0,4*",0,KT,206,100.0,,,0.0,0.0,0.0,0.0,0.0,0.0,0.0,0.0,0.0
551000040329,440004290892,0.168,KlaipÓdos r. sav. GobergiÕkÓs k.,610,1680.02,Mažo užstatymo intensyvumo gyvenamoji zona,U_GG_M_F,"0,4*",0,KT,204,100.0,,,0.0,0.0,0.0,0.0,0.0,0.0,0.0,0.0,0.0
551000040457,440007752149,0.1501,KlaipÓdos r. sav. GobergiÕkÓs k. GluosniÖ g. 11,995,1500.82,Mažo užstatymo intensyvumo gyvenamoji zona,U_GG_M_F,"0,4*",0,KT,204,100.0,,,0.0,0.0,0.0,0.0,0.0,0.0,0.0,0.0,0.0
551000040470,440008690406,2.2164,KlaipÓdos r. sav. JonuÕÖ k.,610,22164.23,Mažo užstatymo intensyvumo gyvenamoji zona,U_GG_M_F,"0,4*",0,KT,206,99.38,Miškų ir miškingų teritorijų zona,MI_F,0.34,0.0,0.0,0.0,0.0,0.0,0.0,0.0,0.0
551000040496,440009927980,0.15,KlaipÓdos r. sav. GobergiÕkÓs k.,995,1499.92,Mažo užstatymo intensyvumo gyvenamoji zona,U_GG_M_F,"0,4*",0,KT,204,100.0,,,0.0,0.0,0.0,0.0,0.0,0.0,0.0,0.0,0.0
551000040544,440015108128,0.1003,KlaipÓdos r. sav. JonuÕÖ k. Poilsio g. 4,995,1002.53,Mažo užstatymo intensyvumo gyvenamoji zona,U_GG_M_F,"0,4*",0,KT,206,100.0,,,0.0,0.0,0.0,0.0,0.0,0.0,0.0,0.0,0.0
551000040577,440015118079,0.1126,KlaipÓdos r. sav. JonuÕÖ k. PamiÕkÓs g. 20,995,1131.07,Mažo užstatymo intensyvumo gyvenamoji zona,U_GG_M_F,"0,4*",0,KT,206,100.0,,,0.0,0.0,0.0,0.0,0.0,0.0,0.0,0.0,0.0
551000040580,440015118246,0.1265,KlaipÓdos r. sav. JonuÕÖ k. Poilsio g. 14,995,1264.62,Miškų ir miškingų teritorijų zona,MI_F,0,0,M,205,68.13,Mažo užstatymo intensyvumo gyvenamoji zona,U_GG_M_F,31.87,0.0,0.0,0.0,0.0,0.0,0.0,0.0,0.0
551000040604,440015990479,0.25,KlaipÓdos r. sav. DauparÖ k. Vilties g. 8,995,2500.01,Mažo užstatymo intensyvumo gyvenamoji zona,U_GG_M_F,"0,4*",0,KT,204,100.0,,,0.0,0.0,0.0,0.0,0.0,0.0,0.0,0.0,0.0
551000040741,440040175951,0.0942,KlaipÓdos r. sav. JonuÕÖ k.,610,941.93,Mažo užstatymo intensyvumo gyvenamoji zona,U_GG_M_F,"0,4*",0,KT,206,100.0,,,0.0,0.0,0.0,0.0,0.0,0.0,0.0,0.0,0.0
551000050172,440001200984,0.2537,KlaipÓdos r. sav. ¾lapÕilÓs k. BaukÕtÓs g. 19,995,2537.14,Ekstensyvaus užstatymo gyvenamoji zona,U_GG_E_F,"0,2*",0,KT,202,100.0,,,0.0,0.0,0.0,0.0,0.0,0.0,0.0,0.0,0.0
551000050184,440001202294,0.1545,KlaipÓdos r. sav. ¾lapÕilÓs k. BaukÕtÓs g. 3,995,1546.05,Ekstensyvaus užstatymo gyvenamoji zona,U_GG_E_F,"0,2*",0,KT,202,100.0,,,0.0,0.0,0.0,0.0,0.0,0.0,0.0,0.0,0.0
551000050196,440001203287,0.1938,KlaipÓdos r. sav. ¾lapÕilÓs k.,995,1937.53,Ekstensyvaus užstatymo gyvenamoji zona,U_GG_E_F,"0,2*",0,KT,202,100.0,,,0.0,0.0,0.0,0.0,0.0,0.0,0.0,0.0,0.0
551000050649,440009106550,1.4,KlaipÓdos r. sav. ¾lapÕilÓs k.,610,13645.13,Žemės ūkio teritorijų zona,ZU_F,"0,05;0,8***",0,Z;KT,214,100.0,,,0.0,0.0,0.0,0.0,0.0,0.0,0.0,0.0,0.0
551000050707,440010136217,0.4,KlaipÓdos r. sav. ¾lapÕilÓs k. ¾lapÕilÓs g. 27,995,3999.95,Ekstensyvaus užstatymo gyvenamoji zona,U_GG_E_F,"0,2*",0,KT,202,100.0,,,0.0,0.0,0.0,0.0,0.0,0.0,0.0,0.0,0.0
551000050895,440014901938,3.95,KlaipÓdos r. sav. ¾lapÕilÓs k.,610,43206.36,Pramonės ir sandėliavimo zona,U_PS_F,"2,5",0,KT,355,65.09,Ekstensyvaus užstatymo gyvenamoji zona,U_GG_E_F,34.91,0.0,0.0,0.0,0.0,0.0,0.0,0.0,0.0
551000050969,440018019512,0.095,KlaipÓdos r. sav. ¾lapÕilÓs k.,995,950.08,Ekstensyvaus užstatymo gyvenamoji zona,U_GG_E_F,"0,2*",0,KT,202,100.0,,,0.0,0.0,0.0,0.0,0.0,0.0,0.0,0.0,0.0
551000051132,440020542606,0.1046,KlaipÓdos r. sav. ¾lapÕilÓs k. SodÖ g. 24,995,1046.08,Ekstensyvaus užstatymo gyvenamoji zona,U_GG_E_F,"0,2*",0,KT,202,100.0,,,0.0,0.0,0.0,0.0,0.0,0.0,0.0,0.0,0.0
551000051293,440023784910,0.14,KlaipÓdos r. sav. ¾lapÕilÓs k. TuopÖ g. 9,995,1400.21,Ekstensyvaus užstatymo gyvenamoji zona,U_GG_E_F,"0,2*",0,KT,202,100.0,,,0.0,0.0,0.0,0.0,0.0,0.0,0.0,0.0,0.0
551000051320,440030209013,0.3534,KlaipÓdos r. sav. ¾lapÕilÓs k. ¾lapÕilÓs g. 8A,995,3533.83,Ekstensyvaus užstatymo gyvenamoji zona,U_GG_E_F,"0,2*",0,KT,202,100.0,,,0.0,0.0,0.0,0.0,0.0,0.0,0.0,0.0,0.0
551000051326,440030209279,0.0701,KlaipÓdos r. sav. ¾lapÕilÓs k. TujÖ g. 3,995,700.63,Ekstensyvaus užstatymo gyvenamoji zona,U_GG_E_F,"0,2*",0,KT,202,100.0,,,0.0,0.0,0.0,0.0,0.0,0.0,0.0,0.0,0.0
551000051610,440050610680,0.11,KlaipÓdos r. sav. ¾lapÕilÓs k. VyÕniÖ g. 4,995,1099.97,Žemės ūkio teritorijų zona,ZU_F,"0,05;0,8***",0,Z;KT,214,100.0,,,0.0,0.0,0.0,0.0,0.0,0.0,0.0,0.0,0.0
551300010118,551300010118,0.0596,KlaipÓdos r. sav. DercekliÖ k. KampinÓ g. 6,610,611.84,Mažo užstatymo intensyvumo gyvenamoji zona,U_GG_M_F,"0,4*",0,KT,277,100.0,,,0.0,0.0,0.0,0.0,0.0,0.0,0.0,0.0,0.0
551300010142,551300010142,0.0597,KlaipÓdos r. sav. DercekliÖ k. PutinÖ g. 8,610,628.1,Mažo užstatymo intensyvumo gyvenamoji zona,U_GG_M_F,"0,4*",0,KT,277,100.0,,,0.0,0.0,0.0,0.0,0.0,0.0,0.0,0.0,0.0
551300010212,551300010212,0.0607,KlaipÓdos r. sav. DercekliÖ k. Tiesioji g. 10,610,607.21,Mažo užstatymo intensyvumo gyvenamoji zona,U_GG_M_F,"0,4*",0,KT,277,100.0,,,0.0,0.0,0.0,0.0,0.0,0.0,0.0,0.0,0.0
551300010259,551300010259,0.0628,KlaipÓdos r. sav. DercekliÖ k.,610,572.35,Mažo užstatymo intensyvumo gyvenamoji zona,U_GG_M_F,"0,4*",0,KT,277,100.0,,,0.0,0.0,0.0,0.0,0.0,0.0,0.0,0.0,0.0
551300020054,551300020054,0.06,KlaipÓdos r. sav. DercekliÖ k. KanapiÖ g. 9,610,599.91,Mažo užstatymo intensyvumo gyvenamoji zona,U_GG_M_F,"0,4*",0,KT,277,100.0,,,0.0,0.0,0.0,0.0,0.0,0.0,0.0,0.0,0.0
551300020059,551300020059,0.06,KlaipÓdos r. sav. DercekliÖ k. LingiÖ g. 23,610,614.53,Mažo užstatymo intensyvumo gyvenamoji zona,U_GG_M_F,"0,4*",0,KT,277,100.0,,,0.0,0.0,0.0,0.0,0.0,0.0,0.0,0.0,0.0
551300020070,551300020070,0.06,KlaipÓdos r. sav. DercekliÖ k. KirtimÖ g. 7,610,613.69,Mažo užstatymo intensyvumo gyvenamoji zona,U_GG_M_F,"0,4*",0,KT,277,100.0,,,0.0,0.0,0.0,0.0,0.0,0.0,0.0,0.0,0.0
551300020180,551300020180,0.06,KlaipÓdos r. sav. DercekliÖ k. SakalÖ g. 8,610,601.65,Mažo užstatymo intensyvumo gyvenamoji zona,U_GG_M_F,"0,4*",0,KT,277,100.0,,,0.0,0.0,0.0,0.0,0.0,0.0,0.0,0.0,0.0
551300020207,551300020207,0.06,KlaipÓdos r. sav. DercekliÖ k. TyleniÖ g. 10,610,600.05,Mažo užstatymo intensyvumo gyvenamoji zona,U_GG_M_F,"0,4*",0,KT,277,100.0,,,0.0,0.0,0.0,0.0,0.0,0.0,0.0,0.0,0.0
551300030136,551300030136,0.06,KlaipÓdos r. sav. DercekliÖ k. LemuogiÖ g. 15,610,588.23,Mažo užstatymo intensyvumo gyvenamoji zona,U_GG_M_F,"0,4*",0,KT,277,100.0,,,0.0,0.0,0.0,0.0,0.0,0.0,0.0,0.0,0.0
551300030157,551300030157,0.0632,KlaipÓdos r. sav. DercekliÖ k. VynuogiÖ g. 16,610,627.2,Mažo užstatymo intensyvumo gyvenamoji zona,U_GG_M_F,"0,4*",0,KT,277,100.0,,,0.0,0.0,0.0,0.0,0.0,0.0,0.0,0.0,0.0
551300030169,551300030169,0.06,KlaipÓdos r. sav. DercekliÖ k. VynuogiÖ g. 9,610,609.23,Mažo užstatymo intensyvumo gyvenamoji zona,U_GG_M_F,"0,4*",0,KT,277,100.0,,,0.0,0.0,0.0,0.0,0.0,0.0,0.0,0.0,0.0
551300030253,551300030253,0.0568,KlaipÓdos r. sav. DercekliÖ k. Avietyno g. 3,610,567.54,Mažo užstatymo intensyvumo gyvenamoji zona,U_GG_M_F,"0,4*",0,KT,277,100.0,,,0.0,0.0,0.0,0.0,0.0,0.0,0.0,0.0,0.0
551300040145,551300040145,0.0588,KlaipÓdos r. sav. DercekliÖ k. LemaiNiÖ g. 1,610,589.16,Mažo užstatymo intensyvumo gyvenamoji zona,U_GG_M_F,"0,4*",0,KT,277,100.0,,,0.0,0.0,0.0,0.0,0.0,0.0,0.0,0.0,0.0
551300040176,551300040176,0.06,KlaipÓdos r. sav. DercekliÖ k. Minijos g. 1A,610,570.44,Mažo užstatymo intensyvumo gyvenamoji zona,U_GG_M_F,"0,4*",0,KT,277,100.0,,,0.0,0.0,0.0,0.0,0.0,0.0,0.0,0.0,0.0
551300050028,440009369600,0.0607,KlaipÓdos r. sav. DercekliÖ k. LygÓs g. 12,610,606.5,Mažo užstatymo intensyvumo gyvenamoji zona,U_GG_M_F,"0,4*",0,KT,277,100.0,,,0.0,0.0,0.0,0.0,0.0,0.0,0.0,0.0,0.0
551300050313,551300050313,0.0597,KlaipÓdos r. sav. DercekliÖ k. ¾turmanÖ g. 13,610,598.4,Mažo užstatymo intensyvumo gyvenamoji zona,U_GG_M_F,"0,4*",0,KT,277,100.0,,,0.0,0.0,0.0,0.0,0.0,0.0,0.0,0.0,0.0
551300060103,551300060103,0.06,KlaipÓdos r. sav. DercekliÖ k. Agluonos g. 8,610,602.83,Mažo užstatymo intensyvumo gyvenamoji zona,U_GG_M_F,"0,4*",0,KT,277,100.0,,,0.0,0.0,0.0,0.0,0.0,0.0,0.0,0.0,0.0
551300060105,551300060105,0.06,KlaipÓdos r. sav. DercekliÖ k. Agluonos g. 4,610,565.39,Mažo užstatymo intensyvumo gyvenamoji zona,U_GG_M_F,"0,4*",0,KT,277,100.0,,,0.0,0.0,0.0,0.0,0.0,0.0,0.0,0.0,0.0
551300060258,551300060258,0.0605,KlaipÓdos r. sav. DercekliÖ k. MariÖ g. 34,610,605.07,Mažo užstatymo intensyvumo gyvenamoji zona,U_GG_M_F,"0,4*",0,KT,277,100.0,,,0.0,0.0,0.0,0.0,0.0,0.0,0.0,0.0,0.0
551300070007,551300070007,0.0585,KlaipÓdos r. sav. DercekliÖ k. LubinÖ g. 18,610,617.97,Mažo užstatymo intensyvumo gyvenamoji zona,U_GG_M_F,"0,4*",0,KT,277,100.0,,,0.0,0.0,0.0,0.0,0.0,0.0,0.0,0.0,0.0
551300070117,551300070117,0.061,KlaipÓdos r. sav. DercekliÖ k. Dituvos g. 95,610,613.4,Mažo užstatymo intensyvumo gyvenamoji zona,U_GG_M_F,"0,4*",0,KT,277,100.0,,,0.0,0.0,0.0,0.0,0.0,0.0,0.0,0.0,0.0
551300090040,551300090040,0.0645,KlaipÓdos r. sav. DercekliÖ k. VyturiÖ g. 25,610,645.08,Mažo užstatymo intensyvumo gyvenamoji zona,U_GG_M_F,"0,4*",0,KT,277,100.0,,,0.0,0.0,0.0,0.0,0.0,0.0,0.0,0.0,0.0
551300090063,551300090063,0.06,KlaipÓdos r. sav. DercekliÖ k. AlyvÖ g. 22,610,601.62,Mažo užstatymo intensyvumo gyvenamoji zona,U_GG_M_F,"0,4*",0,KT,277,100.0,,,0.0,0.0,0.0,0.0,0.0,0.0,0.0,0.0,0.0
551300090088,551300090088,0.0638,KlaipÓdos r. sav. DercekliÖ k. SvarainiÖ g. 31,610,637.76,Mažo užstatymo intensyvumo gyvenamoji zona,U_GG_M_F,"0,4*",0,KT,277,100.0,,,0.0,0.0,0.0,0.0,0.0,0.0,0.0,0.0,0.0
551300100064,551300100064,0.061,KlaipÓdos r. sav. DercekliÖ k. LaivÖ 1-oji g. 3,610,610.44,Mažo užstatymo intensyvumo gyvenamoji zona,U_GG_M_F,"0,4*",0,KT,277,100.0,,,0.0,0.0,0.0,0.0,0.0,0.0,0.0,0.0,0.0
551300100124,551300100124,0.06,KlaipÓdos r. sav. DercekliÖ k. Molo g. 48,610,631.57,Mažo užstatymo intensyvumo gyvenamoji zona,U_GG_M_F,"0,4*",0,KT,277,100.0,Žemės ūkio teritorijų zona,ZU_F,0.0,0.0,0.0,0.0,0.0,0.0,0.0,0.0,0.0
551300100126,551300100126,0.06,KlaipÓdos r. sav. DercekliÖ k. Molo g. 44,610,591.41,Mažo užstatymo intensyvumo gyvenamoji zona,U_GG_M_F,"0,4*",0,KT,277,100.0,,,0.0,0.0,0.0,0.0,0.0,0.0,0.0,0.0,0.0
551300100218,551300100218,0.06,KlaipÓdos r. sav. DercekliÖ k. Pavasario g. 44,610,594.88,Mažo užstatymo intensyvumo gyvenamoji zona,U_GG_M_F,"0,4*",0,KT,277,100.0,,,0.0,0.0,0.0,0.0,0.0,0.0,0.0,0.0,0.0
551300110142,551300110142,0.0578,KlaipÓdos r. sav. DercekliÖ k. Pavasario g. 3,610,580.9,Mažo užstatymo intensyvumo gyvenamoji zona,U_GG_M_F,"0,4*",0,KT,277,100.0,,,0.0,0.0,0.0,0.0,0.0,0.0,0.0,0.0,0.0
551300110220,551300110220,0.0617,KlaipÓdos r. sav. DercekliÖ k. PaukÕNiÖ tak. 1,610,616.58,Mažo užstatymo intensyvumo gyvenamoji zona,U_GG_M_F,"0,4*",0,KT,277,100.0,,,0.0,0.0,0.0,0.0,0.0,0.0,0.0,0.0,0.0
551300120122,551300120122,0.0606,KlaipÓdos r. sav. DercekliÖ k. SaulÓs g. 3,610,606.22,Mažo užstatymo intensyvumo gyvenamoji zona,U_GG_M_F,"0,4*",0,KT,277,100.0,,,0.0,0.0,0.0,0.0,0.0,0.0,0.0,0.0,0.0
551300120281,551300120281,0.0611,KlaipÓdos r. sav. DercekliÖ k. MickÖ 1-oji g. 3,610,611.41,Mažo užstatymo intensyvumo gyvenamoji zona,U_GG_M_F,"0,4*",0,KT,277,100.0,,,0.0,0.0,0.0,0.0,0.0,0.0,0.0,0.0,0.0
551300130058,551300130058,0.0603,KlaipÓdos r. sav. DercekliÖ k. GeniÖ g. 53,610,603.37,Mažo užstatymo intensyvumo gyvenamoji zona,U_GG_M_F,"0,4*",0,KT,277,100.0,,,0.0,0.0,0.0,0.0,0.0,0.0,0.0,0.0,0.0
551300130205,551300130205,0.06,KlaipÓdos r. sav. DercekliÖ k. GeniÖ g. 9,610,599.98,Mažo užstatymo intensyvumo gyvenamoji zona,U_GG_M_F,"0,4*",0,KT,277,100.0,,,0.0,0.0,0.0,0.0,0.0,0.0,0.0,0.0,0.0
551300130234,551300130234,0.0636,KlaipÓdos r. sav. DercekliÖ k. Nektaro g. 6,610,635.63,Mažo užstatymo intensyvumo gyvenamoji zona,U_GG_M_F,"0,4*",0,KT,277,100.0,,,0.0,0.0,0.0,0.0,0.0,0.0,0.0,0.0,0.0
551300130298,551300130298,0.0576,KlaipÓdos r. sav. DercekliÖ k. GandrÖ g. 41,610,589.97,Mažo užstatymo intensyvumo gyvenamoji zona,U_GG_M_F,"0,4*",0,KT,277,100.0,,,0.0,0.0,0.0,0.0,0.0,0.0,0.0,0.0,0.0
551300130312,551300130312,0.06,KlaipÓdos r. sav. DercekliÖ k. DraugystÓs g. 89,610,545.46,Mažo užstatymo intensyvumo gyvenamoji zona,U_GG_M_F,"0,4*",0,KT,277,100.0,,,0.0,0.0,0.0,0.0,0.0,0.0,0.0,0.0,0.0
551300140029,551300140029,0.057,KlaipÓdos r. sav. DercekliÖ k. KurmiÖ tak. 2,610,546.34,Mažo užstatymo intensyvumo gyvenamoji zona,U_GG_M_F,"0,4*",0,KT,277,100.0,,,0.0,0.0,0.0,0.0,0.0,0.0,0.0,0.0,0.0
551300140063,551300140063,0.0638,KlaipÓdos r. sav. DercekliÖ k. IÕilginÓ g. 15,610,631.63,Mažo užstatymo intensyvumo gyvenamoji zona,U_GG_M_F,"0,4*",0,KT,277,100.0,,,0.0,0.0,0.0,0.0,0.0,0.0,0.0,0.0,0.0
551300140196,551300140196,0.0629,KlaipÓdos r. sav. DercekliÖ k. GalinÓ g. 2,610,629.33,Mažo užstatymo intensyvumo gyvenamoji zona,U_GG_M_F,"0,4*",0,KT,277,100.0,,,0.0,0.0,0.0,0.0,0.0,0.0,0.0,0.0,0.0
551300140349,440011792450,0.0286,KlaipÓdos r. sav. DercekliÖ k. IÕilginÓ g. 10A,610,286.02,Mažo užstatymo intensyvumo gyvenamoji zona,U_GG_M_F,"0,4*",0,KT,277,100.0,,,0.0,0.0,0.0,0.0,0.0,0.0,0.0,0.0,0.0
551300150282,551300150282,0.06,KlaipÓdos r. sav. DercekliÖ k. TreÕniÖ g. 12,610,611.21,Mažo užstatymo intensyvumo gyvenamoji zona,U_GG_M_F,"0,4*",0,KT,277,100.0,,,0.0,0.0,0.0,0.0,0.0,0.0,0.0,0.0,0.0
551300150317,551300150317,0.0613,KlaipÓdos r. sav. DercekliÖ k. TulpiÖ g. 7,610,612.79,Mažo užstatymo intensyvumo gyvenamoji zona,U_GG_M_F,"0,4*",0,KT,277,100.0,,,0.0,0.0,0.0,0.0,0.0,0.0,0.0,0.0,0.0
551300150400,551300150400,0.06,KlaipÓdos r. sav. DercekliÖ k. ApyniÖ g. 4,610,580.45,Mažo užstatymo intensyvumo gyvenamoji zona,U_GG_M_F,"0,4*",0,KT,277,100.0,,,0.0,0.0,0.0,0.0,0.0,0.0,0.0,0.0,0.0
551300180248,551300180248,0.06,KlaipÓdos r. sav. DercekliÖ k. Dz×kÖ g. 19,610,608.97,Mažo užstatymo intensyvumo gyvenamoji zona,U_GG_M_F,"0,4*",0,KT,277,100.0,,,0.0,0.0,0.0,0.0,0.0,0.0,0.0,0.0,0.0
551300180289,551300180289,0.06,KlaipÓdos r. sav. DercekliÖ k. PamiÕkÓs g. 33,610,604.41,Mažo užstatymo intensyvumo gyvenamoji zona,U_GG_M_F,"0,4*",0,KT,277,100.0,,,0.0,0.0,0.0,0.0,0.0,0.0,0.0,0.0,0.0
551300180338,551300180338,0.06,KlaipÓdos r. sav. DercekliÖ k. LvejÖ g. 45,610,619.78,Mažo užstatymo intensyvumo gyvenamoji zona,U_GG_M_F,"0,4*",0,KT,277,100.0,,,0.0,0.0,0.0,0.0,0.0,0.0,0.0,0.0,0.0
551300190029,551300190029,0.0602,KlaipÓdos r. sav. DercekliÖ k. LazdynÖ g. 28,610,593.81,Mažo užstatymo intensyvumo gyvenamoji zona,U_GG_M_F,"0,4*",0,KT,277,100.0,,,0.0,0.0,0.0,0.0,0.0,0.0,0.0,0.0,0.0
551300190063,551300190063,0.0642,KlaipÓdos r. sav. DercekliÖ k. LazdynÖ g. 41,610,646.55,Mažo užstatymo intensyvumo gyvenamoji zona,U_GG_M_F,"0,4*",0,KT,277,100.0,,,0.0,0.0,0.0,0.0,0.0,0.0,0.0,0.0,0.0
551300190099,551300190099,0.06,KlaipÓdos r. sav. DercekliÖ k. Astravo g. 9,610,600.06,Mažo užstatymo intensyvumo gyvenamoji zona,U_GG_M_F,"0,4*",0,KT,277,100.0,,,0.0,0.0,0.0,0.0,0.0,0.0,0.0,0.0,0.0
551300190239,551300190239,0.0708,KlaipÓdos r. sav. DercekliÖ k. L×ÕiÖ g. 11,610,665.13,Mažo užstatymo intensyvumo gyvenamoji zona,U_GG_M_F,"0,4*",0,KT,277,100.0,,,0.0,0.0,0.0,0.0,0.0,0.0,0.0,0.0,0.0
551300200016,551300200016,0.06,KlaipÓdos r. sav. DercekliÖ k. BajorÖ g. 14,610,599.72,Mažo užstatymo intensyvumo gyvenamoji zona,U_GG_M_F,"0,4*",0,KT,277,100.0,,,0.0,0.0,0.0,0.0,0.0,0.0,0.0,0.0,0.0
551300210128,551300210128,0.0613,KlaipÓdos r. sav. DercekliÖ k. Nidos g. 43,610,612.96,Mažo užstatymo intensyvumo gyvenamoji zona,U_GG_M_F,"0,4*",0,KT,277,100.0,,,0.0,0.0,0.0,0.0,0.0,0.0,0.0,0.0,0.0
551300210313,551300210313,0.06,KlaipÓdos r. sav. DercekliÖ k. Preilos g. 66,610,594.45,Mažo užstatymo intensyvumo gyvenamoji zona,U_GG_M_F,"0,4*",0,KT,277,100.0,,,0.0,0.0,0.0,0.0,0.0,0.0,0.0,0.0,0.0
551300210540,551300210540,0.06,KlaipÓdos r. sav. DercekliÖ k. Elos g. 1,610,599.78,Mažo užstatymo intensyvumo gyvenamoji zona,U_GG_M_F,"0,4*",0,KT,277,100.0,,,0.0,0.0,0.0,0.0,0.0,0.0,0.0,0.0,0.0
551300210560,551300210560,0.0629,KlaipÓdos r. sav. DercekliÖ k. Preilos g. 134,610,629.29,Mažo užstatymo intensyvumo gyvenamoji zona,U_GG_M_F,"0,4*",0,KT,277,100.0,,,0.0,0.0,0.0,0.0,0.0,0.0,0.0,0.0,0.0
551300210592,551300210592,0.0645,KlaipÓdos r. sav. DercekliÖ k. P×kÖ g. 14,610,645.02,Mažo užstatymo intensyvumo gyvenamoji zona,U_GG_M_F,"0,4*",0,KT,277,100.0,,,0.0,0.0,0.0,0.0,0.0,0.0,0.0,0.0,0.0
551300210665,551300210665,0.06,KlaipÓdos r. sav. DercekliÖ k. EgluNiÖ g. 32,610,625.44,Mažo užstatymo intensyvumo gyvenamoji zona,U_GG_M_F,"0,4*",0,KT,277,100.0,,,0.0,0.0,0.0,0.0,0.0,0.0,0.0,0.0,0.0
551300210687,551300210687,0.06,KlaipÓdos r. sav. DercekliÖ k. Preilos g. 100,610,608.15,Mažo užstatymo intensyvumo gyvenamoji zona,U_GG_M_F,"0,4*",0,KT,277,100.0,,,0.0,0.0,0.0,0.0,0.0,0.0,0.0,0.0,0.0
551300210782,551300210782,0.06,KlaipÓdos r. sav. DercekliÖ k. GerviÖ g. 10,610,603.3,Mažo užstatymo intensyvumo gyvenamoji zona,U_GG_M_F,"0,4*",0,KT,277,100.0,,,0.0,0.0,0.0,0.0,0.0,0.0,0.0,0.0,0.0
551300210788,551300210788,0.06,KlaipÓdos r. sav. DercekliÖ k. Dituvos g. 123,610,602.71,Mažo užstatymo intensyvumo gyvenamoji zona,U_GG_M_F,"0,4*",0,KT,277,100.0,,,0.0,0.0,0.0,0.0,0.0,0.0,0.0,0.0,0.0
551300210849,551300210849,0.06,KlaipÓdos r. sav. DercekliÖ k. DobilÖ g. 3,610,602.93,Mažo užstatymo intensyvumo gyvenamoji zona,U_GG_M_F,"0,4*",0,KT,277,100.0,,,0.0,0.0,0.0,0.0,0.0,0.0,0.0,0.0,0.0
551300210853,551300210853,0.06,KlaipÓdos r. sav. DercekliÖ k. DobilÖ g. 11,610,591.27,Mažo užstatymo intensyvumo gyvenamoji zona,U_GG_M_F,"0,4*",0,KT,277,100.0,,,0.0,0.0,0.0,0.0,0.0,0.0,0.0,0.0,0.0
551300210874,551300210874,0.06,KlaipÓdos r. sav. DercekliÖ k. DobilÖ g. 2,610,616.39,Mažo užstatymo intensyvumo gyvenamoji zona,U_GG_M_F,"0,4*",0,KT,277,100.0,,,0.0,0.0,0.0,0.0,0.0,0.0,0.0,0.0,0.0
551300220030,440001528474,28.8893,KlaipÓdos r. sav. KliÕiÖ k. KliÕiÖ g. 3,610,288918.62,Žemės ūkio teritorijų zona,ZU_F,"0,05;0,8***",0,Z;KT,327,88.83,Miškų ir miškingų teritorijų zona,MI_F,8.99,0.0,0.0,0.0,0.0,0.0,0.0,0.0,0.0
551300220033,440011533023,7.2252,KlaipÓdos r. sav. KliÕiÖ k.,610,72252.35,Miškų ir miškingų teritorijų zona,MI_F,0,0,M,326,69.16,Žemės ūkio teritorijų zona,ZU_F,17.05,13.7,0.0,0.0,0.0,25.33,13.7,0.0,0.0
551300230278,551300230278,0.068,KlaipÓdos r. sav. LingiÖ k. RasytÓs g. 22,610,680.12,Mažo užstatymo intensyvumo gyvenamoji zona,U_GG_M_F,"0,4*",0,KT,277,100.0,,,0.0,0.0,0.0,0.0,0.0,0.0,0.0,0.0,0.0
551300230308,551300230308,0.06,KlaipÓdos r. sav. LingiÖ k. Dubysos g. 13,610,627.29,Mažo užstatymo intensyvumo gyvenamoji zona,U_GG_M_F,"0,4*",0,KT,277,100.0,,,0.0,0.0,0.0,0.0,0.0,0.0,0.0,0.0,0.0
551300230338,551300230338,0.0622,KlaipÓdos r. sav. LingiÖ k. GiraitÓs g. 1,610,669.63,Mažo užstatymo intensyvumo gyvenamoji zona,U_GG_M_F,"0,4*",0,KT,277,100.0,,,0.0,0.0,0.0,0.0,0.0,0.0,0.0,0.0,0.0
551300230457,551300230457,0.1079,KlaipÓdos r. sav. LingiÖ k. ¾irvÓnos g. 7,610,1079.46,Mažo užstatymo intensyvumo gyvenamoji zona,U_GG_M_F,"0,4*",0,KT,277,100.0,,,0.0,0.0,0.0,0.0,0.0,0.0,0.0,0.0,0.0
551300230478,551300230478,0.062,KlaipÓdos r. sav. LingiÖ k. TulpiÖ g. 4,610,636.13,Mažo užstatymo intensyvumo gyvenamoji zona,U_GG_M_F,"0,4*",0,KT,294,100.0,,,0.0,0.0,0.0,0.0,0.0,0.0,0.0,0.0,0.0
551300230480,551300230480,0.0639,KlaipÓdos r. sav. LingiÖ k. RoUiÖ g. 16,610,638.6,Mažo užstatymo intensyvumo gyvenamoji zona,U_GG_M_F,"0,4*",0,KT,294,100.0,,,0.0,0.0,0.0,0.0,0.0,0.0,0.0,0.0,0.0
551500010176,440000765014,0.0161,KlaipÓdos r. sav. Drevernos k. Mokyklos g. 8,995,161.41,Vidutinio užstatymo intensyvumo gyvenamoji zona,U_GG_V_F,"0,8*",0,KT,331,100.0,,,0.0,0.0,0.0,0.0,0.0,0.0,0.0,0.0,0.0
551500010333,440023659632,0.3239,KlaipÓdos r. sav. Drevernos k. Dz×kÖ g. 6,995,3238.94,Vidutinio užstatymo intensyvumo gyvenamoji zona,U_GG_V_F,"0,8*",0,KT,331,100.0,,,0.0,0.0,0.0,0.0,0.0,0.0,0.0,0.0,0.0
551500010366,440030857982,0.0547,KlaipÓdos r. sav. Drevernos k. KlaipÓdos g. 4B,995,547.38,Vidutinio užstatymo intensyvumo gyvenamoji zona,U_GG_V_F,"0,8*",0,KT,331,100.0,,,0.0,0.0,0.0,0.0,0.0,0.0,0.0,0.0,0.0
551500010386,440049435669,0.6017,KlaipÓdos r. sav. Drevernos k. AlyvÖ g. 1,995,6016.96,Vidutinio užstatymo intensyvumo gyvenamoji zona,U_GG_V_F,"0,8*",0,KT,331,100.0,,,0.0,0.0,0.0,0.0,0.0,0.0,0.0,0.0,0.0
551500020179,551500020179,0.6184,KlaipÓdos r. sav. Drevernos k.,995,6186.14,Vidutinio užstatymo intensyvumo gyvenamoji zona,U_GG_V_F,"0,8*",0,KT,331,100.0,,,0.0,0.0,0.0,0.0,0.0,0.0,0.0,0.0,0.0
551500020228,440016576960,0.1006,KlaipÓdos r. sav. Drevernos k. BuNiaus g. 2,995,1006.34,Mažo užstatymo intensyvumo gyvenamoji zona,U_GG_M_F,"0,4*",0,KT,330,100.0,,,0.0,0.0,0.0,0.0,0.0,0.0,0.0,0.0,0.0
551500020251,440016577836,0.0951,KlaipÓdos r. sav. Drevernos k. BuNiaus g. 9,995,951.57,Mažo užstatymo intensyvumo gyvenamoji zona,U_GG_M_F,"0,4*",0,KT,330,100.0,,,0.0,0.0,0.0,0.0,0.0,0.0,0.0,0.0,0.0
551500030026,551500030026,1.0002,KlaipÓdos r. sav. SvencelÓs k.,610,10001.54,Žemės ūkio teritorijų zona,ZU_F,"0,05;0,8***",0,Z;KT,334,100.0,,,0.0,0.0,0.0,0.0,0.0,0.0,0.0,0.0,0.0
551500040010,551500040010,1.2,KlaipÓdos r. sav. SvencelÓs k.,610,11553.78,Mažo užstatymo intensyvumo gyvenamoji zona,U_GG_M_F,"0,4*",0,KT,337,100.0,,,0.0,0.0,0.0,0.0,0.0,0.0,0.0,0.0,0.0
551500040089,440002523171,0.46,KlaipÓdos r. sav. Drevernos k.,610,4944.47,Mažo užstatymo intensyvumo gyvenamoji zona,U_GG_M_F,"0,4*",0,KT,330,99.04,Vidutinio užstatymo intensyvumo gyvenamoji zona,U_GG_V_F,0.96,0.0,0.0,0.0,0.0,0.0,0.0,0.0,0.0
551500040190,440016922593,0.0957,KlaipÓdos r. sav. SvencelÓs k.,995,956.97,Mažo užstatymo intensyvumo gyvenamoji zona,U_GG_M_F,"0,4*",0,KT,337,100.0,,,0.0,0.0,0.0,0.0,0.0,0.0,0.0,0.0,0.0
551500040313,440045874317,0.0962,KlaipÓdos r. sav. SvencelÓs k.,610,961.93,Mažo užstatymo intensyvumo gyvenamoji zona,U_GG_M_F,"0,4*",0,KT,337,100.0,,,0.0,0.0,0.0,0.0,0.19,0.19,0.0,0.0,0.0
551500050012,551500050012,17.1013,KlaipÓdos r. sav. SvencelÓs k.,610,171013.0,Mažo užstatymo intensyvumo gyvenamoji zona,U_GG_M_F,"0,4*",0,KT,342,59.47,Žemės ūkio teritorijų zona,ZU_F,37.57,38.42,0.0,0.0,2.05,2.05,40.47,0.0,0.0
551500050090,440004878548,0.3442,KlaipÓdos r. sav. SvencelÓs k.,610,3441.63,Mažo užstatymo intensyvumo gyvenamoji zona,U_GG_M_F,"0,4*",0,KT,342,100.0,,,0.0,0.0,0.0,0.0,0.0,0.0,0.0,0.0,0.0
551500050112,440010025539,0.5952,KlaipÓdos r. sav. SvencelÓs k. SvencelÓs g. 73,610,5952.18,Mažo užstatymo intensyvumo gyvenamoji zona,U_GG_M_F,"0,4*",0,KT,342,71.19,Miškų ir miškingų teritorijų zona,MI_F,28.81,0.0,0.0,0.0,0.0,0.0,0.0,0.0,0.0
551500050196,440043182183,0.0424,KlaipÓdos r. sav. SvencelÓs k. AitvarÖ g. 29,995,424.17,Mažo užstatymo intensyvumo gyvenamoji zona,U_GG_M_F,"0,4*",0,KT,342,100.0,,,0.0,0.0,0.0,0.0,0.0,0.0,0.0,0.0,0.0
551500050262,440051328419,0.0407,KlaipÓdos r. sav. SvencelÓs k. Preilos g. 10,995,407.46,Mažo užstatymo intensyvumo gyvenamoji zona,U_GG_M_F,"0,4*",0,KT,342,100.0,,,0.0,0.0,0.0,0.0,0.0,0.0,0.0,0.0,0.0
551500050305,440051333650,0.0512,KlaipÓdos r. sav. SvencelÓs k. VÓjÖ g. 18,995,512.24,Mažo užstatymo intensyvumo gyvenamoji zona,U_GG_M_F,"0,4*",0,KT,342,100.0,,,0.0,0.0,0.0,0.0,0.0,0.0,0.0,0.0,0.0
551500050307,440051333150,0.0668,KlaipÓdos r. sav. SvencelÓs k. VÓjÖ g. 13,995,667.53,Mažo užstatymo intensyvumo gyvenamoji zona,U_GG_M_F,"0,4*",0,KT,342,100.0,,,0.0,0.0,0.0,0.0,0.0,0.0,0.0,0.0,0.0
551800010210,440024158212,10.0238,KlaipÓdos r. sav. TickinÖ k.,610,100237.84,Žemės ūkio teritorijų zona,ZU_F,"0,05;0,8***",0,Z;KT,496,100.0,Miškų ir miškingų teritorijų zona,MI_F,0.0,0.0,0.0,0.0,0.0,0.0,0.0,0.0,0.0
551800040026,440026540281,0.3783,KlaipÓdos r. sav. Endriejavo mstl. µUuolÖ g. 10,995,3783.2,Vidutinio užstatymo intensyvumo gyvenamoji zona,U_GG_V_F,"0,8*",0,KT,506,100.0,,,0.0,0.0,0.0,0.0,0.0,0.0,0.0,0.0,0.0
551800040086,551800040086,0.1398,KlaipÓdos r. sav. KapstatÖ k.,610,1397.83,Žemės ūkio teritorijų zona,ZU_F,"0,05;0,8***",0,Z;KT,514,96.6,Miškų ir miškingų teritorijų zona,MI_F,3.4,0.0,0.0,0.0,0.0,0.0,0.0,0.0,0.0
551800040156,551800040156,0.2481,KlaipÓdos r. sav. Endriejavo mstl. Kranto g. 5,995,2480.59,Vidutinio užstatymo intensyvumo gyvenamoji zona,U_GG_V_F,"0,8*",0,KT,506,100.0,,,0.0,0.0,0.0,0.0,0.0,0.0,0.0,0.0,0.0
551800040158,440000523340,0.06,KlaipÓdos r. sav. Endriejavo mstl.,610,679.8,Vidutinio užstatymo intensyvumo gyvenamoji zona,U_GG_V_F,"0,8*",0,KT,506,100.0,,,0.0,0.0,0.0,0.0,0.0,0.0,0.0,0.0,0.0
551800040271,440009712814,0.16,KlaipÓdos r. sav. Endriejavo mstl. Mokyklos g. 24,995,1599.54,Vidutinio užstatymo intensyvumo gyvenamoji zona,U_GG_V_F,"0,8*",0,KT,506,100.0,,,0.0,0.0,0.0,0.0,0.0,0.0,0.0,0.0,0.0
551800040349,440038574297,16.9216,KlaipÓdos r. sav. KapstatÖ k.,610,169216.17,Žemės ūkio teritorijų zona,ZU_F,"0,05;0,8***",0,Z;KT,516,96.7,Žemės ūkio teritorijų zona,ZU_F,3.25,0.0,0.0,0.0,0.0,0.01,0.0,0.0,0.0
551800050007,551800050007,1.51,KlaipÓdos r. sav. RaukÖ k.,710,18292.9,Miškų ir miškingų teritorijų zona,MI_F,0,0,M;KT,515,70.3,Žemės ūkio teritorijų zona,ZU_F,29.7,0.0,0.0,0.0,0.0,0.0,0.0,0.0,0.0
551800050009,551800050009,40.71,KlaipÓdos r. sav. KlibiÖ k.,710,414469.51,Miškų ir miškingų teritorijų zona,MI_F,0,0,M;KT,515,71.65,Žemės ūkio teritorijų zona,ZU_F,28.35,0.0,0.0,0.0,0.0,0.0,0.0,0.0,0.0
551800050019,551800050019,6.6905,KlaipÓdos r. sav. SausiÖ k.,710,66905.52,Miškų ir miškingų teritorijų zona,MI_F,0,0,M,513,99.37,Žemės ūkio teritorijų zona,ZU_F,0.63,0.0,0.0,0.0,0.0,0.0,0.0,0.0,0.0
551800050044,551800050044,3.22,KlaipÓdos r. sav. SausiÖ k.,610,31490.75,Pramonės ir sandėliavimo zona,U_PS_F,"2,5",0,KT,362,100.0,,,0.0,0.0,0.0,0.0,0.0,0.0,0.0,0.0,0.0
551800050166,440001038739,3.05,KlaipÓdos r. sav. KlibiÖ k.,610,30842.5,Žemės ūkio teritorijų zona,ZU_F,"0,05;0,8***",0,Z;KT,516,100.0,,,0.0,0.0,0.0,0.0,0.0,0.0,0.0,0.0,0.0
551800060061,551800060061,4.029,KlaipÓdos r. sav. KintrimÖ k.,610,40289.8,Žemės ūkio teritorijų zona,ZU_F,"0,05;0,8***",0,Z;KT,521,100.0,,,0.0,0.0,0.0,0.0,0.0,0.0,0.0,0.0,0.0
551800060120,440000832613,32.1,KlaipÓdos r. sav. LelÓnÖ k.,710,320496.42,Miškų ir miškingų teritorijų zona,MI_F,0,0,M;KT,520,75.12,Žemės ūkio teritorijų zona,ZU_F,24.88,0.0,0.0,0.0,0.0,0.0,0.0,0.0,0.0
551800060280,440009485010,1.18,KlaipÓdos r. sav. LelÓnÖ k.,710,11148.7,Miškų ir miškingų teritorijų zona,MI_F,0,0,M;KT,520,100.0,,,0.0,0.0,0.0,0.0,0.0,0.0,0.0,0.0,0.0
551800060335,440020569450,2.01,KlaipÓdos r. sav. LelÓnÖ k.,610,20477.28,Žemės ūkio teritorijų zona,ZU_F,"0,05;0,8***",0,Z;KT,521,100.0,,,0.0,0.0,0.0,0.0,0.0,0.0,0.0,0.0,0.0
551800060398,440042580508,4.7151,KlaipÓdos r. sav. LelÓnÖ k.,610,47150.92,Žemės ūkio teritorijų zona,ZU_F,"0,05;0,8***",0,Z;KT,521,100.0,,,0.0,0.0,0.0,0.0,0.0,0.0,0.0,0.0,0.0
551800070001,551800070001,2.9396,KlaipÓdos r. sav. Auksoro k. VeivirUÓnÖ g. 27G,995,29396.53,Pramonės ir sandėliavimo zona,U_PS_F,"2,5",0,KT,362,77.32,Žemės ūkio teritorijų zona,ZU_F,22.68,0.0,0.0,0.0,0.0,0.0,0.0,0.0,0.0
551800070177,551800070177,1.04,KlaipÓdos r. sav. PyktiÕkÓs k.,610,10462.98,Pramonės ir sandėliavimo zona,U_PS_F,"2,5",0,KT,362,100.0,,,0.0,0.0,0.0,0.0,0.0,0.0,0.0,0.0,0.0
551800070193,440000848148,0.25,KlaipÓdos r. sav. Endriejavo mstl. PievÖ g. 8,995,2649.82,Vidutinio užstatymo intensyvumo gyvenamoji zona,U_GG_V_F,"0,8*",0,KT,506,100.0,,,0.0,0.0,0.0,0.0,0.0,0.0,0.0,0.0,0.0
551800080067,551800080067,16.259,KlaipÓdos r. sav. ToliotÖ k.,610,162591.22,Žemės ūkio teritorijų zona,ZU_F,"0,05;0,8***",0,Z;KT,15,83.52,Miškų ir miškingų teritorijų zona,MI_F,16.27,0.0,0.0,0.0,0.0,0.0,0.0,0.0,0.0
551800080264,440030986380,2.7,KlaipÓdos r. sav. ToliotÖ k.,820,27315.67,Vandenų zona,H_F,0,0,H,13,49.86,Vandenų zona,H_F,46.56,0.0,0.0,0.0,0.0,11.98,0.0,0.0,0.0
551800090216,440007418539,0.856,KlaipÓdos r. sav. RudgalviÖ k.,610,8560.39,Žemės ūkio teritorijų zona,ZU_F,"0,05;0,8***",0,Z;KT,521,99.81,Mažo užstatymo intensyvumo gyvenamoji zona,U_GG_M_F,0.19,0.0,0.0,0.0,0.0,0.0,0.0,0.0,0.0
551800090284,440018196160,0.5389,KlaipÓdos r. sav. RudgalviÖ k.,610,5389.33,Mažo užstatymo intensyvumo gyvenamoji zona,U_GG_M_F,"0,4*",0,KT,17,100.0,,,0.0,0.0,0.0,0.0,0.0,0.0,0.0,0.0,0.0
552000010135,552000010135,0.1276,KlaipÓdos r. sav. GargUdÖ m. Rasos g. 18,995,1276.24,Vidutinio užstatymo intensyvumo gyvenamoji zona,U_GG_V_F,"0,8*",0,KT,199,100.0,,,0.0,0.0,0.0,0.0,0.0,0.0,0.0,0.0,0.0
552000010162,440022991331,0.0722,KlaipÓdos r. sav. GargUdÖ m. Rasos g. 32A,995,722.45,Vidutinio užstatymo intensyvumo gyvenamoji zona,U_GG_V_F,"0,8*",0,KT,199,100.0,,,0.0,0.0,0.0,0.0,0.0,0.0,0.0,0.0,0.0
552000010172,440015475762,0.19,KlaipÓdos r. sav. GargUdÖ m. KvietiniÖ g. 64,995,1900.1,Vidutinio užstatymo intensyvumo gyvenamoji zona,U_GG_V_F,"0,8*",0,KT,199,100.0,,,0.0,0.0,0.0,0.0,0.0,0.0,0.0,0.0,0.0
552000010528,440042528376,0.0826,KlaipÓdos r. sav. GargUdÖ m. Lenktoji g. 3,995,826.27,Vidutinio užstatymo intensyvumo gyvenamoji zona,U_GG_V_F,"0,8*",0,KT,199,100.0,,,0.0,0.0,0.0,0.0,0.0,0.0,0.0,0.0,0.0
552000010529,440042526416,0.4562,KlaipÓdos r. sav. GargUdÖ m. Lenktoji g. 2,995,4561.54,Vidutinio užstatymo intensyvumo gyvenamoji zona,U_GG_V_F,"0,8*",0,KT,199,100.0,,,0.0,0.0,0.0,0.0,0.0,0.0,0.0,0.0,0.0
552000010601,440009108456,0.09,KlaipÓdos r. sav. GargUdÖ m.,610,938.39,Vidutinio užstatymo intensyvumo gyvenamoji zona,U_GG_V_F,"0,8*",0,KT,199,100.0,,,0.0,0.0,0.0,0.0,0.0,0.0,0.0,0.0,0.0
552000010769,440031692696,0.0612,KlaipÓdos r. sav. GargUdÖ m. KvietiniÖ g. 131,995,611.62,Vidutinio užstatymo intensyvumo gyvenamoji zona,U_GG_V_F,"0,8*",0,KT,199,100.0,,,0.0,0.0,0.0,0.0,0.0,0.0,0.0,0.0,0.0
552000010801,440041401969,0.1812,KlaipÓdos r. sav. GargUdÖ m. Kretingos Plento g. 15A,995,1811.69,Intensyvaus užstatymo gyvenamoji zona,U_GG_I_F,2,0,KT,197,100.0,,,0.0,0.0,0.0,0.0,0.0,0.0,0.0,0.0,0.0
552000020040,552000020040,0.2526,KlaipÓdos r. sav. GargUdÖ m. Treniotos g. 36,995,2526.88,Vidutinio užstatymo intensyvumo gyvenamoji zona,U_GG_V_F,"0,8*",0,KT,199,100.0,,,0.0,0.0,0.0,0.0,0.0,0.0,0.0,0.0,0.0
552000040035,552000040035,0.2341,KlaipÓdos r. sav. GargUdÖ m. PievÖ g. 22,995,2341.51,Vidutinio užstatymo intensyvumo gyvenamoji zona,U_GG_V_F,"0,8*",0,KT,199,100.0,,,0.0,0.0,0.0,0.0,0.0,0.0,0.0,0.0,0.0
552000050079,552000050079,0.1078,KlaipÓdos r. sav. GargUdÖ m. TopoliÖ g. 7,995,1082.61,Intensyvaus užstatymo gyvenamoji zona,U_GG_I_F,2,0,KT,197,100.0,,,0.0,0.0,0.0,0.0,0.0,0.0,0.0,0.0,0.0
552000050117,440047279241,0.1,KlaipÓdos r. sav. GargUdÖ m. KNstuNio g. 33A,995,1000.01,Vidutinio užstatymo intensyvumo gyvenamoji zona,U_GG_V_F,"0,8*",0,KT,199,100.0,,,0.0,0.0,0.0,0.0,0.0,0.0,0.0,0.0,0.0
552000070009,440027009998,0.1305,KlaipÓdos r. sav. GargUdÖ m. Lalgirio g. 8,995,1304.78,Intensyvaus užstatymo gyvenamoji zona,U_GG_I_F,2,0,KT,197,100.0,,,0.0,0.0,0.0,0.0,0.0,0.0,0.0,0.0,0.0
552000070177,552000070177,0.2099,KlaipÓdos r. sav. GargUdÖ m. Vasario 16-osios g. 34,995,2099.75,Intensyvaus užstatymo gyvenamoji zona,U_GG_I_F,2,0,KT,197,100.0,,,0.0,0.0,0.0,0.0,0.0,0.0,0.0,0.0,0.0
552000070248,440021797984,0.058,KlaipÓdos r. sav. GargUdÖ m. Vytauto g. 19,995,579.88,Intensyvaus užstatymo gyvenamoji zona,U_GG_I_F,2,0,KT,197,100.0,,,0.0,0.0,0.0,0.0,0.0,0.0,0.0,0.0,0.0
552000080001,552000080001,0.066,KlaipÓdos r. sav. GargUdÖ m. LemaiNiÖ g. 30,995,665.3,Intensyvaus užstatymo gyvenamoji zona,U_GG_I_F,2,0,KT,197,100.0,,,0.0,0.0,0.0,0.0,0.0,0.0,0.0,0.0,0.0
552000080140,440004923906,0.1011,KlaipÓdos r. sav. GargUdÖ m. KvietiniÖ g. 35,995,1011.09,Intensyvaus užstatymo gyvenamoji zona,U_GG_I_F,2,0,KT,197,100.0,,,0.0,0.0,0.0,0.0,0.0,0.0,0.0,0.0,0.0
552000090124,440012141160,0.0841,KlaipÓdos r. sav. GargUdÖ m.,995,840.91,Vidutinio užstatymo intensyvumo gyvenamoji zona,U_GG_V_F,"0,8*",0,KT,199,100.0,,,0.0,0.0,0.0,0.0,0.0,0.0,0.0,0.0,0.0
552000090151,440012089128,0.1108,KlaipÓdos r. sav. GargUdÖ m.,995,1108.04,Vidutinio užstatymo intensyvumo gyvenamoji zona,U_GG_V_F,"0,8*",0,KT,199,100.0,,,0.0,0.0,0.0,0.0,0.0,0.0,0.0,0.0,0.0
552000090179,440012156331,0.1274,KlaipÓdos r. sav. GargUdÖ m.,995,1273.88,Vidutinio užstatymo intensyvumo gyvenamoji zona,U_GG_V_F,"0,8*",0,KT,199,100.0,,,0.0,0.0,0.0,0.0,0.0,0.0,0.0,0.0,0.0
552000090289,551000050087,1.7869,KlaipÓdos r. sav. GargUdÖ m.,610,17869.1,Vidutinio užstatymo intensyvumo gyvenamoji zona,U_GG_V_F,"0,8*",0,KT,199,100.0,,,0.0,0.0,0.0,0.0,0.0,0.0,0.0,0.0,0.0
552000090317,440008681818,0.1253,KlaipÓdos r. sav. GargUdÖ m. SaulÓs g. 4,995,1252.92,Vidutinio užstatymo intensyvumo gyvenamoji zona,U_GG_V_F,"0,8*",0,KT,199,100.0,,,0.0,0.0,0.0,0.0,0.0,0.0,0.0,0.0,0.0
552000090356,551000050018,12.0,KlaipÓdos r. sav. GargUdÖ m.,610,119409.36,Vidutinio užstatymo intensyvumo gyvenamoji zona,U_GG_V_F,"0,8*",0,KT,199,100.0,Ekstensyvaus užstatymo gyvenamoji zona,U_GG_E_F,0.0,0.0,0.0,0.0,0.0,0.0,0.0,0.0,0.0
552000090474,440030547145,0.029,KlaipÓdos r. sav. GargUdÖ m.,995,289.81,Vidutinio užstatymo intensyvumo gyvenamoji zona,U_GG_V_F,"0,8*",0,KT,199,100.0,,,0.0,0.0,0.0,0.0,0.0,0.0,0.0,0.0,0.0
552000090487,440032218523,0.1135,KlaipÓdos r. sav. GargUdÖ m. Vakaro g. 19,995,1134.51,Vidutinio užstatymo intensyvumo gyvenamoji zona,U_GG_V_F,"0,8*",0,KT,199,100.0,,,0.0,0.0,0.0,0.0,0.0,0.0,0.0,0.0,0.0
552000100038,552000100038,0.1095,KlaipÓdos r. sav. GargUdÖ m. KlaipÓdos g. 68,995,1094.62,Intensyvaus užstatymo gyvenamoji zona,U_GG_I_F,2,0,KT,197,100.0,,,0.0,0.0,0.0,0.0,0.0,0.0,0.0,0.0,0.0
552000100063,552000100063,0.0927,KlaipÓdos r. sav. GargUdÖ m. LemaitÓs g. 31,995,927.49,Intensyvaus užstatymo gyvenamoji zona,U_GG_I_F,2,0,KT,197,100.0,,,0.0,0.0,0.0,0.0,0.0,0.0,0.0,0.0,0.0
552000100070,552000100070,0.112,KlaipÓdos r. sav. GargUdÖ m. J. Janonio g. 12,995,1120.41,Intensyvaus užstatymo gyvenamoji zona,U_GG_I_F,2,0,KT,197,100.0,,,0.0,0.0,0.0,0.0,0.0,0.0,0.0,0.0,0.0
552000100086,552000100086,0.0761,KlaipÓdos r. sav. GargUdÖ m. KlaipÓdos g. 44,995,761.55,Intensyvaus užstatymo gyvenamoji zona,U_GG_I_F,2,0,KT,197,100.0,,,0.0,0.0,0.0,0.0,0.0,0.0,0.0,0.0,0.0
552000100105,440020772401,0.0853,KlaipÓdos r. sav. GargUdÖ m. LemaitÓs g. 21,995,852.72,Intensyvaus užstatymo gyvenamoji zona,U_GG_I_F,2,0,KT,197,100.0,,,0.0,0.0,0.0,0.0,0.0,0.0,0.0,0.0,0.0
552000110209,440004795431,0.08,KlaipÓdos r. sav. GargUdÖ m. KnygneÕiÖ g. 19,995,800.32,Intensyvaus užstatymo gyvenamoji zona,U_GG_I_F,2,0,KT,197,100.0,,,0.0,0.0,0.0,0.0,0.0,0.0,0.0,0.0,0.0
552000140021,552000140021,0.1274,KlaipÓdos r. sav. GargUdÖ m. J. BasanaviNiaus g. 5,995,1274.6,Intensyvaus užstatymo gyvenamoji zona,U_GG_I_F,2,0,KT,197,100.0,,,0.0,0.0,0.0,0.0,0.0,0.0,0.0,0.0,0.0
552000140084,552000140084,0.7595,KlaipÓdos r. sav. GargUdÖ m. BirutÓs g. 4,995,7600.64,Intensyvaus užstatymo gyvenamoji zona,U_GG_I_F,2,0,KT,197,100.0,Ekstensyvaus užstatymo gyvenamoji zona,U_GG_E_F,0.0,0.0,0.0,0.0,0.0,0.0,0.0,0.0,0.0
552000150150,552000150150,0.0598,KlaipÓdos r. sav. GargUdÖ m. Skinijos tak. 16,610,543.88,Ekstensyvaus užstatymo gyvenamoji zona,U_GG_E_F,"0,2*",0,KT,196,100.0,,,0.0,0.0,0.0,0.0,0.0,0.0,0.0,0.0,0.0
552000150224,440029598290,0.0118,KlaipÓdos r. sav. GargUdÖ m. Paminijo tak. 16,610,118.03,"Bendro naudojimo erdvių, atskirųjų želdynų zona",U_BZ_F,"0,05",0,KT,195,58.43,Ekstensyvaus užstatymo gyvenamoji zona,U_GG_E_F,41.57,58.43,0.0,0.0,0.0,100.0,0.0,0.0,0.0
552000150260,552000150260,0.0495,KlaipÓdos r. sav. GargUdÖ m. Dvarelio tak. 39,610,494.87,Ekstensyvaus užstatymo gyvenamoji zona,U_GG_E_F,"0,2*",0,KT,196,100.0,,,0.0,0.0,0.0,0.0,0.0,0.0,0.0,0.0,0.0
552000170259,552000140212,0.1576,KlaipÓdos r. sav. GargUdÖ m. J. BasanaviNiaus g. 82,995,1575.77,Ekstensyvaus užstatymo gyvenamoji zona,U_GG_E_F,"0,2*",0,KT,196,100.0,Intensyvaus užstatymo gyvenamoji zona,U_GG_I_F,0.0,0.0,0.0,0.0,0.0,0.0,0.0,0.0,0.0
552000180027,552000180027,0.0582,KlaipÓdos r. sav. GargUdÖ m. Derliaus tak. 7,610,582.26,Ekstensyvaus užstatymo gyvenamoji zona,U_GG_E_F,"0,2*",0,KT,196,100.0,,,0.0,0.0,0.0,0.0,0.0,0.0,0.0,0.0,0.0
552000180086,552000180086,0.05,KlaipÓdos r. sav. GargUdÖ m. SerbentÖ tak. 10,610,500.42,Ekstensyvaus užstatymo gyvenamoji zona,U_GG_E_F,"0,2*",0,KT,196,100.0,,,0.0,0.0,0.0,0.0,0.0,0.0,0.0,0.0,0.0
552000180105,552000180105,0.05,KlaipÓdos r. sav. GargUdÖ m. ObelÖ tak. 8,610,510.87,Ekstensyvaus užstatymo gyvenamoji zona,U_GG_E_F,"0,2*",0,KT,196,100.0,,,0.0,0.0,0.0,0.0,0.0,0.0,0.0,0.0,0.0
552000180177,552000180177,0.0998,KlaipÓdos r. sav. GargUdÖ m. BokÕto tak. 17,610,1000.3,Ekstensyvaus užstatymo gyvenamoji zona,U_GG_E_F,"0,2*",0,KT,196,100.0,,,0.0,0.0,0.0,0.0,0.0,0.0,0.0,0.0,0.0
552000180237,552000180237,0.0431,KlaipÓdos r. sav. GargUdÖ m. VaismedUiÖ tak. 6,610,430.97,Ekstensyvaus užstatymo gyvenamoji zona,U_GG_E_F,"0,2*",0,KT,196,100.0,,,0.0,0.0,0.0,0.0,0.0,0.0,0.0,0.0,0.0
552000180318,552000180318,0.0428,KlaipÓdos r. sav. GargUdÖ m. StatybininkÖ tak. 22,610,395.25,Ekstensyvaus užstatymo gyvenamoji zona,U_GG_E_F,"0,2*",0,KT,196,100.0,,,0.0,0.0,0.0,0.0,0.0,0.0,0.0,0.0,0.0
552000190002,552000190002,5.9336,KlaipÓdos r. sav. GargUdÖ m. StatybininkÖ g. 5,995,4224.99,Pramonės ir sandėliavimo zona,U_PS_F,"2,5",0,KT,215,100.0,,,0.0,0.0,0.0,0.0,0.0,0.0,0.0,0.0,0.0
552000190084,440039673046,0.1269,KlaipÓdos r. sav. GargUdÖ m. Gamyklos g. 27,995,1268.54,Pramonės ir sandėliavimo zona,U_PS_F,"2,5",0,KT,215,100.0,,,0.0,0.0,0.0,0.0,0.0,0.0,0.0,0.0,0.0
552000200135,552000200135,0.05,KlaipÓdos r. sav. GargUdÖ m. Lemasis tak. 12,610,515.3,Mažo užstatymo intensyvumo gyvenamoji zona,U_GG_M_F,"0,4*",0,KT,233,100.0,,,0.0,0.0,0.0,0.0,0.0,0.0,0.0,0.0,0.0
552300020095,552300020095,0.15,KlaipÓdos r. sav. GinduliÖ k. Vylingio g. 11,995,1500.55,Vidutinio užstatymo intensyvumo gyvenamoji zona,U_GG_V_F,"0,8*",0,KT,381,100.0,,,0.0,0.0,0.0,0.0,0.0,0.0,0.0,0.0,0.0
552300020097,552300020097,0.15,KlaipÓdos r. sav. GinduliÖ k. Vylingio g. 9,995,1500.48,Vidutinio užstatymo intensyvumo gyvenamoji zona,U_GG_V_F,"0,8*",0,KT,381,100.0,,,0.0,0.0,0.0,0.0,0.0,0.0,0.0,0.0,0.0
552300020126,552300020126,0.2267,KlaipÓdos r. sav. GinduliÖ k.,610,2266.8,Vidutinio užstatymo intensyvumo gyvenamoji zona,U_GG_V_F,"0,8*",0,KT,381,100.0,,,0.0,0.0,0.0,0.0,0.0,0.0,0.0,0.0,0.0
552300020318,440002053572,0.162,KlaipÓdos r. sav. GinduliÖ k. SaulÓs g. 7,995,1620.12,Vidutinio užstatymo intensyvumo gyvenamoji zona,U_GG_V_F,"0,8*",0,KT,381,100.0,,,0.0,0.0,0.0,0.0,0.0,0.0,0.0,0.0,0.0
552300020345,440002592560,1.53,KlaipÓdos r. sav. GinduliÖ k.,610,15300.33,Pramonės ir sandėliavimo zona,U_PS_F,"2,5",0,KT,365,100.0,,,0.0,0.0,0.0,0.0,0.0,0.0,0.0,0.0,0.0
552300020525,440008861081,0.1207,KlaipÓdos r. sav. GinduliÖ k. LiepÖ g. 14B,995,1207.38,Vidutinio užstatymo intensyvumo gyvenamoji zona,U_GG_V_F,"0,8*",0,KT,381,100.0,,,0.0,0.0,0.0,0.0,0.0,0.0,0.0,0.0,0.0
552300020750,440017835578,0.0701,KlaipÓdos r. sav. GinduliÖ k. LiedÖ g. 2A,995,700.57,Vidutinio užstatymo intensyvumo gyvenamoji zona,U_GG_V_F,"0,8*",0,KT,381,100.0,,,0.0,0.0,0.0,0.0,0.0,0.0,0.0,0.0,0.0
552300020791,440019754559,0.1878,KlaipÓdos r. sav. GinduliÖ k.,995,1878.17,Vidutinio užstatymo intensyvumo gyvenamoji zona,U_GG_V_F,"0,8*",0,KT,381,100.0,,,0.0,0.0,0.0,0.0,0.0,0.0,0.0,0.0,0.0
552300021011,440030065388,0.1105,KlaipÓdos r. sav. GinduliÖ k. AitvarÖ g. 23,995,1104.71,Vidutinio užstatymo intensyvumo gyvenamoji zona,U_GG_V_F,"0,8*",0,KT,381,100.0,,,0.0,0.0,0.0,0.0,0.0,0.0,0.0,0.0,0.0
552300021040,440039126146,0.0848,KlaipÓdos r. sav. GinduliÖ k. SparnÖ g. 16,995,848.22,Vidutinio užstatymo intensyvumo gyvenamoji zona,U_GG_V_F,"0,8*",0,KT,381,100.0,,,0.0,0.0,0.0,0.0,0.0,0.0,0.0,0.0,0.0
552300030518,440015427397,0.06,KlaipÓdos r. sav. GinduliÖ k. AustÓjos g. 22,995,600.18,Vidutinio užstatymo intensyvumo gyvenamoji zona,U_GG_V_F,"0,8*",0,KT,381,100.0,,,0.0,0.0,0.0,0.0,0.0,0.0,0.0,0.0,0.0
552300030626,440019972815,0.1616,KlaipÓdos r. sav. MartinÖ k.,995,1616.17,Vidutinio užstatymo intensyvumo gyvenamoji zona,U_GG_V_F,"0,8*",0,KT,381,100.0,,,0.0,0.0,0.0,0.0,0.0,0.0,0.0,0.0,0.0
552300030654,440020626168,0.08,KlaipÓdos r. sav. MartinÖ k.,995,799.94,Mažo užstatymo intensyvumo gyvenamoji zona,U_GG_M_F,"0,4*",0,KT,380,100.0,,,0.0,0.0,0.0,0.0,0.0,0.0,0.0,0.0,0.0
552300030661,440020628973,0.241,KlaipÓdos r. sav. MartinÖ k.,995,2410.15,Mažo užstatymo intensyvumo gyvenamoji zona,U_GG_M_F,"0,4*",0,KT,380,100.0,,,0.0,0.0,0.0,0.0,0.0,0.0,0.0,0.0,0.0
552300030677,440020629505,0.0825,KlaipÓdos r. sav. MartinÖ k. DinvieNiÖ g. 34,995,824.91,Mažo užstatymo intensyvumo gyvenamoji zona,U_GG_M_F,"0,4*",0,KT,380,100.0,,,0.0,0.0,0.0,0.0,0.0,0.0,0.0,0.0,0.0
552300030795,440032193698,0.0928,KlaipÓdos r. sav. MartinÖ k. TenkyNiÖ g. 7,995,927.46,Mažo užstatymo intensyvumo gyvenamoji zona,U_GG_M_F,"0,4*",0,KT,380,100.0,,,0.0,0.0,0.0,0.0,0.0,0.0,0.0,0.0,0.0
552300030872,440039387478,0.124,KlaipÓdos r. sav. MartinÖ k. KuosÖ g. 7,995,1239.8,Vidutinio užstatymo intensyvumo gyvenamoji zona,U_GG_V_F,"0,8*",0,KT,381,100.0,,,0.0,0.0,0.0,0.0,0.0,0.0,0.0,0.0,0.0
552300030874,440039388886,0.1271,KlaipÓdos r. sav. MartinÖ k. KuosÖ g. 3,995,1270.83,Vidutinio užstatymo intensyvumo gyvenamoji zona,U_GG_V_F,"0,8*",0,KT,381,100.0,,,0.0,0.0,0.0,0.0,0.0,0.0,0.0,0.0,0.0
552300040085,552300040085,1.08,KlaipÓdos r. sav. KlemiÕkÓs II k.,610,10800.24,Vidutinio užstatymo intensyvumo gyvenamoji zona,U_GG_V_F,"0,8*",0,KT,381,100.0,,,0.0,0.0,0.0,0.0,0.0,0.0,0.0,0.0,0.0
552300040170,440004160583,0.6801,KlaipÓdos r. sav. KlemiÕkÓs II k.,610,6800.41,Vidutinio užstatymo intensyvumo gyvenamoji zona,U_GG_V_F,"0,8*",0,KT,381,100.0,,,0.0,0.0,0.0,0.0,0.0,0.0,0.0,0.0,0.0
552300040450,440016268318,0.1415,KlaipÓdos r. sav. KlemiÕkÓs II k. Elmonos g. 2,995,1415.06,Vidutinio užstatymo intensyvumo gyvenamoji zona,U_GG_V_F,"0,8*",0,KT,381,100.0,,,0.0,0.0,0.0,0.0,0.0,0.0,0.0,0.0,0.0
552300040459,440017943767,0.0902,KlaipÓdos r. sav. KlemiÕkÓs II k. SmeltaitÓs g. 39,995,901.55,Vidutinio užstatymo intensyvumo gyvenamoji zona,U_GG_V_F,"0,8*",0,KT,381,100.0,,,0.0,0.0,0.0,0.0,0.0,0.0,0.0,0.0,0.0
552300040603,440022069183,0.0746,KlaipÓdos r. sav. KlemiÕkÓs II k.,995,745.56,Vidutinio užstatymo intensyvumo gyvenamoji zona,U_GG_V_F,"0,8*",0,KT,381,100.0,,,0.0,0.0,0.0,0.0,0.0,0.0,0.0,0.0,0.0
552300040689,440024653204,0.29,KlaipÓdos r. sav. KlemiÕkÓs II k.,610,2845.95,Mažo užstatymo intensyvumo gyvenamoji zona,U_GG_M_F,"0,4*",0,KT,380,100.0,,,0.0,0.0,0.0,0.0,0.0,0.0,0.0,0.0,0.0
552300040732,440029191719,1.0,KlaipÓdos r. sav. KlemiÕkÓs II k.,610,9999.6,Vidutinio užstatymo intensyvumo gyvenamoji zona,U_GG_V_F,"0,8*",0,KT,381,100.0,,,0.0,0.0,0.0,0.0,0.0,0.0,0.0,0.0,0.0
552300040765,440030782657,0.2728,KlaipÓdos r. sav. KlemiÕkÓs II k.,995,2724.32,Vidutinio užstatymo intensyvumo gyvenamoji zona,U_GG_V_F,"0,8*",0,KT,381,100.0,,,0.0,0.0,0.0,0.0,0.0,0.0,0.0,0.0,0.0
552300040776,440030783476,0.0707,KlaipÓdos r. sav. KlemiÕkÓs II k. AuÕrinÓs g. 4,995,707.38,Vidutinio užstatymo intensyvumo gyvenamoji zona,U_GG_V_F,"0,8*",0,KT,381,100.0,,,0.0,0.0,0.0,0.0,0.0,0.0,0.0,0.0,0.0
552300040891,440046164836,0.0903,KlaipÓdos r. sav. KlemiÕkÓs II k. SmalupÓs g. 10,995,902.76,Vidutinio užstatymo intensyvumo gyvenamoji zona,U_GG_V_F,"0,8*",0,KT,381,100.0,,,0.0,0.0,0.0,0.0,0.0,0.0,0.0,0.0,0.0
552300040940,440047112910,0.0861,KlaipÓdos r. sav. KlemiÕkÓs II k. GyventÓs g. 3,995,860.83,Vidutinio užstatymo intensyvumo gyvenamoji zona,U_GG_V_F,"0,8*",0,KT,381,100.0,,,0.0,0.0,0.0,0.0,0.0,0.0,0.0,0.0,0.0
552300040964,440047868997,0.1,KlaipÓdos r. sav. KlemiÕkÓs II k. UosupÓnÖ g. 1,995,999.89,Vidutinio užstatymo intensyvumo gyvenamoji zona,U_GG_V_F,"0,8*",0,KT,381,100.0,,,0.0,0.0,0.0,0.0,0.0,0.0,0.0,0.0,0.0
552300050055,440002072080,4.4052,KlaipÓdos r. sav. BaukÕtininkÖ k.,610,44052.11,Ekstensyvaus užstatymo gyvenamoji zona,U_GG_E_F,"0,2*",0,KT,404,100.0,,,0.0,0.0,0.0,0.0,0.0,0.0,0.0,0.0,0.0
552300050170,552300050170,2.88,KlaipÓdos r. sav. BaukÕtininkÖ k.,610,28370.68,Mažo užstatymo intensyvumo gyvenamoji zona,U_GG_M_F,"0,4*",0,KT,411,100.0,,,0.0,0.0,0.0,0.0,0.0,0.0,0.0,0.0,0.0
552300050197,440049820713,0.5832,KlaipÓdos r. sav. LemgrindUiÖ k. Evos LabutytÓs g. 52,995,5832.58,Ekstensyvaus užstatymo gyvenamoji zona,U_GG_E_F,"0,2*",0,KT,404,100.0,,,0.0,0.0,0.0,0.0,0.0,0.0,0.0,0.0,0.0
552300050369,440023983657,0.1529,KlaipÓdos r. sav. BaukÕtininkÖ k. BaukÕtkaralÓs g. 18,995,1529.31,Ekstensyvaus užstatymo gyvenamoji zona,U_GG_E_F,"0,2*",0,KT,404,100.0,,,0.0,0.0,0.0,0.0,0.0,0.0,0.0,0.0,0.0
552300050412,440050777094,0.1372,KlaipÓdos r. sav. BaukÕtininkÖ k.,995,1371.96,Ekstensyvaus užstatymo gyvenamoji zona,U_GG_E_F,"0,2*",0,KT,404,100.0,,,0.0,0.0,0.0,0.0,0.0,0.0,0.0,0.0,0.0
552300060353,440012769947,0.12,KlaipÓdos r. sav. LeliÖ k. GumbinÓs g. 13,995,1200.19,Mažo užstatymo intensyvumo gyvenamoji zona,U_GG_M_F,"0,4*",0,KT,380,100.0,,,0.0,0.0,0.0,0.0,0.0,0.0,0.0,0.0,0.0
552300060449,440018623328,0.09,KlaipÓdos r. sav. LeliÖ k.,995,900.0,Mažo užstatymo intensyvumo gyvenamoji zona,U_GG_M_F,"0,4*",0,KT,411,100.0,,,0.0,0.0,0.0,0.0,0.0,0.0,0.0,0.0,0.0
552300060518,440022152969,0.0945,KlaipÓdos r. sav. LeliÖ k. SkaisgiriÖ g. 50,995,945.12,Mažo užstatymo intensyvumo gyvenamoji zona,U_GG_M_F,"0,4*",0,KT,380,100.0,,,0.0,0.0,0.0,0.0,0.0,0.0,0.0,0.0,0.0
552300060540,440022172583,0.0973,KlaipÓdos r. sav. LeliÖ k. SkaisgiriÖ g. 73,995,972.66,Mažo užstatymo intensyvumo gyvenamoji zona,U_GG_M_F,"0,4*",0,KT,380,100.0,,,0.0,0.0,0.0,0.0,0.0,0.0,0.0,0.0,0.0
552300060739,440051571387,0.0981,KlaipÓdos r. sav. LeliÖ k. BarNiÖ g. 4,995,981.0,Mažo užstatymo intensyvumo gyvenamoji zona,U_GG_M_F,"0,4*",0,KT,380,100.0,,,0.0,0.0,0.0,0.0,0.0,0.0,0.0,0.0,0.0
552300070019,552300070019,4.62,KlaipÓdos r. sav. KlausmyliÖ vs.,610,46237.62,Mažo užstatymo intensyvumo gyvenamoji zona,U_GG_M_F,"0,4*",0,KT,380,100.0,,,0.0,0.0,0.0,0.0,0.0,0.0,0.0,0.0,0.0
552300070098,440009826833,0.023,KlaipÓdos r. sav. KlausmyliÖ vs.,610,230.15,Mažo užstatymo intensyvumo gyvenamoji zona,U_GG_M_F,"0,4*",0,KT,380,100.0,,,0.0,0.0,0.0,0.0,0.0,0.0,0.0,0.0,0.0
552300070100,440009826944,0.1,KlaipÓdos r. sav. KlausmyliÖ vs. ¾ilko g. 6,610,999.82,Mažo užstatymo intensyvumo gyvenamoji zona,U_GG_M_F,"0,4*",0,KT,380,100.0,,,0.0,0.0,0.0,0.0,0.0,0.0,0.0,0.0,0.0
552300070273,440027562309,0.1219,KlaipÓdos r. sav. LeliÖ k. Eitk×nÖ g. 7,995,1219.29,Mažo užstatymo intensyvumo gyvenamoji zona,U_GG_M_F,"0,4*",0,KT,380,100.0,,,0.0,0.0,0.0,0.0,0.0,0.0,0.0,0.0,0.0
552300070342,440046063398,0.1044,KlaipÓdos r. sav. KlausmyliÖ vs. VikiÖ g. 15,995,1044.19,Mažo užstatymo intensyvumo gyvenamoji zona,U_GG_M_F,"0,4*",0,KT,380,100.0,,,0.0,0.0,0.0,0.0,0.0,0.0,0.0,0.0,0.0
552300070351,440046061268,0.1062,KlaipÓdos r. sav. KlausmyliÖ vs. VikiÖ g. 33,995,1061.79,Mažo užstatymo intensyvumo gyvenamoji zona,U_GG_M_F,"0,4*",0,KT,380,100.0,,,0.0,0.0,0.0,0.0,0.0,0.0,0.0,0.0,0.0
552300080064,552300080064,0.069,KlaipÓdos r. sav. LeliÖ k. AlyvÖ g. 7,610,689.95,Mažo užstatymo intensyvumo gyvenamoji zona,U_GG_M_F,"0,4*",0,KT,380,100.0,,,0.0,0.0,0.0,0.0,0.0,0.0,0.0,0.0,0.0
552300080134,552300080134,0.0612,KlaipÓdos r. sav. LeliÖ k. RugiagÓliÖ g. 38,610,611.86,Mažo užstatymo intensyvumo gyvenamoji zona,U_GG_M_F,"0,4*",0,KT,380,100.0,,,0.0,0.0,0.0,0.0,0.0,0.0,0.0,0.0,0.0
552300080168,552300080168,0.06,KlaipÓdos r. sav. LeliÖ k. RugiagÓliÖ g. 27,610,598.21,Mažo užstatymo intensyvumo gyvenamoji zona,U_GG_M_F,"0,4*",0,KT,380,100.0,,,0.0,0.0,0.0,0.0,0.0,0.0,0.0,0.0,0.0
552300090386,440052689320,0.3166,KlaipÓdos r. sav. KlausmyliÖ vs. Klauso Mal×no g. 1,995,3166.29,Vidutinio užstatymo intensyvumo gyvenamoji zona,U_GG_V_F,"0,8*",0,KT,381,100.0,,,0.0,0.0,0.0,0.0,0.0,0.0,0.0,0.0,0.0
552500010041,552500010041,5.73,KlaipÓdos r. sav. GirininkÖ k.,610,9896.0,Miškų ir miškingų teritorijų zona,MI_F,0,0,M,107,63.67,Žemės ūkio teritorijų zona,ZU_F,36.33,0.0,0.0,0.0,0.0,0.0,0.0,0.0,0.0
552500010132,440014591667,2.0,KlaipÓdos r. sav. GirininkÖ k. PamiÕkÓs g. 13,610,19999.81,Žemės ūkio teritorijų zona,ZU_F,"0,05;0,8***",0,Z;KT,73,100.0,,,0.0,0.0,0.0,0.0,0.0,0.0,0.0,0.0,0.0
552500020195,440014694787,0.305,KlaipÓdos r. sav. GirininkÖ k.,610,3052.26,Mažo užstatymo intensyvumo gyvenamoji zona,U_GG_M_F,"0,4*",0,KT,72,100.0,,,0.0,0.0,0.0,0.0,0.0,0.0,0.0,0.0,0.0
552500020223,440016929274,0.38,KlaipÓdos r. sav. GirininkÖ k. Tvenkinio g. 11,995,3515.29,Mažo užstatymo intensyvumo gyvenamoji zona,U_GG_M_F,"0,4*",0,KT,72,100.0,,,0.0,0.0,0.0,0.0,0.0,0.0,0.0,0.0,0.0
552500020241,440016958144,0.38,KlaipÓdos r. sav. GirininkÖ k.,610,3647.83,Mažo užstatymo intensyvumo gyvenamoji zona,U_GG_M_F,"0,4*",0,KT,72,100.0,,,0.0,0.0,0.0,0.0,0.0,0.0,0.0,0.0,0.0
552500020281,440024057460,5.1261,KlaipÓdos r. sav. GirininkÖ k.,610,51261.17,Žemės ūkio teritorijų zona,ZU_F,"0,05;0,8***",0,Z;KT,70,100.0,,,0.0,0.0,0.0,0.0,0.0,0.0,0.0,0.0,0.0
552500030061,440046225443,0.3987,KlaipÓdos r. sav. GirininkÖ k.,610,3987.3,Žemės ūkio teritorijų zona,ZU_F,"0,05;0,8***",0,Z;KT,70,100.0,,,0.0,0.0,0.0,0.0,0.0,0.0,0.0,0.0,0.0
552500040172,440007821714,1.0,KlaipÓdos r. sav. AntkopNio k.,710,10491.79,Miškų ir miškingų teritorijų zona,MI_F,0,0,M;KT,59,93.73,Žemės ūkio teritorijų zona,ZU_F,3.57,93.92,0.0,0.0,0.0,41.56,0.0,0.0,0.0
552500040198,440009579797,2.41,KlaipÓdos r. sav. AntkopNio k.,610,25347.47,Žemės ūkio teritorijų zona,ZU_F,"0,05;0,8***",0,Z;KT,70,76.13,Žemės ūkio teritorijų zona,ZU_F,23.4,21.43,0.0,0.0,0.0,30.84,0.0,0.0,0.0
552500040251,440016964495,0.7,KlaipÓdos r. sav. KiaulakiÖ k.,610,6784.74,Žemės ūkio teritorijų zona,ZU_F,"0,05;0,8***",0,Z;KT,66,100.0,,,0.0,0.0,0.0,0.0,0.0,0.0,0.0,0.0,0.0
552500050040,552500050040,4.0,KlaipÓdos r. sav. StirbiÖ k.,710,38141.95,Miškų ir miškingų teritorijų zona,MI_F,0,0,M;KT,74,99.05,Žemės ūkio teritorijų zona,ZU_F,0.95,0.0,0.0,0.0,0.0,0.0,0.0,0.0,0.0
552500050075,552500050075,10.0,KlaipÓdos r. sav. StirbiÖ k.,710,98785.13,Miškų ir miškingų teritorijų zona,MI_F,0,0,M;KT,74,91.96,Žemės ūkio teritorijų zona,ZU_F,6.17,0.0,0.0,0.0,0.0,0.0,0.0,0.0,0.0
552500050099,440003393406,13.59,KlaipÓdos r. sav. StirbiÖ k.,610,133861.06,Žemės ūkio teritorijų zona,ZU_F,"0,05;0,8***",0,Z;KT,60,76.17,Miškų ir miškingų teritorijų zona,MI_F,20.17,0.0,0.0,0.0,0.0,0.11,0.0,0.0,0.0
552500050114,440004411952,0.86,KlaipÓdos r. sav. StirbiÖ k.,610,8566.56,Žemės ūkio teritorijų zona,ZU_F,"0,05;0,8***",0,Z;KT,73,100.0,,,0.0,0.0,0.0,0.0,0.0,0.0,0.0,0.0,0.0
552500050185,440016462514,4.150000000000001,KlaipÓdos r. sav. AntkopNio k.,610,40200.91,Žemės ūkio teritorijų zona,ZU_F,"0,05;0,8***",0,Z;KT,75,81.96,Žemės ūkio teritorijų zona,ZU_F,18.04,0.0,0.0,0.0,0.0,0.0,0.0,0.0,0.0
552500060131,440005932414,0.37,KlaipÓdos r. sav. StirbiÖ k. BroUiÖ g. 15,995,3577.52,Mažo užstatymo intensyvumo gyvenamoji zona,U_GG_M_F,"0,4*",0,KT,77,100.0,,,0.0,0.0,0.0,0.0,0.0,0.0,0.0,0.0,0.0
552500070147,440009643632,0.72,KlaipÓdos r. sav. BroUiÖ k.,710,7233.68,Miškų ir miškingų teritorijų zona,MI_F,0,0,M,102,100.0,,,0.0,0.0,0.0,0.0,0.0,0.0,0.0,0.0,0.0
552500080042,552500080042,11.4346,KlaipÓdos r. sav. RuigiÖ k.,610,114345.9,Žemės ūkio teritorijų zona,ZU_F,"0,05;0,8***",0,Z;KT,586,100.0,,,0.0,0.0,0.0,0.0,0.0,0.0,0.0,0.0,0.0
552500080105,440003235716,2.9292,KlaipÓdos r. sav. BroUiÖ k.,610,29291.94,Žemės ūkio teritorijų zona,ZU_F,"0,1;0,8***",0,Z;KT,81,99.51,Miškų ir miškingų teritorijų zona,MI_F,0.49,0.0,0.0,0.0,0.0,0.0,0.0,0.0,0.0
552500080115,440004155773,4.230000000000001,KlaipÓdos r. sav. BroUiÖ k.,710,42236.96,Miškų ir miškingų teritorijų zona,MI_F,0,0,M,102,97.43,Žemės ūkio teritorijų zona,ZU_F,2.57,0.0,0.0,0.0,0.0,0.0,0.0,0.0,0.0
552500080137,440006954450,0.87,KlaipÓdos r. sav. BroUiÖ k.,610,8713.52,Žemės ūkio teritorijų zona,ZU_F,"0,1;0,8***",0,Z;KT,81,100.0,,,0.0,0.0,0.0,0.0,0.0,0.0,0.0,0.0,0.0
552500080138,440007417852,2.47,KlaipÓdos r. sav. RuigiÖ k.,610,24800.93,Žemės ūkio teritorijų zona,ZU_F,"0,05;0,8***",0,Z;KT,586,100.0,,,0.0,0.0,0.0,0.0,0.0,0.0,0.0,0.0,0.0
552500080220,440016929520,1.85,KlaipÓdos r. sav. BroUiÖ k.,610,17747.07,Žemės ūkio teritorijų zona,ZU_F,"0,1;0,8***",0,Z;KT,81,99.21,Miškų ir miškingų teritorijų zona,MI_F,0.79,0.0,0.0,0.0,0.0,0.0,0.0,0.0,0.0
552800010077,552800010077,0.8,KlaipÓdos r. sav. KarklÓs k.,710,7999.22,Miškų ir miškingų teritorijų zona,MI_F,0,0,M,439,78.78,Ekstensyvaus užstatymo gyvenamoji zona,U_GG_E_F,21.22,0.0,0.0,100.0,0.0,0.0,0.0,0.0,0.0
552800010096,552800010096,0.2964,KlaipÓdos r. sav. KukuliÕkiÖ k. Vyd×no g. 5,995,2965.05,Žemės ūkio teritorijų zona,ZU_F,"0,05;0,8***",0,Z;KT,10,95.01,Miškų ir miškingų teritorijų zona,MI_F,4.99,0.0,0.0,100.0,0.0,0.0,0.0,0.0,0.0
552800010170,552800010170,0.1216,KlaipÓdos r. sav. NormantÖ k. MÓguvos g. 13,995,1216.21,Ekstensyvaus užstatymo gyvenamoji zona,U_GG_E_F,"0,2*",0,KT,101,100.0,,,0.0,0.0,0.0,0.0,0.0,0.0,0.0,0.0,0.0
552800010253,552800010253,0.1217,KlaipÓdos r. sav. NormantÖ k. Pilsoto g. 68,995,1217.33,Ekstensyvaus užstatymo gyvenamoji zona,U_GG_E_F,"0,2*",0,KT,101,100.0,,,0.0,0.0,0.0,0.0,0.0,0.0,0.0,0.0,0.0
552800010282,552800010282,0.1443,KlaipÓdos r. sav. NormantÖ k. Pilsoto g. 85,995,1443.6,Ekstensyvaus užstatymo gyvenamoji zona,U_GG_E_F,"0,2*",0,KT,101,100.0,,,0.0,0.0,0.0,0.0,0.0,0.0,0.0,0.0,0.0
552800010294,552800010294,0.1216,KlaipÓdos r. sav. NormantÖ k. Pilsoto g. 98,995,1216.81,Ekstensyvaus užstatymo gyvenamoji zona,U_GG_E_F,"0,2*",0,KT,101,100.0,,,0.0,0.0,0.0,0.0,0.0,0.0,0.0,0.0,0.0
552800010299,552800010299,30.438,KlaipÓdos r. sav. NormantÖ k.,995,3797.48,Ekstensyvaus užstatymo gyvenamoji zona,U_GG_E_F,"0,2*",0,KT,101,100.0,,,0.0,0.0,0.0,0.0,0.0,0.0,0.0,0.0,0.0
552800010369,552800010369,1.22,KlaipÓdos r. sav. BendikÖ k.,610,11367.14,Žemės ūkio teritorijų zona,ZU_F,"0,05",0,Z;KT,469,100.0,,,0.0,0.0,0.0,100.0,0.0,0.0,0.0,0.0,0.0
552800010592,440004831549,0.22,KlaipÓdos r. sav. BendikÖ k.,610,2111.7,Žemės ūkio teritorijų zona,ZU_F,"0,05",0,Z;KT,469,100.0,,,0.0,0.0,0.0,100.0,0.0,0.0,0.0,0.0,0.0
552800010793,440016030527,0.17,KlaipÓdos r. sav. KalotÓs k. Adomo Brako g. 45,995,1699.87,Ekstensyvaus užstatymo gyvenamoji zona,U_GG_E_F,"0,2*",0,KT,101,100.0,Mažo užstatymo intensyvumo gyvenamoji zona,U_GG_M_F,0.0,0.0,0.0,0.0,0.0,0.0,0.0,0.0,0.0
552800010818,440016482118,0.0937,KlaipÓdos r. sav. NormantÖ k. NormantÖ g. 12,995,936.57,Ekstensyvaus užstatymo gyvenamoji zona,U_GG_E_F,"0,2*",0,KT,165,100.0,,,0.0,0.0,0.0,0.0,0.0,0.0,0.0,0.0,0.0
552800010965,440023982981,0.0969,KlaipÓdos r. sav. KalotÓs k. SodÖ g.,995,968.42,Mažo užstatymo intensyvumo gyvenamoji zona,U_GG_M_F,"0,4*",0,KT,79,100.0,,,0.0,0.0,0.0,0.0,0.0,0.0,0.0,0.0,0.0
552800011047,440051111330,1.1001,KlaipÓdos r. sav. BendikÖ k.,610,11000.52,Žemės ūkio teritorijų zona,ZU_F,"0,05",0,Z;KT,469,100.0,,,0.0,0.0,0.0,100.0,0.0,0.0,0.0,0.0,0.0
552800020128,552800020128,0.1493,KlaipÓdos r. sav. KunkiÖ k. BerUÖ g. 2,995,1493.4,Ekstensyvaus užstatymo gyvenamoji zona,U_GG_E_F,"0,2*",0,KT,101,100.0,,,0.0,0.0,0.0,0.0,0.0,0.0,0.0,0.0,0.0
552800020322,440003616246,1.4,KlaipÓdos r. sav. DarguUiÖ k.,610,14000.38,Ekstensyvaus užstatymo gyvenamoji zona,U_GG_E_F,"0,2*",0,KT,101,100.0,,,0.0,0.0,0.0,0.0,0.0,0.0,0.0,0.0,0.0
552800020429,440012512056,0.1959,KlaipÓdos r. sav. DarguUiÖ k. KalviukÖ g. 3,995,1962.11,Ekstensyvaus užstatymo gyvenamoji zona,U_GG_E_F,"0,2*",0,KT,101,100.0,,,0.0,0.0,0.0,0.0,0.0,0.0,0.0,0.0,0.0
552800020517,440016107347,0.228,KlaipÓdos r. sav. DarguUiÖ k.,995,2280.0,Ekstensyvaus užstatymo gyvenamoji zona,U_GG_E_F,"0,2*",0,KT,101,100.0,,,0.0,0.0,0.0,0.0,0.0,0.0,0.0,0.0,0.0
552800020656,440049995296,0.0378,KlaipÓdos r. sav. DarguUiÖ k.,995,377.76,Ekstensyvaus užstatymo gyvenamoji zona,U_GG_E_F,"0,2*",0,KT,101,100.0,,,0.0,0.0,0.0,0.0,0.0,0.0,0.0,0.0,0.0
552800040106,552800040106,2.79,KlaipÓdos r. sav. ¾aipiÖ k.,610,30131.76,Žemės ūkio teritorijų zona,ZU_F,"0,05",0,Z;KT,247,100.0,Miškų ir miškingų teritorijų zona,MI_F,0.0,100.0,0.0,100.0,0.0,0.0,0.0,0.0,0.0
552800040127,552800040127,1.0,KlaipÓdos r. sav. ¾aipiÖ k.,610,10877.24,Žemės ūkio teritorijų zona,ZU_F,"0,05",0,Z;KT,247,86.6,Miškų ir miškingų teritorijų zona,MI_F,9.94,96.54,0.0,96.54,0.0,0.0,0.0,0.0,0.0
552800040361,440006487943,0.29,KlaipÓdos r. sav. Bruzdeilyno k. ApUvalgos g. 11,995,2899.91,Ekstensyvaus užstatymo gyvenamoji zona,U_GG_E_F,"0,2*",0,KT,165,100.0,,,0.0,0.0,0.0,0.0,0.0,0.0,0.0,0.0,0.0
552800040385,440007560416,0.0511,KlaipÓdos r. sav. GrabiÖ k.,995,511.13,Ekstensyvaus užstatymo gyvenamoji zona,U_GG_E_F,"0,2*",0,KT,101,100.0,,,0.0,0.0,0.0,0.0,0.0,0.0,0.0,0.0,0.0
552800040473,440009418760,0.2,KlaipÓdos r. sav. DarguUiÖ k.,995,2000.29,Ekstensyvaus užstatymo gyvenamoji zona,U_GG_E_F,"0,2*",0,KT,101,100.0,,,0.0,0.0,0.0,0.0,0.0,0.0,0.0,0.0,0.0
552800040724,440012354082,0.201,KlaipÓdos r. sav. Bruzdeilyno k. PaÕaltinio g. 32,995,2009.74,Ekstensyvaus užstatymo gyvenamoji zona,U_GG_E_F,"0,2*",0,KT,101,100.0,,,0.0,0.0,0.0,0.0,0.0,0.0,0.0,0.0,0.0
552800040752,440012889346,1.3,KlaipÓdos r. sav. GrabiÖ k.,610,13004.84,Ekstensyvaus užstatymo gyvenamoji zona,U_GG_E_F,"0,2*",0,KT,101,100.0,,,0.0,0.0,0.0,0.0,0.0,0.0,0.0,0.0,0.0
552800040764,440014792755,0.159,KlaipÓdos r. sav. GrabiÖ k.,995,1589.98,Ekstensyvaus užstatymo gyvenamoji zona,U_GG_E_F,"0,2*",0,KT,101,100.0,,,0.0,0.0,0.0,0.0,0.0,0.0,0.0,0.0,0.0
552800040784,440014823751,0.2,KlaipÓdos r. sav. GrabiÖ k. NaktiUiedUiÖ g. 3,995,1999.93,Ekstensyvaus užstatymo gyvenamoji zona,U_GG_E_F,"0,2*",0,KT,101,100.0,,,0.0,0.0,0.0,0.0,0.0,0.0,0.0,0.0,0.0
552800040789,440014883320,0.2,KlaipÓdos r. sav. GrabiÖ k. NaktiUiedUiÖ g. 6,995,2000.21,Ekstensyvaus užstatymo gyvenamoji zona,U_GG_E_F,"0,2*",0,KT,101,100.0,,,0.0,0.0,0.0,0.0,0.0,0.0,0.0,0.0,0.0
552800040835,440015218785,0.2076,KlaipÓdos r. sav. DarguUiÖ k. VokieNiÖ g. 13,995,2075.61,Ekstensyvaus užstatymo gyvenamoji zona,U_GG_E_F,"0,2*",0,KT,101,100.0,,,0.0,0.0,0.0,0.0,0.0,0.0,0.0,0.0,0.0
552800040841,440015219517,0.2235,KlaipÓdos r. sav. DarguUiÖ k. LietuvininkÖ g. 15,995,2235.15,Ekstensyvaus užstatymo gyvenamoji zona,U_GG_E_F,"0,2*",0,KT,101,100.0,,,0.0,0.0,0.0,0.0,0.0,0.0,0.0,0.0,0.0
552800041161,440044269129,0.5229,KlaipÓdos r. sav. DarguUiÖ k. PeskojÖ g. 1A,995,5228.84,Pramonės ir sandėliavimo zona,U_PS_F,"2,5",0,KT,367,100.0,,,0.0,0.0,0.0,0.0,0.0,0.0,0.0,0.0,0.0
552800041216,440048862586,0.1045,KlaipÓdos r. sav. DarguUiÖ k.,995,1044.53,Ekstensyvaus užstatymo gyvenamoji zona,U_GG_E_F,"0,2*",0,KT,101,100.0,,,0.0,0.0,0.0,0.0,0.0,0.0,0.0,0.0,0.0
552800060059,552800060059,1.3459,KlaipÓdos r. sav. GirkaliÖ k.,610,13459.19,Ekstensyvaus užstatymo gyvenamoji zona,U_GG_E_F,"0,2*",0,KT,116,52.53,Pramonės ir sandėliavimo zona,U_PS_F,47.47,0.0,0.0,0.0,0.0,0.0,0.0,0.0,0.0
552800060170,440041950809,0.0934,KlaipÓdos r. sav. GirkaliÖ k. Pasagos g. 5,995,934.21,Mažo užstatymo intensyvumo gyvenamoji zona,U_GG_M_F,"0,4*",0,KT,142,100.0,,,0.0,0.0,0.0,0.0,0.0,0.0,0.0,0.0,0.0
552800060194,440050362348,0.1204,KlaipÓdos r. sav. GirkaliÖ k.,610,1203.67,Mažo užstatymo intensyvumo gyvenamoji zona,U_GG_M_F,"0,4*",0,KT,142,100.0,,,0.0,0.0,0.0,0.0,0.0,0.0,0.0,0.0,0.0
552800060249,440006158498,1.28,KlaipÓdos r. sav. Graud×ÕiÖ k.,610,13441.67,Ekstensyvaus užstatymo gyvenamoji zona,U_GG_E_F,"0,2*",0,KT,116,61.29,Pramonės ir sandėliavimo zona,U_PS_F,38.71,0.0,0.0,0.0,0.0,0.0,0.0,0.0,0.0
552800060298,440008907328,0.15,KlaipÓdos r. sav. GirkaliÖ k.,610,1384.29,Mažo užstatymo intensyvumo gyvenamoji zona,U_GG_M_F,"0,4*",0,KT,142,100.0,,,0.0,0.0,0.0,0.0,0.0,0.0,0.0,0.0,0.0
552800060401,440013702460,0.1501,KlaipÓdos r. sav. GirkaliÖ k. Lalvario g. 7,995,1501.44,Mažo užstatymo intensyvumo gyvenamoji zona,U_GG_M_F,"0,4*",0,KT,142,100.0,,,0.0,0.0,0.0,0.0,0.0,0.0,0.0,0.0,0.0
552800060457,440015632498,0.1359,KlaipÓdos r. sav. GirkaliÖ k. Sidabro g. 12,995,1359.04,Mažo užstatymo intensyvumo gyvenamoji zona,U_GG_M_F,"0,4*",0,KT,142,100.0,,,0.0,0.0,0.0,0.0,0.0,0.0,0.0,0.0,0.0
552800060568,440024366201,0.0848,KlaipÓdos r. sav. Graud×ÕiÖ k. GeguUraibiÖ g. 8,995,847.37,Ekstensyvaus užstatymo gyvenamoji zona,U_GG_E_F,"0,2*",0,KT,165,100.0,,,0.0,0.0,0.0,0.0,0.0,0.0,0.0,0.0,0.0
552800070036,552800070036,0.8,KlaipÓdos r. sav. GirkaliÖ k.,610,8562.41,Mažo užstatymo intensyvumo gyvenamoji zona,U_GG_M_F,"0,4*",0,KT,142,100.0,,,0.0,0.0,0.0,0.0,0.0,0.0,0.0,0.0,0.0
552800070169,440039305969,0.06,KlaipÓdos r. sav. GibiÕÓliÖ k.,995,600.01,Mažo užstatymo intensyvumo gyvenamoji zona,U_GG_M_F,"0,4*",0,KT,142,100.0,,,0.0,0.0,0.0,0.0,0.0,0.0,0.0,0.0,0.0
552800070372,552800070372,1.7348,KlaipÓdos r. sav. Let×kÖ k.,610,17348.13,Ekstensyvaus užstatymo gyvenamoji zona,U_GG_E_F,"0,2*",0,KT,165,100.0,,,0.0,0.0,0.0,0.0,0.0,0.0,0.0,0.0,0.0
552800070597,440014910226,0.0368,KlaipÓdos r. sav. Let×kÖ k.,995,367.86,Ekstensyvaus užstatymo gyvenamoji zona,U_GG_E_F,"0,2*",0,KT,165,100.0,,,0.0,0.0,0.0,0.0,0.0,0.0,0.0,0.0,0.0
552800070609,440014911445,0.0438,KlaipÓdos r. sav. Let×kÖ k.,995,437.95,Ekstensyvaus užstatymo gyvenamoji zona,U_GG_E_F,"0,2*",0,KT,165,100.0,,,0.0,0.0,0.0,0.0,0.0,0.0,0.0,0.0,0.0
552800070615,440014910091,0.15,KlaipÓdos r. sav. Let×kÖ k.,995,1499.87,Ekstensyvaus užstatymo gyvenamoji zona,U_GG_E_F,"0,2*",0,KT,165,100.0,,,0.0,0.0,0.0,0.0,0.0,0.0,0.0,0.0,0.0
552800070643,440014910259,0.1071,KlaipÓdos r. sav. Let×kÖ k.,995,1070.98,Ekstensyvaus užstatymo gyvenamoji zona,U_GG_E_F,"0,2*",0,KT,165,100.0,,,0.0,0.0,0.0,0.0,0.0,0.0,0.0,0.0,0.0
552800070751,440018007495,0.163,KlaipÓdos r. sav. GirkaliÖ k.,995,1623.13,Mažo užstatymo intensyvumo gyvenamoji zona,U_GG_M_F,"0,4*",0,KT,142,100.0,,,0.0,0.0,0.0,0.0,0.0,0.0,0.0,0.0,0.0
552800080070,552800080070,2.4785,KlaipÓdos r. sav. LankuNiÖ k.,610,24785.18,Ekstensyvaus užstatymo gyvenamoji zona,U_GG_E_F,"0,2*",0,KT,165,99.38,Miškų ir miškingų teritorijų zona,MI_F,0.62,0.0,0.0,0.0,0.0,0.0,0.0,0.0,0.0
552800080168,440009020997,1.29,KlaipÓdos r. sav. LankuNiÖ k.,610,14038.83,Ekstensyvaus užstatymo gyvenamoji zona,U_GG_E_F,"0,2*",0,KT,165,100.0,,,0.0,0.0,0.0,0.0,0.0,0.0,0.0,0.0,0.0
552800080225,440020487452,2.2601,KlaipÓdos r. sav. LankuNiÖ k.,610,22600.24,Žemės ūkio teritorijų zona,ZU_F,"0,05;0,8***",0,Z;KT,192,100.0,,,0.0,0.0,0.0,0.0,0.0,0.0,0.0,0.0,0.0
552800090117,440010645291,0.0772,KlaipÓdos r. sav. LankuNiÖ k.,610,772.17,Žemės ūkio teritorijų zona,ZU_F,"0,05;0,8***",0,Z;KT,192,100.0,,,0.0,0.0,0.0,0.0,0.0,0.0,0.0,0.0,0.0
552800090153,440010646794,0.1011,KlaipÓdos r. sav. LankuNiÖ k.,610,1011.44,Žemės ūkio teritorijų zona,ZU_F,"0,05;0,8***",0,Z;KT,192,100.0,,,0.0,0.0,0.0,0.0,0.0,0.0,0.0,0.0,0.0
552800090160,440010647000,0.0819,KlaipÓdos r. sav. LankuNiÖ k.,610,819.38,Žemės ūkio teritorijų zona,ZU_F,"0,05;0,8***",0,Z;KT,192,100.0,,,0.0,0.0,0.0,0.0,0.0,0.0,0.0,0.0,0.0
552800090201,440010654080,0.0617,KlaipÓdos r. sav. LankuNiÖ k.,610,616.5,Žemės ūkio teritorijų zona,ZU_F,"0,05;0,8***",0,Z;KT,192,100.0,,,0.0,0.0,0.0,0.0,0.0,0.0,0.0,0.0,0.0
552800090204,440010654190,0.0614,KlaipÓdos r. sav. LankuNiÖ k.,610,613.94,Žemės ūkio teritorijų zona,ZU_F,"0,05;0,8***",0,Z;KT,192,100.0,,,0.0,0.0,0.0,0.0,0.0,0.0,0.0,0.0,0.0
552800090205,440010654236,82.3678,KlaipÓdos r. sav. LankuNiÖ k.,610,5157.92,Žemės ūkio teritorijų zona,ZU_F,"0,05;0,8***",0,Z;KT,192,100.0,,,0.0,0.0,0.0,0.0,0.0,0.0,0.0,0.0,0.0
552800100023,552800100023,0.06,KlaipÓdos r. sav. KalotÓs k. NendriÖ g. 4,610,577.32,Mažo užstatymo intensyvumo gyvenamoji zona,U_GG_M_F,"0,4",0,KT,518,100.0,,,0.0,0.0,0.0,100.0,0.0,0.0,0.0,0.0,0.0
552800100113,552800100113,0.0633,KlaipÓdos r. sav. KalotÓs k. GandrÖ g. 3,610,632.63,Mažo užstatymo intensyvumo gyvenamoji zona,U_GG_M_F,"0,4",0,KT,518,100.0,,,0.0,0.0,0.0,100.0,0.0,0.0,0.0,0.0,0.0
553000010101,553000010101,1.0016,KlaipÓdos r. sav. SudmantÖ k.,610,10013.94,Pramonės ir sandėliavimo zona,U_PS_F,"2,5",0,KT,355,100.0,,,0.0,0.0,0.0,0.0,0.0,0.0,0.0,0.0,0.0
553000010157,440001972065,1.66,KlaipÓdos r. sav. SudmantÖ k.,610,16600.41,Vidutinio užstatymo intensyvumo gyvenamoji zona,U_GG_V_F,"0,8*",0,KT,381,100.0,,,0.0,0.0,0.0,0.0,0.0,0.0,0.0,0.0,0.0
553000010273,440020129193,0.1083,KlaipÓdos r. sav. SudmantÖ k.,995,1082.88,Vidutinio užstatymo intensyvumo gyvenamoji zona,U_GG_V_F,"0,8*",0,KT,381,100.0,,,0.0,0.0,0.0,0.0,0.0,0.0,0.0,0.0,0.0
553000020128,440011240530,1.1741,KlaipÓdos r. sav. LeliÖ k.,610,11741.33,Mažo užstatymo intensyvumo gyvenamoji zona,U_GG_M_F,"0,4*",0,KT,411,100.0,,,0.0,0.0,0.0,0.0,0.0,0.0,0.0,0.0,0.0
553000030110,440003015476,2.88,KlaipÓdos r. sav. JakÖ k.,610,29619.99,Mažo užstatymo intensyvumo gyvenamoji zona,U_GG_M_F,"0,4*",0,KT,206,100.0,,,0.0,0.0,0.0,0.0,0.0,0.0,0.0,0.0,0.0
553000030389,440015048718,0.0985,KlaipÓdos r. sav. JakÖ k. PakalnuNiÖ g. 50,995,985.09,Mažo užstatymo intensyvumo gyvenamoji zona,U_GG_M_F,"0,4*",0,KT,206,100.0,,,0.0,0.0,0.0,0.0,0.0,0.0,0.0,0.0,0.0
553000030417,440015051277,0.1066,KlaipÓdos r. sav. JakÖ k. PakalnuNiÖ g. 3,995,1066.47,Mažo užstatymo intensyvumo gyvenamoji zona,U_GG_M_F,"0,4*",0,KT,206,100.0,,,0.0,0.0,0.0,0.0,0.0,0.0,0.0,0.0,0.0
553000030475,440024736370,0.15,KlaipÓdos r. sav. JakÖ k. Vasarojaus g. 31,995,1500.27,Mažo užstatymo intensyvumo gyvenamoji zona,U_GG_M_F,"0,4*",0,KT,206,100.0,,,0.0,0.0,0.0,0.0,0.0,0.0,0.0,0.0,0.0
553000040008,553000040008,0.1099,KlaipÓdos r. sav. JakÖ k. PaÕto g. 24,995,1099.24,Vidutinio užstatymo intensyvumo gyvenamoji zona,U_GG_V_F,"0,8*",0,KT,207,100.0,,,0.0,0.0,0.0,0.0,0.0,0.0,0.0,0.0,0.0
553000040014,553000040014,0.1098,KlaipÓdos r. sav. JakÖ k. PaÕto g. 30,995,1099.83,Vidutinio užstatymo intensyvumo gyvenamoji zona,U_GG_V_F,"0,8*",0,KT,207,100.0,,,0.0,0.0,0.0,0.0,0.0,0.0,0.0,0.0,0.0
553000040203,553000040203,0.15,KlaipÓdos r. sav. JakÖ k.,610,1542.56,Vidutinio užstatymo intensyvumo gyvenamoji zona,U_GG_V_F,"0,8*",0,KT,207,100.0,,,0.0,0.0,0.0,0.0,0.0,0.0,0.0,0.0,0.0
553000050261,553000050261,6.13,KlaipÓdos r. sav. ¾vepeliÖ k.,610,61299.95,Pramonės ir sandėliavimo zona,U_PS_F,"2,5",0,KT,352,99.66,Vidutinio užstatymo intensyvumo gyvenamoji zona,U_GG_V_F,0.34,0.0,0.0,0.0,0.0,0.0,0.0,0.0,0.0
553000050560,440003808046,0.12,KlaipÓdos r. sav. BudrikÖ k. L×UÖ g. 4,995,1200.13,Vidutinio užstatymo intensyvumo gyvenamoji zona,U_GG_V_F,"0,8*",0,KT,207,100.0,,,0.0,0.0,0.0,0.0,0.0,0.0,0.0,0.0,0.0
553000050612,440004860508,0.9,KlaipÓdos r. sav. JakÖ k.,610,8999.61,Vidutinio užstatymo intensyvumo gyvenamoji zona,U_GG_V_F,"0,8*",0,KT,207,100.0,,,0.0,0.0,0.0,0.0,0.0,0.0,0.0,0.0,0.0
553000050820,440014957947,1.2831,KlaipÓdos r. sav. JakÖ k.,610,12831.33,Vidutinio užstatymo intensyvumo gyvenamoji zona,U_GG_V_F,"0,8*",0,KT,207,100.0,,,0.0,0.0,0.0,0.0,0.0,0.0,0.0,0.0,0.0
553000050917,440017996536,0.1502,KlaipÓdos r. sav. ¾vepeliÖ k. LiemgaliÖ g. 11,995,1501.84,Vidutinio užstatymo intensyvumo gyvenamoji zona,U_GG_V_F,"0,8*",0,KT,207,100.0,,,0.0,0.0,0.0,0.0,0.0,0.0,0.0,0.0,0.0
553000050962,440020620284,0.004,KlaipÓdos r. sav. JakÖ k.,995,39.66,Vidutinio užstatymo intensyvumo gyvenamoji zona,U_GG_V_F,"0,8*",0,KT,207,100.0,,,0.0,0.0,0.0,0.0,0.0,0.0,0.0,0.0,0.0
553000051062,440021964029,0.1156,KlaipÓdos r. sav. ¾vepeliÖ k. NotangÖ g. 6,995,1156.41,Vidutinio užstatymo intensyvumo gyvenamoji zona,U_GG_V_F,"0,8*",0,KT,207,100.0,,,0.0,0.0,0.0,0.0,0.0,0.0,0.0,0.0,0.0
553000051083,440021980432,0.0803,KlaipÓdos r. sav. ¾vepeliÖ k. BartÖ g. 3,995,803.12,Vidutinio užstatymo intensyvumo gyvenamoji zona,U_GG_V_F,"0,8*",0,KT,207,100.0,,,0.0,0.0,0.0,0.0,0.0,0.0,0.0,0.0,0.0
553300010002,553300010002,5.2585,KlaipÓdos r. sav. NorgÓlÖ k.,710,52584.91,Miškų ir miškingų teritorijų zona,MI_F,0,0,M,560,97.87,Žemės ūkio teritorijų zona,ZU_F,2.13,0.0,0.0,0.0,0.0,0.0,0.0,0.0,0.0
553300010079,553300010079,0.86,KlaipÓdos r. sav. NorgÓlÖ k.,610,8316.58,Žemės ūkio teritorijų zona,ZU_F,"0,05;0,8***",0,Z;KT,521,100.0,,,0.0,0.0,0.0,0.0,0.0,0.0,0.0,0.0,0.0
553300010161,440026043316,1.9,KlaipÓdos r. sav. MataiNiÖ k.,610,19000.01,Žemės ūkio teritorijų zona,ZU_F,"0,05;0,8***",0,Z;KT,19,95.17,Miškų ir miškingų teritorijų zona,MI_F,4.83,0.0,0.0,0.0,0.0,0.0,0.0,0.0,0.0
553300010290,440026043409,12.1369,KlaipÓdos r. sav. NorgÓlÖ k.,610,121368.61,Žemės ūkio teritorijų zona,ZU_F,"0,05;0,8***",0,Z;KT,521,100.0,,,0.0,0.0,0.0,0.0,0.0,0.0,0.0,0.0,0.0
553300020164,440004178936,2.56,KlaipÓdos r. sav. MisgiriÖ k.,610,25616.21,Žemės ūkio teritorijų zona,ZU_F,"0,05;0,8***",0,Z;KT,534,100.0,,,0.0,0.0,0.0,0.0,0.0,0.0,0.0,0.0,0.0
553300020250,440014947830,0.39,KlaipÓdos r. sav. MikÖ k.,610,4196.4,Žemės ūkio teritorijų zona,ZU_F,"0,05;0,8***",0,Z;KT,521,100.0,,,0.0,0.0,0.0,0.0,0.0,0.0,0.0,0.0,0.0
553300020342,440042447287,1.6312,KlaipÓdos r. sav. LandUiÖ k.,710,16311.7,Miškų ir miškingų teritorijų zona,MI_F,0,0,M,560,100.0,,,0.0,90.02,0.0,0.0,0.0,95.11,0.0,0.0,0.0
553300030105,440001695422,0.25,KlaipÓdos r. sav. JudrÓnÖ mstl.,610,2502.89,Mažo užstatymo intensyvumo gyvenamoji zona,U_GG_M_F,"0,4*",0,KT,530,100.0,,,0.0,0.0,0.0,0.0,0.0,0.0,0.0,0.0,0.0
553300030169,440003836640,0.78,KlaipÓdos r. sav. ¾akÓnÖ k. 11,610,7654.7,Miškų ir miškingų teritorijų zona,MI_F,0,0,M,529,65.15,Mažo užstatymo intensyvumo gyvenamoji zona,U_GG_M_F,34.6,0.0,0.0,0.0,0.0,0.0,0.0,0.0,0.0
553300030460,440005884406,0.38,KlaipÓdos r. sav. JudrÓnÖ mstl.,610,4085.24,Mažo užstatymo intensyvumo gyvenamoji zona,U_GG_M_F,"0,4*",0,KT,530,99.51,Vidutinio užstatymo intensyvumo gyvenamoji zona,U_GG_V_F,0.49,0.0,0.0,0.0,0.0,0.0,0.0,0.0,0.0
553300030478,440007173922,1.02,KlaipÓdos r. sav. JudrÓnÖ mstl.,610,10199.51,Mažo užstatymo intensyvumo gyvenamoji zona,U_GG_M_F,"0,4*",0,KT,530,100.0,,,0.0,0.0,0.0,0.0,0.0,0.0,0.0,0.0,0.0
553300030574,440022010717,0.23,KlaipÓdos r. sav. JudrÓnÖ mstl.,610,2369.82,Mažo užstatymo intensyvumo gyvenamoji zona,U_GG_M_F,"0,4*",0,KT,530,100.0,,,0.0,0.0,0.0,0.0,0.0,0.0,0.0,0.0,0.0
553300040203,553300040203,1.31,KlaipÓdos r. sav. Dariaus k.,710,12806.78,Miškų ir miškingų teritorijų zona,MI_F,0,0,M,523,95.49,Žemės ūkio teritorijų zona,ZU_F,4.51,0.0,0.0,0.0,0.0,0.0,0.0,0.0,0.0
553300040208,553300040208,0.85,KlaipÓdos r. sav. GirininkÖ k.,710,9361.7,Miškų ir miškingų teritorijų zona,MI_F,0,0,M,527,99.92,Žemės ūkio teritorijų zona,ZU_F,0.08,0.0,0.0,0.0,0.0,0.0,0.0,0.0,0.0
553300040369,440017402730,0.3,KlaipÓdos r. sav. UUdvario k.,610,2894.99,Mažo užstatymo intensyvumo gyvenamoji zona,U_GG_M_F,"0,4*",0,KT,530,100.0,,,0.0,0.0,0.0,0.0,0.0,0.0,0.0,0.0,0.0
553300040378,440020263769,6.9315,KlaipÓdos r. sav. Dariaus k.,995,69315.19,Žemės ūkio teritorijų zona,ZU_F,"0,05;0,8***",0,Z;KT,526,97.18,Miškų ir miškingų teritorijų zona,MI_F,2.82,0.0,0.0,0.0,0.0,0.0,0.0,0.0,0.0
553300050089,553300050089,3.2,KlaipÓdos r. sav. Pajudrio k.,610,33040.37,Mažo užstatymo intensyvumo gyvenamoji zona,U_GG_M_F,"0,4*",0,KT,530,97.77,Miškų ir miškingų teritorijų zona,MI_F,2.23,0.0,0.0,0.0,0.0,0.0,0.0,0.0,0.0
553300050213,440003844353,1.54,KlaipÓdos r. sav. JudrÓnÖ mstl.,610,15913.47,Mažo užstatymo intensyvumo gyvenamoji zona,U_GG_M_F,"0,4*",0,KT,530,100.0,,,0.0,0.0,0.0,0.0,0.0,0.0,0.0,0.0,0.0
553300050223,440027942374,6.7634,KlaipÓdos r. sav. UUdvario k.,710,67635.18,Miškų ir miškingų teritorijų zona,MI_F,0,0,M,527,100.0,,,0.0,0.0,0.0,0.0,0.0,100.0,0.0,0.0,0.0
553300050357,553300050357,2.14,KlaipÓdos r. sav. Pajudrio k.,710,21440.93,Miškų ir miškingų teritorijų zona,MI_F,0,0,M;KT,533,94.33,Žemės ūkio teritorijų zona,ZU_F,5.67,0.0,0.0,0.0,0.0,0.0,0.0,0.0,0.0
553300050465,440010214836,1.53,KlaipÓdos r. sav. JudrÓnÖ mstl.,610,15018.92,Mažo užstatymo intensyvumo gyvenamoji zona,U_GG_M_F,"0,4*",0,KT,530,100.0,,,0.0,0.0,0.0,0.0,0.0,0.0,0.0,0.0,0.0
553300050468,440010338124,2.0,KlaipÓdos r. sav. UUdvario k.,610,21104.39,Žemės ūkio teritorijų zona,ZU_F,"0,05;0,8***",0,Z;KT,536,100.0,,,0.0,0.0,0.0,0.0,0.0,0.0,0.0,0.0,0.0
553300050498,440014715010,0.29,KlaipÓdos r. sav. JudrÓnÖ mstl.,610,3092.53,Mažo užstatymo intensyvumo gyvenamoji zona,U_GG_M_F,"0,4*",0,KT,530,100.0,,,0.0,0.0,0.0,0.0,0.0,0.0,0.0,0.0,0.0
553300050505,440014871439,0.32,KlaipÓdos r. sav. JudrÓnÖ mstl.,610,3170.57,Mažo užstatymo intensyvumo gyvenamoji zona,U_GG_M_F,"0,4*",0,KT,530,100.0,,,0.0,0.0,0.0,0.0,0.0,0.0,0.0,0.0,0.0
553500020137,553500020137,0.25,KlaipÓdos r. sav. KretingalÓs mstl. AuÕros g. 29A,995,2500.43,Vidutinio užstatymo intensyvumo gyvenamoji zona,U_GG_V_F,"0,8",0,KT,286,100.0,,,0.0,0.0,0.0,0.0,0.0,0.0,0.0,0.0,0.0
553500020189,553500020189,0.519,KlaipÓdos r. sav. ¾likiÖ k.,610,5190.2,Žemės ūkio teritorijų zona,ZU_F,"0,05;0,8***",0,Z;KT,216,100.0,,,0.0,0.0,0.0,0.0,0.0,0.0,0.0,0.0,0.0
553500020268,553500020268,0.813,KlaipÓdos r. sav. ¾likiÖ k.,610,8129.0,Žemės ūkio teritorijų zona,ZU_F,"0,05;0,8***",0,Z;KT,252,99.99,Miškų ir miškingų teritorijų zona,MI_F,0.01,0.0,0.0,0.0,0.0,0.0,0.0,0.0,0.0
553500020269,440048180418,0.1758,KlaipÓdos r. sav. KretingalÓs mstl. KlaipÓdos g. 50D,995,1757.91,Vidutinio užstatymo intensyvumo gyvenamoji zona,U_GG_V_F,"0,8",0,KT,286,100.0,,,0.0,0.0,0.0,0.0,0.0,0.0,0.0,0.0,0.0
553500020405,440006552822,0.25,KlaipÓdos r. sav. KretingalÓs mstl. GÓliÖ g. 3,995,2499.92,Vidutinio užstatymo intensyvumo gyvenamoji zona,U_GG_V_F,"0,8",0,KT,286,100.0,,,0.0,0.0,0.0,0.0,0.0,0.0,0.0,0.0,0.0
553500020414,440006981159,0.08,KlaipÓdos r. sav. KretingalÓs mstl.,610,759.41,Miškų ir miškingų teritorijų zona,MI_F,0,0,M,283,85.54,Miškų ir miškingų teritorijų zona,MI_F,14.46,0.0,0.0,0.0,0.0,0.0,0.0,0.0,0.0
553500020418,440007110096,0.075,KlaipÓdos r. sav. KretingalÓs mstl.,610,749.55,Vidutinio užstatymo intensyvumo gyvenamoji zona,U_GG_V_F,"0,8",0,KT,286,100.0,,,0.0,0.0,0.0,0.0,0.0,0.0,0.0,0.0,0.0
553500020432,440007766312,1.28,KlaipÓdos r. sav. ¾likiÖ k.,610,12598.58,Žemės ūkio teritorijų zona,ZU_F,"0,05;0,8***",0,Z;KT,252,100.0,Žemės ūkio teritorijų zona,ZU_F,0.0,0.0,0.0,0.0,0.0,0.0,0.0,0.0,0.0
553500030098,553500030098,6.2,KlaipÓdos r. sav. SarNiÖ k.,710,68909.38,Miškų ir miškingų teritorijų zona,MI_F,0,0,M;KT,393,97.96,Žemės ūkio teritorijų zona,ZU_F,2.04,0.0,0.0,0.0,0.0,0.0,0.0,0.0,0.0
553500030121,553500030121,4.21,KlaipÓdos r. sav. VitiniÖ k.,610,42562.98,Žemės ūkio teritorijų zona,ZU_F,"0,05;0,8***",0,Z;KT,252,51.27,Miškų ir miškingų teritorijų zona,MI_F,35.49,0.0,0.0,0.0,0.0,0.0,0.0,0.0,0.0
553500030179,440030031399,0.4899,KlaipÓdos r. sav. PipirÖ k.,710,4899.4,Miškų ir miškingų teritorijų zona,MI_F,0,0,M;KT,249,80.36,Ekstensyvaus užstatymo gyvenamoji zona,U_GG_E_F,19.37,0.0,0.0,0.0,0.0,0.0,0.0,0.0,0.0
553500030267,440006100761,0.11,KlaipÓdos r. sav. PipirÖ k.,610,1258.13,Žemės ūkio teritorijų zona,ZU_F,"0,05;0,8***",0,Z;KT,394,100.0,,,0.0,0.0,0.0,0.0,0.0,0.0,0.0,0.0,0.0
553500030334,440008669703,1.95,KlaipÓdos r. sav. PipirÖ k.,610,19499.79,Ekstensyvaus užstatymo gyvenamoji zona,U_GG_E_F,"0,2*",0,KT,392,100.0,,,0.0,0.0,0.0,0.0,0.0,0.0,0.0,0.0,0.0
553500030337,440008669990,2.68,KlaipÓdos r. sav. PipirÖ k.,610,26799.63,Ekstensyvaus užstatymo gyvenamoji zona,U_GG_E_F,"0,2*",0,KT,392,100.0,,,0.0,0.0,0.0,0.0,0.0,0.0,0.0,0.0,0.0
553500030378,440010210403,0.93,KlaipÓdos r. sav. PipirÖ k.,610,9555.4,Žemės ūkio teritorijų zona,ZU_F,"0,05;0,8***",0,Z;KT,394,97.0,Miškų ir miškingų teritorijų zona,MI_F,3.0,0.0,0.0,0.0,0.0,0.0,0.0,0.0,0.0
553500030505,440026447178,0.1018,KlaipÓdos r. sav. PipirÖ k. LelijÖ g. 15,995,1018.2,Ekstensyvaus užstatymo gyvenamoji zona,U_GG_E_F,"0,2*",0,KT,392,100.0,,,0.0,0.0,0.0,0.0,0.0,0.0,0.0,0.0,0.0
553500040023,553500040023,0.2247,KlaipÓdos r. sav. KretingalÓs mstl.,995,2247.64,Pramonės ir sandėliavimo zona,U_PS_F,"2,5",0,KT,369,100.0,,,0.0,0.0,0.0,0.0,0.0,0.0,0.0,0.0,0.0
553500040319,440005327518,3.0,KlaipÓdos r. sav. StanNiÖ k.,610,29999.97,Ekstensyvaus užstatymo gyvenamoji zona,U_GG_E_F,"0,2*",0,KT,341,100.0,,,0.0,0.0,0.0,0.0,0.0,0.0,0.0,0.0,0.0
553500040456,440008341035,0.15,KlaipÓdos r. sav. StanNiÖ k. ¾altiniÖ g. 32,995,1500.29,Ekstensyvaus užstatymo gyvenamoji zona,U_GG_E_F,"0,2*",0,KT,316,100.0,,,0.0,0.0,0.0,0.0,0.0,0.0,0.0,0.0,0.0
553500040545,440010635419,0.3869,KlaipÓdos r. sav. KretingalÓs mstl. JoguNiÖ g. 10,995,3869.17,Mažo užstatymo intensyvumo gyvenamoji zona,U_GG_M_F,"0,4",0,KT,285,100.0,,,0.0,0.0,0.0,0.0,0.0,0.0,0.0,0.0,0.0
553500040603,440013176219,0.112,KlaipÓdos r. sav. StanNiÖ k. SlÓnio g. 8,995,1120.05,Ekstensyvaus užstatymo gyvenamoji zona,U_GG_E_F,"0,2*",0,KT,316,100.0,,,0.0,0.0,0.0,0.0,0.0,0.0,0.0,0.0,0.0
553500040721,440015810447,0.1041,KlaipÓdos r. sav. StanNiÖ k. VitiniÖ g. 2,995,1040.91,Ekstensyvaus užstatymo gyvenamoji zona,U_GG_E_F,"0,2*",0,KT,316,100.0,,,0.0,0.0,0.0,0.0,0.0,0.0,0.0,0.0,0.0
553500040803,440021173486,0.1,KlaipÓdos r. sav. KretingalÓs mstl.,610,857.35,Vidutinio užstatymo intensyvumo gyvenamoji zona,U_GG_V_F,"0,8",0,KT,286,100.0,,,0.0,0.0,0.0,0.0,0.0,0.0,0.0,0.0,0.0
553500040808,440021268017,0.0831,KlaipÓdos r. sav. KretingalÓs mstl. PipirÖ g. 10,995,830.83,Vidutinio užstatymo intensyvumo gyvenamoji zona,U_GG_V_F,"0,8",0,KT,286,100.0,,,0.0,0.0,0.0,0.0,0.0,0.0,0.0,0.0,0.0
553500040998,440044872271,0.2339,KlaipÓdos r. sav. StanNiÖ k. ¾v. Kotrynos g. 11,995,2338.76,Ekstensyvaus užstatymo gyvenamoji zona,U_GG_E_F,"0,2*",0,KT,316,100.0,,,0.0,0.0,0.0,0.0,0.0,0.0,0.0,0.0,0.0
553500041041,440049776738,0.1016,KlaipÓdos r. sav. KretingalÓs mstl. Frydricho Hako g. 37,995,1015.76,"Bendro naudojimo erdvių, atskirųjų želdynų zona",U_BZ_F,"0,05",0,KT,284,100.0,,,0.0,0.0,0.0,0.0,0.0,0.0,0.0,0.0,0.0
553500050001,553500050001,1.4,KlaipÓdos r. sav. Kop×stÖ k.,610,14701.26,Ekstensyvaus užstatymo gyvenamoji zona,U_GG_E_F,"0,2*",0,KT,165,100.0,,,0.0,0.0,0.0,0.0,0.0,0.0,0.0,0.0,0.0
553500050057,553500050057,1.7508,KlaipÓdos r. sav. PeskojÖ k.,610,17507.13,Ekstensyvaus užstatymo gyvenamoji zona,U_GG_E_F,"0,2*",0,KT,165,99.99,Miškų ir miškingų teritorijų zona,MI_F,0.01,0.0,0.0,0.0,0.0,0.0,0.0,0.0,0.0
553500050128,553500050128,2.9396,KlaipÓdos r. sav. PeskojÖ k.,610,29396.05,Ekstensyvaus užstatymo gyvenamoji zona,U_GG_E_F,"0,2*",0,KT,165,100.0,,,0.0,0.0,0.0,0.0,0.0,0.0,0.0,0.0,0.0
553500050257,440004319580,0.1103,KlaipÓdos r. sav. PeskojÖ k. Vilniaus g. 10,995,1103.36,Ekstensyvaus užstatymo gyvenamoji zona,U_GG_E_F,"0,2*",0,KT,165,100.0,,,0.0,0.0,0.0,0.0,0.0,0.0,0.0,0.0,0.0
553500050560,440018204750,0.0932,KlaipÓdos r. sav. PeskojÖ k. SaulÓtekio g. 16,995,932.12,Ekstensyvaus užstatymo gyvenamoji zona,U_GG_E_F,"0,2*",0,KT,165,100.0,,,0.0,0.0,0.0,0.0,0.0,0.0,0.0,0.0,0.0
553800010084,553800010084,0.087,KlaipÓdos r. sav. VaiteliÖ k. JurginÖ 3-oji g. 10,610,773.32,Mažo užstatymo intensyvumo gyvenamoji zona,U_GG_M_F,"0,4*",0,KT,425,100.0,,,0.0,0.0,0.0,0.0,0.0,0.0,0.0,0.0,0.0
553800010104,553800010104,0.06,KlaipÓdos r. sav. VaiteliÖ k. LelijÖ 2-oji g. 1,610,605.08,Mažo užstatymo intensyvumo gyvenamoji zona,U_GG_M_F,"0,4*",0,KT,425,100.0,,,0.0,0.0,0.0,0.0,0.0,0.0,0.0,0.0,0.0
553800010233,440015025722,0.0652,KlaipÓdos r. sav. VaiteliÖ k. NarcizÖ g. 13,610,652.44,Mažo užstatymo intensyvumo gyvenamoji zona,U_GG_M_F,"0,4*",0,KT,425,100.0,,,0.0,0.0,0.0,0.0,0.0,0.0,0.0,0.0,0.0
553800010312,553800010312,0.06,KlaipÓdos r. sav. VaiteliÖ k. R×tÖ g. 6,610,609.0,Mažo užstatymo intensyvumo gyvenamoji zona,U_GG_M_F,"0,4*",0,KT,425,100.0,,,0.0,0.0,0.0,0.0,0.0,0.0,0.0,0.0,0.0
553800010351,553800010351,0.0631,KlaipÓdos r. sav. VaiteliÖ k. RoUiÖ 1-oji g. 6,610,630.77,Mažo užstatymo intensyvumo gyvenamoji zona,U_GG_M_F,"0,4*",0,KT,425,100.0,,,0.0,0.0,0.0,0.0,0.0,0.0,0.0,0.0,0.0
553800010458,553800010458,0.061,KlaipÓdos r. sav. VaiteliÖ k. RoUiÖ al. 1,610,610.0,Mažo užstatymo intensyvumo gyvenamoji zona,U_GG_M_F,"0,4*",0,KT,425,100.0,,,0.0,0.0,0.0,0.0,0.0,0.0,0.0,0.0,0.0
553800020104,440040789920,0.06,KlaipÓdos r. sav. VaiteliÖ k. SnieguoliÖ g. 7,610,599.92,Mažo užstatymo intensyvumo gyvenamoji zona,U_GG_M_F,"0,4*",0,KT,425,100.0,,,0.0,0.0,0.0,0.0,0.0,0.0,0.0,0.0,0.0
553800020279,553800020279,0.0648,KlaipÓdos r. sav. VaiteliÖ k. MedetkÖ g. 10,610,648.24,Mažo užstatymo intensyvumo gyvenamoji zona,U_GG_M_F,"0,4*",0,KT,425,100.0,,,0.0,0.0,0.0,0.0,0.0,0.0,0.0,0.0,0.0
553800020282,553800020282,0.0709,KlaipÓdos r. sav. VaiteliÖ k. MedetkÖ g. 4,610,708.95,Mažo užstatymo intensyvumo gyvenamoji zona,U_GG_M_F,"0,4*",0,KT,425,100.0,,,0.0,0.0,0.0,0.0,0.0,0.0,0.0,0.0,0.0
553800020385,553800020385,0.06,KlaipÓdos r. sav. VaiteliÖ k. PakalnuNiÖ g. 31,610,632.98,Mažo užstatymo intensyvumo gyvenamoji zona,U_GG_M_F,"0,4*",0,KT,425,100.0,,,0.0,0.0,0.0,0.0,0.0,0.0,0.0,0.0,0.0
553800020447,440002993728,0.06,KlaipÓdos r. sav. VaiteliÖ k. SnieguoliÖ g. 5,610,599.78,Mažo užstatymo intensyvumo gyvenamoji zona,U_GG_M_F,"0,4*",0,KT,425,100.0,,,0.0,0.0,0.0,0.0,0.0,0.0,0.0,0.0,0.0
553800020464,553800020464,0.06,KlaipÓdos r. sav. VaiteliÖ k. SnieguoliÖ g. 16,610,776.49,Mažo užstatymo intensyvumo gyvenamoji zona,U_GG_M_F,"0,4*",0,KT,425,100.0,,,0.0,0.0,0.0,0.0,0.0,0.0,0.0,0.0,0.0
553800020529,553800020529,0.06,KlaipÓdos r. sav. VaiteliÖ k. KatilÓliÖ g. 24,610,583.74,Mažo užstatymo intensyvumo gyvenamoji zona,U_GG_M_F,"0,4*",0,KT,425,100.0,,,0.0,0.0,0.0,0.0,0.0,0.0,0.0,0.0,0.0
553800020632,553800020632,0.06,KlaipÓdos r. sav. VaiteliÖ k. AkacijÖ 2-oji g. 9,610,602.89,Mažo užstatymo intensyvumo gyvenamoji zona,U_GG_M_F,"0,4*",0,KT,425,100.0,,,0.0,0.0,0.0,0.0,0.0,0.0,0.0,0.0,0.0
553800030121,553800030121,0.096,KlaipÓdos r. sav. VaiteliÖ k. UosiÖ g. 15,610,959.86,Mažo užstatymo intensyvumo gyvenamoji zona,U_GG_M_F,"0,4*",0,KT,425,100.0,,,0.0,0.0,0.0,0.0,0.0,0.0,0.0,0.0,0.0
553800030168,553800030168,0.06,KlaipÓdos r. sav. VaiteliÖ k. MiÕkÖ al. 63,610,623.35,Mažo užstatymo intensyvumo gyvenamoji zona,U_GG_M_F,"0,4*",0,KT,425,100.0,,,0.0,0.0,0.0,0.0,0.0,0.0,0.0,0.0,0.0
553800030392,440002629050,0.12,KlaipÓdos r. sav. VaiteliÖ k. TujÖ g. 8,610,1200.21,Mažo užstatymo intensyvumo gyvenamoji zona,U_GG_M_F,"0,4*",0,KT,425,100.0,,,0.0,0.0,0.0,0.0,0.0,0.0,0.0,0.0,0.0
553800030420,553800030420,0.06,KlaipÓdos r. sav. VaiteliÖ k. ¾ermukÕniÖ g. 19,610,599.81,Mažo užstatymo intensyvumo gyvenamoji zona,U_GG_M_F,"0,4*",0,KT,425,100.0,,,0.0,0.0,0.0,0.0,0.0,0.0,0.0,0.0,0.0
553800030437,440004431301,0.06,KlaipÓdos r. sav. VaiteliÖ k. AlyvÖ g. 20,610,592.82,Mažo užstatymo intensyvumo gyvenamoji zona,U_GG_M_F,"0,4*",0,KT,425,100.0,,,0.0,0.0,0.0,0.0,0.0,0.0,0.0,0.0,0.0
553800040020,440004464262,0.12,KlaipÓdos r. sav. VaiteliÖ k. LemuogiÖ g. 15,610,1219.49,Mažo užstatymo intensyvumo gyvenamoji zona,U_GG_M_F,"0,4*",0,KT,425,100.0,,,0.0,0.0,0.0,0.0,0.0,0.0,0.0,0.0,0.0
553800040061,553800040061,0.12,KlaipÓdos r. sav. VaiteliÖ k. BraÕkiÖ g. 2,610,1200.23,Mažo užstatymo intensyvumo gyvenamoji zona,U_GG_M_F,"0,4*",0,KT,425,100.0,,,0.0,0.0,0.0,0.0,0.0,0.0,0.0,0.0,0.0
553800040101,553800040101,0.153,KlaipÓdos r. sav. VaiteliÖ k. MiÕkÖ al. 10,610,1530.02,Mažo užstatymo intensyvumo gyvenamoji zona,U_GG_M_F,"0,4*",0,KT,425,100.0,,,0.0,0.0,0.0,0.0,0.0,0.0,0.0,0.0,0.0
553800040278,440009299164,0.06,KlaipÓdos r. sav. VaiteliÖ k. AvieNiÖ g. 37,610,596.26,Mažo užstatymo intensyvumo gyvenamoji zona,U_GG_M_F,"0,4*",0,KT,425,100.0,,,0.0,0.0,0.0,0.0,0.0,0.0,0.0,0.0,0.0
553800050095,553800050095,0.06,KlaipÓdos r. sav. VaiteliÖ k. LuvÓdrÖ g. 3,610,593.35,Mažo užstatymo intensyvumo gyvenamoji zona,U_GG_M_F,"0,4*",0,KT,425,100.0,,,0.0,0.0,0.0,0.0,0.0,0.0,0.0,0.0,0.0
553800050176,553800050176,0.06,KlaipÓdos r. sav. VaiteliÖ k. GerviÖ g. 9,610,607.04,Mažo užstatymo intensyvumo gyvenamoji zona,U_GG_M_F,"0,4*",0,KT,425,100.0,,,0.0,0.0,0.0,0.0,0.0,0.0,0.0,0.0,0.0
553800050395,440005519616,0.06,KlaipÓdos r. sav. VaiteliÖ k. StrazdÖ g. 8,610,602.41,Mažo užstatymo intensyvumo gyvenamoji zona,U_GG_M_F,"0,4*",0,KT,425,100.0,,,0.0,0.0,0.0,0.0,0.0,0.0,0.0,0.0,0.0
553800110021,440003832430,0.7,KlaipÓdos r. sav. VaiteliÖ k.,610,6999.55,Žemės ūkio teritorijų zona,ZU_F,"0,05;0,8***",0,Z;KT,422,99.95,Ekstensyvaus užstatymo gyvenamoji zona,U_GG_E_F,0.05,0.0,0.0,0.0,0.0,0.0,0.0,0.0,0.0
553800110197,440011653900,1.45,KlaipÓdos r. sav. VaiteliÖ k.,610,14046.41,Žemės ūkio teritorijų zona,ZU_F,"0,05;0,8***",0,Z;KT,422,100.0,,,0.0,0.0,0.0,0.0,0.0,0.0,0.0,0.0,0.0
553800120094,553800120094,1.57,KlaipÓdos r. sav. Antkalnio k. 6,610,15217.77,Žemės ūkio teritorijų zona,ZU_F,"0,05;0,8***",0,Z;KT,435,94.93,Žemės ūkio teritorijų zona,ZU_F,5.05,5.07,0.0,0.0,0.0,5.07,0.0,0.0,0.0
553800120221,440012889279,0.033,KlaipÓdos r. sav. GribUiniÖ k.,995,329.68,Žemės ūkio teritorijų zona,ZU_F,"0,05;0,8***",0,Z;KT,435,73.45,Miškų ir miškingų teritorijų zona,MI_F,26.55,0.0,0.0,0.0,0.0,0.0,0.0,0.0,0.0
553800130132,440010469406,0.45,KlaipÓdos r. sav. GribUiniÖ k.,710,4383.14,Miškų ir miškingų teritorijų zona,MI_F,0,0,M,432,96.4,Pramonės ir sandėliavimo zona,U_PS_F,3.6,0.0,0.0,0.0,0.0,0.0,0.0,0.0,0.0
553800130146,440015162622,0.122,KlaipÓdos r. sav. SaulaUoliÖ k. Pr×sÖ g. 17,995,1219.95,Ekstensyvaus užstatymo gyvenamoji zona,U_GG_E_F,"0,2*",0,KT,419,100.0,,,0.0,0.0,0.0,0.0,0.0,0.0,0.0,0.0,0.0
553800130209,440019589565,0.1257,KlaipÓdos r. sav. SaulaUoliÖ k. SmilgynÖ g. 21,995,1257.16,Ekstensyvaus užstatymo gyvenamoji zona,U_GG_E_F,"0,2*",0,KT,419,100.0,,,0.0,0.0,0.0,0.0,0.0,0.0,0.0,0.0,0.0
553800130270,440045025436,1.0425,KlaipÓdos r. sav. SaulaUoliÖ k.,610,10425.61,Ekstensyvaus užstatymo gyvenamoji zona,U_GG_E_F,"0,2*",0,KT,419,100.0,,,0.0,0.0,0.0,0.0,0.0,0.0,0.0,0.0,0.0
553800140407,440004335339,0.19,KlaipÓdos r. sav. KvietiniÖ k. PapelkÓs g. 3A,995,1900.34,Vidutinio užstatymo intensyvumo gyvenamoji zona,U_GG_V_F,"0,8*",0,KT,438,100.0,,,0.0,0.0,0.0,0.0,0.0,0.0,0.0,0.0,0.0
553800140650,440022041036,0.0925,KlaipÓdos r. sav. KvietiniÖ k. LiepÖ g. 65,995,925.06,Mažo užstatymo intensyvumo gyvenamoji zona,U_GG_M_F,"0,4*",0,KT,437,100.0,,,0.0,0.0,0.0,0.0,0.0,0.0,0.0,0.0,0.0
553800150009,553800150009,1.0574,KlaipÓdos r. sav. KvietiniÖ k.,610,10574.29,Vidutinio užstatymo intensyvumo gyvenamoji zona,U_GG_V_F,"0,8*",0,KT,438,100.0,,,0.0,0.0,0.0,0.0,0.0,0.0,0.0,0.0,0.0
553800150077,553800150077,0.2,KlaipÓdos r. sav. KvietiniÖ k.,610,2034.0,Vidutinio užstatymo intensyvumo gyvenamoji zona,U_GG_V_F,"0,8*",0,KT,438,100.0,,,0.0,0.0,0.0,0.0,0.0,0.0,0.0,0.0,0.0
553800150085,553800150085,0.28,KlaipÓdos r. sav. KvietiniÖ k. CiruliÖ g. 2,995,2800.39,Vidutinio užstatymo intensyvumo gyvenamoji zona,U_GG_V_F,"0,8*",0,KT,438,100.0,,,0.0,0.0,0.0,0.0,0.0,0.0,0.0,0.0,0.0
553800150149,553800150149,0.7548,KlaipÓdos r. sav. KvietiniÖ k.,610,7549.49,Žemės ūkio teritorijų zona,ZU_F,"0,1;0,8***",0,Z;KT,442,100.0,,,0.0,0.0,0.0,0.0,0.0,0.0,0.0,0.0,0.0
553800150156,440041614860,0.2985,KlaipÓdos r. sav. KvietiniÖ k. Minijos g. 18,995,2985.05,Vidutinio užstatymo intensyvumo gyvenamoji zona,U_GG_V_F,"0,8*",0,KT,438,100.0,,,0.0,0.0,0.0,0.0,0.0,0.0,0.0,0.0,0.0
553800150259,553800150259,3.14,KlaipÓdos r. sav. KvietiniÖ k.,610,29175.28,Žemės ūkio teritorijų zona,ZU_F,"0,05;0,8***",0,Z;KT,445,91.9,Miškų ir miškingų teritorijų zona,MI_F,8.1,25.92,0.0,0.0,0.0,16.98,98.75,0.0,0.0
553800150263,553800150263,1.1774,KlaipÓdos r. sav. SaulaUoliÖ k.,610,11774.44,Žemės ūkio teritorijų zona,ZU_F,"0,1;0,8***",0,Z;KT,442,100.0,,,0.0,0.0,0.0,0.0,0.0,0.0,0.0,0.0,0.0
553800150438,440020412104,0.0474,KlaipÓdos r. sav. KvietiniÖ k.,995,473.59,Mažo užstatymo intensyvumo gyvenamoji zona,U_GG_M_F,"0,4*",0,KT,437,100.0,,,0.0,0.0,0.0,0.0,0.0,0.0,0.0,0.0,0.0
553800150444,440020412704,0.0608,KlaipÓdos r. sav. KvietiniÖ k.,995,607.98,Mažo užstatymo intensyvumo gyvenamoji zona,U_GG_M_F,"0,4*",0,KT,437,100.0,,,0.0,0.0,0.0,0.0,0.0,0.0,0.0,0.0,0.0
554300010052,554300010052,4.37,KlaipÓdos r. sav. UtriÖ k.,710,41294.18,Miškų ir miškingų teritorijų zona,MI_F,0,0,M,449,99.72,Žemės ūkio teritorijų zona,ZU_F,0.28,0.0,0.0,0.0,0.0,99.48,0.0,0.0,0.0
554300010099,554300010099,2.51,KlaipÓdos r. sav. UtriÖ k.,610,26002.93,Žemės ūkio teritorijų zona,ZU_F,"0,05",0,Z;KT,448,99.51,Miškų ir miškingų teritorijų zona,MI_F,0.47,99.98,0.0,0.0,0.0,99.98,0.0,0.0,0.0
554300010127,554300010127,2.05,KlaipÓdos r. sav. PikteikiÖ k.,610,20591.17,Žemės ūkio teritorijų zona,ZU_F,"0,05",0,Z;KT,448,99.98,Vandenų zona,H_F,0.02,100.03,0.0,0.0,0.0,100.0,19.26,0.0,0.0
554300020161,554300020161,1.26,KlaipÓdos r. sav. UtriÖ k.,610,12760.29,Žemės ūkio teritorijų zona,ZU_F,"0,05;0,8***",0,Z;KT,450,100.0,,,0.0,0.0,0.0,0.0,0.0,0.0,0.0,0.0,0.0
554300030044,440029214790,0.52,KlaipÓdos r. sav. LapiÖ k. BerUyno g. 2,995,5199.64,Mažo užstatymo intensyvumo gyvenamoji zona,U_GG_M_F,"0,4*",0,KT,457,100.0,,,0.0,0.0,0.0,0.0,0.0,0.0,0.0,0.0,0.0
554300030203,440003094671,2.76,KlaipÓdos r. sav. LapiÖ k.,610,25987.96,Žemės ūkio teritorijų zona,ZU_F,"0,05;0,8***",0,Z;KT,455,99.65,Žemės ūkio teritorijų zona,ZU_F,0.35,0.0,0.0,0.0,0.0,0.0,0.0,0.0,0.0
554300030212,440010354393,0.2663,KlaipÓdos r. sav. LapiÖ k. TrumpÓs g. 7,995,2663.34,Mažo užstatymo intensyvumo gyvenamoji zona,U_GG_M_F,"0,4*",0,KT,457,100.0,,,0.0,0.0,0.0,0.0,0.0,0.0,0.0,0.0,0.0
554300040026,554300040026,2.04,KlaipÓdos r. sav. PaUvelsio k.,610,20393.2,Žemės ūkio teritorijų zona,ZU_F,"0,05;0,8***",0,Z;KT,476,75.29,Miškų ir miškingų teritorijų zona,MI_F,24.71,0.0,0.0,0.0,0.0,0.0,0.0,0.0,0.0
554300050006,554300050006,2.1142,KlaipÓdos r. sav. RudaiNiÖ k.,610,21142.23,Žemės ūkio teritorijų zona,ZU_F,"0,05;0,8***",0,Z;KT,472,100.0,,,0.0,0.0,0.0,0.0,0.0,0.0,0.0,0.0,0.0
554300050027,554300050027,6.69,KlaipÓdos r. sav. RudaiNiÖ k.,610,65517.8,Žemės ūkio teritorijų zona,ZU_F,"0,05;0,8***",0,Z;KT,472,99.84,Miškų ir miškingų teritorijų zona,MI_F,0.16,0.0,0.0,0.0,0.0,0.03,0.0,0.0,0.0
554300050062,554300050062,1.5,KlaipÓdos r. sav. RudaiNiÖ k.,710,15156.95,Miškų ir miškingų teritorijų zona,MI_F,0,0,M,447,99.47,Žemės ūkio teritorijų zona,ZU_F,0.53,100.0,0.0,0.0,0.0,100.0,0.0,0.0,0.0
554300050073,554300050073,0.31,KlaipÓdos r. sav. RudaiNiÖ k. LankÖ g. 31,995,3100.37,Miškų ir miškingų teritorijų zona,MI_F,0,0,M,447,69.71,Žemės ūkio teritorijų zona,ZU_F,30.29,100.0,0.0,0.0,0.0,100.0,0.0,0.0,0.0
554300050128,554300050128,0.56,KlaipÓdos r. sav. RudaiNiÖ k.,610,6205.42,Mažo užstatymo intensyvumo gyvenamoji zona,U_GG_M_F,"0,4*",0,KT,458,100.0,,,0.0,0.0,0.0,0.0,0.0,0.0,0.0,0.0,0.0
554300050143,554300050143,1.01,KlaipÓdos r. sav. RudaiNiÖ k.,610,10276.62,Žemės ūkio teritorijų zona,ZU_F,"0,05;0,8***",0,Z;KT,472,100.0,,,0.0,0.0,0.0,0.0,0.0,0.0,0.0,0.0,0.0
554300050262,554300050262,5.21,KlaipÓdos r. sav. RudaiNiÖ k.,610,52829.42,Žemės ūkio teritorijų zona,ZU_F,"0,05;0,8***",0,Z;KT,472,100.0,,,0.0,0.0,0.0,0.0,0.0,0.0,0.0,0.0,0.0
554300050294,554300050294,3.99,KlaipÓdos r. sav. RudaiNiÖ k.,610,41851.48,Žemės ūkio teritorijų zona,ZU_F,"0,05;0,8***",0,Z;KT,472,99.8,Miškų ir miškingų teritorijų zona,MI_F,0.2,0.0,0.0,0.0,0.0,0.0,0.0,0.0,0.0
554300050487,440015486312,1.54,KlaipÓdos r. sav. RudaiNiÖ k.,610,17008.3,Žemės ūkio teritorijų zona,ZU_F,"0,05;0,8***",0,Z;KT,472,99.74,Mažo užstatymo intensyvumo gyvenamoji zona,U_GG_M_F,0.26,0.0,0.0,0.0,0.0,0.0,0.0,0.0,0.0
554300050493,440016130555,0.17,KlaipÓdos r. sav. RudaiNiÖ k.,610,1759.81,Mažo užstatymo intensyvumo gyvenamoji zona,U_GG_M_F,"0,4*",0,KT,458,100.0,,,0.0,0.0,0.0,0.0,0.0,0.0,0.0,0.0,0.0
554300050506,440017198471,0.6,KlaipÓdos r. sav. RudaiNiÖ k.,610,6055.03,Mažo užstatymo intensyvumo gyvenamoji zona,U_GG_M_F,"0,4*",0,KT,458,100.0,,,0.0,0.0,0.0,0.0,0.0,0.0,0.0,0.0,0.0
554400020078,554400020078,4.844,KlaipÓdos r. sav. LÓbartÖ k.,710,48439.98,Miškų ir miškingų teritorijų zona,MI_F,0,0,M;KT,240,100.0,,,0.0,0.0,0.0,0.0,0.0,0.0,0.0,0.0,0.0
554400020101,554400020101,3.73,KlaipÓdos r. sav. LÓbartÖ k.,710,36655.19,Miškų ir miškingų teritorijų zona,MI_F,0,0,M;KT,240,100.0,,,0.0,0.0,0.0,0.0,0.0,0.0,0.0,0.0,0.0
554400020246,440025368112,0.1061,KlaipÓdos r. sav. ToleikiÖ k. LemininkÖ g. 24,995,1060.86,Ekstensyvaus užstatymo gyvenamoji zona,U_GG_E_F,"0,2*",0,KT,244,100.0,,,0.0,0.0,0.0,0.0,0.0,0.0,0.0,0.0,0.0
554400020418,440003371738,0.2485,KlaipÓdos r. sav. KiÕkÓnÖ k. ¾altiniÖ tak. 11,995,2485.08,Mažo užstatymo intensyvumo gyvenamoji zona,U_GG_M_F,"0,4*",0,KT,236,100.0,,,0.0,0.0,0.0,0.0,0.0,0.0,0.0,0.0,0.0
554400020559,440009448728,0.1754,KlaipÓdos r. sav. LÓbartÖ k. KNstuNio g. 28,995,1753.83,Ekstensyvaus užstatymo gyvenamoji zona,U_GG_E_F,"0,2*",0,KT,244,100.0,,,0.0,0.0,0.0,0.0,0.0,0.0,0.0,0.0,0.0
554400020597,440010166539,0.13,KlaipÓdos r. sav. LÓbartÖ k. Hugo ¾ojaus g. 84,995,1383.17,Ekstensyvaus užstatymo gyvenamoji zona,U_GG_E_F,"0,2*",0,KT,244,100.0,,,0.0,0.0,0.0,0.0,0.0,0.0,0.0,0.0,0.0
554400020609,440010314786,0.0829,KlaipÓdos r. sav. KiÕkÓnÖ k. GalNiÖ g. 22,995,828.77,Mažo užstatymo intensyvumo gyvenamoji zona,U_GG_M_F,"0,4*",0,KT,236,100.0,,,0.0,0.0,0.0,0.0,0.0,0.0,0.0,0.0,0.0
554400020621,440010315648,0.0025,KlaipÓdos r. sav. KiÕkÓnÖ k.,995,25.2,Mažo užstatymo intensyvumo gyvenamoji zona,U_GG_M_F,"0,4*",0,KT,236,100.0,,,0.0,0.0,0.0,0.0,0.0,0.0,0.0,0.0,0.0
554400020690,440014818230,1.83,KlaipÓdos r. sav. KiÕkÓnÖ k.,610,19132.06,Mažo užstatymo intensyvumo gyvenamoji zona,U_GG_M_F,"0,4*",0,KT,239,100.0,,,0.0,0.0,0.0,0.0,0.0,0.0,0.0,0.0,0.0
554400020745,440018364957,0.5,KlaipÓdos r. sav. KiÕkÓnÖ k.,610,5000.14,Ekstensyvaus užstatymo gyvenamoji zona,U_GG_E_F,"0,2*",0,KT,244,100.0,,,0.0,0.0,0.0,0.0,0.0,0.0,0.0,0.0,0.0
554400020749,440019457831,1.2229,KlaipÓdos r. sav. RimkÖ k. MaUosios Lietuvos g. 43,610,12229.2,Ekstensyvaus užstatymo gyvenamoji zona,U_GG_E_F,"0,2*",0,KT,244,100.0,,,0.0,0.0,0.0,0.0,0.0,0.0,0.0,0.0,0.0
554400021026,440039787305,0.66,KlaipÓdos r. sav. RimkÖ k.,610,6599.83,Ekstensyvaus užstatymo gyvenamoji zona,U_GG_E_F,"0,2*",0,KT,244,100.0,,,0.0,0.0,0.0,0.0,0.0,0.0,0.0,0.0,0.0
554400030162,554400030162,0.3,KlaipÓdos r. sav. DovilÖ mstl. GrambaviÕkiÖ g. 51,610,3030.94,Mažo užstatymo intensyvumo gyvenamoji zona,U_GG_M_F,"0,4*",0,KT,226,100.0,,,0.0,0.0,0.0,0.0,0.0,0.0,0.0,0.0,0.0
554400030336,440029945622,0.2542,KlaipÓdos r. sav. DovilÖ mstl. LemaitÓs g. 6,995,2541.57,Vidutinio užstatymo intensyvumo gyvenamoji zona,U_GG_V_F,"0,8*",0,KT,227,100.0,,,0.0,0.0,0.0,0.0,0.0,0.0,0.0,0.0,0.0
554400030483,440008655283,0.94,KlaipÓdos r. sav. BirbinNiÖ k.,610,10406.51,Ekstensyvaus užstatymo gyvenamoji zona,U_GG_E_F,"0,2*",0,KT,231,100.0,,,0.0,0.0,0.0,0.0,0.0,0.0,0.0,0.0,0.0
554400030501,440009491807,0.3984,KlaipÓdos r. sav. DovilÖ mstl. Lauksupio g. 2,995,3983.85,Mažo užstatymo intensyvumo gyvenamoji zona,U_GG_M_F,"0,4*",0,KT,226,100.0,,,0.0,0.0,0.0,0.0,0.0,0.0,0.0,0.0,0.0
554400030673,440022826859,0.292,KlaipÓdos r. sav. BirbinNiÖ k.,995,2920.37,Ekstensyvaus užstatymo gyvenamoji zona,U_GG_E_F,"0,2*",0,KT,231,100.0,,,0.0,0.0,0.0,0.0,0.0,0.0,0.0,0.0,0.0
554400030685,440023023798,0.1338,KlaipÓdos r. sav. BirbinNiÖ k. AidÖ g. 15,995,1338.31,Ekstensyvaus užstatymo gyvenamoji zona,U_GG_E_F,"0,2*",0,KT,225,100.0,,,0.0,0.0,0.0,0.0,0.0,0.0,0.0,0.0,0.0
554400030817,440043277680,0.1604,KlaipÓdos r. sav. DovilÖ mstl. LankiÕkÓs g. 9,995,1604.6,Vidutinio užstatymo intensyvumo gyvenamoji zona,U_GG_V_F,"0,8*",0,KT,227,100.0,,,0.0,0.0,0.0,0.0,0.0,0.0,0.0,0.0,0.0
554400030827,440043596750,0.268,KlaipÓdos r. sav. GrambaviÕkiÖ k. PervaUos g. 30,995,2682.08,Ekstensyvaus užstatymo gyvenamoji zona,U_GG_E_F,"0,2*",0,KT,231,100.0,,,0.0,0.0,0.0,0.0,0.0,0.0,0.0,0.0,0.0
554400040031,554400040031,2.91,KlaipÓdos r. sav. DovilÖ mstl.,610,27633.88,Žemės ūkio teritorijų zona,ZU_F,"0,05;0,8***",0,Z;KT,229,76.91,Mažo užstatymo intensyvumo gyvenamoji zona,U_GG_M_F,22.82,0.0,0.0,0.0,0.0,0.0,61.18,0.0,0.0
554400040388,440037946602,0.5633,KlaipÓdos r. sav. DovilÖ mstl.,610,5633.02,Žemės ūkio teritorijų zona,ZU_F,"0,05;0,8***",0,Z;KT,229,100.0,,,0.0,0.0,0.0,0.0,0.0,0.0,97.52,0.0,0.0
554400040429,440046167739,0.1452,KlaipÓdos r. sav. KuliÖ k. LaukÖ g. 3A,995,1452.16,Ekstensyvaus užstatymo gyvenamoji zona,U_GG_E_F,"0,2*",0,KT,221,100.0,,,0.0,0.0,0.0,0.0,0.0,0.0,0.0,0.0,0.0
554400050024,554400050024,6.17,KlaipÓdos r. sav. RusliÖ k.,610,63105.08,Žemės ūkio teritorijų zona,ZU_F,"0,05;0,8***",0,Z;KT,242,100.0,,,0.0,0.0,0.0,0.0,0.0,0.0,0.0,0.0,0.0
554400050184,554400050184,6.6935,KlaipÓdos r. sav. LÓbartÖ k.,610,66935.49,Žemės ūkio teritorijų zona,ZU_F,"0,05;0,8***",0,Z;KT,242,100.0,,,0.0,0.0,0.0,0.0,0.0,0.0,0.0,0.0,0.0
554400050275,554400050275,1.9416,KlaipÓdos r. sav. KiÕkÓnÖ k.,610,19416.37,Mažo užstatymo intensyvumo gyvenamoji zona,U_GG_M_F,"0,4*",0,KT,239,100.0,,,0.0,0.0,0.0,0.0,0.0,0.0,0.0,0.0,0.0
554400050320,554400050320,2.0,KlaipÓdos r. sav. DovilÖ mstl.,610,20004.72,Žemės ūkio teritorijų zona,ZU_F,"0,05;0,8***",0,Z;KT,242,100.0,,,0.0,0.0,0.0,0.0,0.0,0.0,0.0,0.0,0.0
554400050469,440000905266,2.55,KlaipÓdos r. sav. LÓbartÖ k.,610,26208.71,Ekstensyvaus užstatymo gyvenamoji zona,U_GG_E_F,"0,2*",0,KT,244,100.0,,,0.0,0.0,0.0,0.0,0.0,0.0,0.0,0.0,0.0
554400050579,440031017495,1.1612,KlaipÓdos r. sav. DovilÖ mstl.,710,11612.15,Miškų ir miškingų teritorijų zona,MI_F,0,0,M;KT,170,94.04,Žemės ūkio teritorijų zona,ZU_F,5.5,0.0,0.0,0.0,0.0,0.0,0.0,0.0,0.0
554400050853,440010131674,1.08,KlaipÓdos r. sav. RusliÖ k.,610,10800.08,Žemės ūkio teritorijų zona,ZU_F,"0,05;0,8***",0,Z;KT,242,100.0,,,0.0,0.0,0.0,0.0,0.0,0.0,0.0,0.0,0.0
554400051079,440016138088,0.11,KlaipÓdos r. sav. KalviÖ k. KalviÖ g. 2,995,1100.03,Mažo užstatymo intensyvumo gyvenamoji zona,U_GG_M_F,"0,4*",0,KT,168,100.0,,,0.0,0.0,0.0,0.0,0.0,0.0,0.0,0.0,0.0
554400051092,440017021888,1.9647,KlaipÓdos r. sav. DovilÖ mstl.,610,19646.56,Žemės ūkio teritorijų zona,ZU_F,"0,05;0,8***",0,Z;KT,229,100.0,,,0.0,0.0,0.0,0.0,0.0,0.0,0.0,0.0,0.0
554400051113,440018127972,0.78,KlaipÓdos r. sav. KiÕkÓnÖ k.,610,7800.18,Ekstensyvaus užstatymo gyvenamoji zona,U_GG_E_F,"0,2*",0,KT,244,100.0,Mažo užstatymo intensyvumo gyvenamoji zona,U_GG_M_F,0.0,0.0,0.0,0.0,0.0,0.0,0.0,0.0,0.0
554400051368,440051314966,0.2676,KlaipÓdos r. sav. RusliÖ k.,610,2676.11,Žemės ūkio teritorijų zona,ZU_F,"0,05;0,8***",0,Z;KT,242,100.0,,,0.0,0.0,0.0,0.0,0.0,0.0,0.0,0.0,0.0
554400060082,554400060082,0.3133,KlaipÓdos r. sav. KetvergiÖ k.,610,3132.7,Mažo užstatymo intensyvumo gyvenamoji zona,U_GG_M_F,"0,4*",0,KT,168,100.0,,,0.0,0.0,0.0,0.0,0.0,0.0,0.0,0.0,0.0
554400060294,440010728520,0.1612,KlaipÓdos r. sav. KetvergiÖ k. GarniÖ g. 1,995,1611.74,Mažo užstatymo intensyvumo gyvenamoji zona,U_GG_M_F,"0,4*",0,KT,168,100.0,,,0.0,0.0,0.0,0.0,0.0,0.0,0.0,0.0,0.0
554400060473,440051795049,0.14,KlaipÓdos r. sav. KetvergiÖ k. Lvor×nÓs g. 14,995,1399.73,Mažo užstatymo intensyvumo gyvenamoji zona,U_GG_M_F,"0,4*",0,KT,168,99.91,Miškų ir miškingų teritorijų zona,MI_F,0.09,0.0,0.0,0.0,0.0,0.0,0.0,0.0,0.0
554400060474,440051778359,0.15,KlaipÓdos r. sav. KetvergiÖ k. Lvor×nÓs g. 12,995,1500.43,Mažo užstatymo intensyvumo gyvenamoji zona,U_GG_M_F,"0,4*",0,KT,168,100.0,,,0.0,0.0,0.0,0.0,0.0,0.0,0.0,0.0,0.0
554400060480,440052167943,0.17,KlaipÓdos r. sav. KetvergiÖ k. KetvergiÖ g. 36,995,1700.2,Žemės ūkio teritorijų zona,ZU_F,"0,1;0,8***",0,Z;KT,157,100.0,,,0.0,0.0,0.0,0.0,0.0,0.0,0.0,0.0,0.0
554400080213,554400080213,0.0705,KlaipÓdos r. sav. KiÕkÓnÖ k. VyturiÖ g. 12,610,704.62,Mažo užstatymo intensyvumo gyvenamoji zona,U_GG_M_F,"0,4*",0,KT,236,100.0,,,0.0,0.0,0.0,0.0,0.0,0.0,0.0,0.0,0.0
554400090086,554400090086,0.06,KlaipÓdos r. sav. KiÕkÓnÖ k. SmeltalÓs g. 11,610,633.3,Mažo užstatymo intensyvumo gyvenamoji zona,U_GG_M_F,"0,4*",0,KT,236,100.0,,,0.0,0.0,0.0,0.0,0.0,0.0,0.0,0.0,0.0
554400090125,554400090125,0.082,KlaipÓdos r. sav. KiÕkÓnÖ k. SmeltalÓs g. 21,610,836.63,Mažo užstatymo intensyvumo gyvenamoji zona,U_GG_M_F,"0,4*",0,KT,236,97.78,Miškų ir miškingų teritorijų zona,MI_F,2.22,0.0,0.0,0.0,0.0,0.0,0.0,0.0,0.0
554400100019,554400100019,0.0659,KlaipÓdos r. sav. KiÕkÓnÖ k. PakalnÓs tak. 1,610,651.73,Mažo užstatymo intensyvumo gyvenamoji zona,U_GG_M_F,"0,4*",0,KT,236,100.0,,,0.0,0.0,0.0,0.0,0.0,0.0,0.0,0.0,0.0
554400100025,554400100025,0.0762,KlaipÓdos r. sav. KiÕkÓnÖ k. BokÕto tak. 2,610,762.53,Mažo užstatymo intensyvumo gyvenamoji zona,U_GG_M_F,"0,4*",0,KT,236,100.0,,,0.0,0.0,0.0,0.0,0.0,0.0,0.0,0.0,0.0
554400130118,554400130118,0.0605,KlaipÓdos r. sav. KiÕkÓnÖ k. GÓliÖ g. 19,610,605.09,Mažo užstatymo intensyvumo gyvenamoji zona,U_GG_M_F,"0,4*",0,KT,236,100.0,,,0.0,0.0,0.0,0.0,0.0,0.0,0.0,0.0,0.0
554400130254,554400130254,0.06,KlaipÓdos r. sav. KiÕkÓnÖ k. DraugystÓs g. 17,610,600.35,Mažo užstatymo intensyvumo gyvenamoji zona,U_GG_M_F,"0,4*",0,KT,236,100.0,,,0.0,0.0,0.0,0.0,0.0,0.0,0.0,0.0,0.0
554400130559,554400130559,0.06,KlaipÓdos r. sav. KiÕkÓnÖ k. LevandÖ g. 8,610,597.55,Mažo užstatymo intensyvumo gyvenamoji zona,U_GG_M_F,"0,4*",0,KT,236,100.0,,,0.0,0.0,0.0,0.0,0.0,0.0,0.0,0.0,0.0
554400140014,554400140014,0.06,KlaipÓdos r. sav. GrambaviÕkiÖ k. KlevÖ 14-oji g. 9,610,599.92,Mažo užstatymo intensyvumo gyvenamoji zona,U_GG_M_F,"0,4*",0,KT,233,100.0,,,0.0,0.0,0.0,0.0,0.0,0.0,0.0,0.0,0.0
554400140163,554400140163,0.06,KlaipÓdos r. sav. GrambaviÕkiÖ k. KlevÖ 6-oji g. 5,610,599.98,Mažo užstatymo intensyvumo gyvenamoji zona,U_GG_M_F,"0,4*",0,KT,233,100.0,,,0.0,0.0,0.0,0.0,0.0,0.0,0.0,0.0,0.0
554400160022,554400160022,0.06,KlaipÓdos r. sav. KuliÖ k. PievÖ 2-oji g. 6,610,600.09,Ekstensyvaus užstatymo gyvenamoji zona,U_GG_E_F,"0,2*",0,KT,221,100.0,,,0.0,0.0,0.0,0.0,0.0,0.0,0.0,0.0,0.0
554400160127,554400160127,0.0615,KlaipÓdos r. sav. KuliÖ k. GÓliÖ 3-oji g. 22,610,614.91,Ekstensyvaus užstatymo gyvenamoji zona,U_GG_E_F,"0,2*",0,KT,221,100.0,,,0.0,0.0,0.0,0.0,0.0,0.0,0.0,0.0,0.0
554400160168,440002604906,0.062,KlaipÓdos r. sav. KuliÖ k. GÓliÖ 5-oji g. 10,610,620.4,Ekstensyvaus užstatymo gyvenamoji zona,U_GG_E_F,"0,2*",0,KT,221,100.0,,,0.0,0.0,0.0,0.0,0.0,0.0,0.0,0.0,0.0
554400160191,554400160191,0.0601,KlaipÓdos r. sav. KuliÖ k. GÓliÖ 6-oji g. 4,610,600.75,Ekstensyvaus užstatymo gyvenamoji zona,U_GG_E_F,"0,2*",0,KT,221,100.0,,,0.0,0.0,0.0,0.0,0.0,0.0,0.0,0.0,0.0
554400160251,440005128538,0.0685,KlaipÓdos r. sav. KuliÖ k.,610,672.66,Ekstensyvaus užstatymo gyvenamoji zona,U_GG_E_F,"0,2*",0,KT,221,100.0,,,0.0,0.0,0.0,0.0,0.0,0.0,0.0,0.0,0.0
554400160271,554400160271,0.06,KlaipÓdos r. sav. KuliÖ k. LaukÖ 5-oji g. 8,610,610.25,Ekstensyvaus užstatymo gyvenamoji zona,U_GG_E_F,"0,2*",0,KT,221,100.0,,,0.0,0.0,0.0,0.0,0.0,0.0,0.0,0.0,0.0
554400160280,554400160280,0.06,KlaipÓdos r. sav. KuliÖ k. LaukÖ 6-oji g. 10,610,599.68,Ekstensyvaus užstatymo gyvenamoji zona,U_GG_E_F,"0,2*",0,KT,221,100.0,,,0.0,0.0,0.0,0.0,0.0,0.0,0.0,0.0,0.0
554400160284,554400160284,0.0593,KlaipÓdos r. sav. KuliÖ k. LaukÖ 4-oji g. 12,610,593.25,Ekstensyvaus užstatymo gyvenamoji zona,U_GG_E_F,"0,2*",0,KT,221,100.0,,,0.0,0.0,0.0,0.0,0.0,0.0,0.0,0.0,0.0
554400170060,554400170060,0.06,KlaipÓdos r. sav. KuliÖ k. RoUiÖ 1-oji g. 14,610,601.87,Ekstensyvaus užstatymo gyvenamoji zona,U_GG_E_F,"0,2*",0,KT,221,100.0,,,0.0,0.0,0.0,0.0,0.0,0.0,0.0,0.0,0.0
554400180028,554400180028,0.06,KlaipÓdos r. sav. KuliÖ k. SvajoniÖ g. 9,610,627.79,Ekstensyvaus užstatymo gyvenamoji zona,U_GG_E_F,"0,2*",0,KT,221,100.0,,,0.0,0.0,0.0,0.0,0.0,0.0,0.0,0.0,0.0
554400180185,554400180185,0.0648,KlaipÓdos r. sav. KuliÖ k. NeuUmirÕtuoliÖ g. 4,610,648.03,Ekstensyvaus užstatymo gyvenamoji zona,U_GG_E_F,"0,2*",0,KT,221,100.0,,,0.0,0.0,0.0,0.0,0.0,0.0,0.0,0.0,0.0
554400180252,440002289972,0.1427,KlaipÓdos r. sav. KuliÖ k. KuliÖ Dvaro g. 10,995,1426.17,Ekstensyvaus užstatymo gyvenamoji zona,U_GG_E_F,"0,2*",0,KT,221,100.0,,,0.0,0.0,0.0,0.0,0.0,0.0,0.0,0.0,0.0
554400180256,440029165708,0.1134,KlaipÓdos r. sav. KuliÖ k. VirUiÖ g. 1A,995,1134.09,Ekstensyvaus užstatymo gyvenamoji zona,U_GG_E_F,"0,2*",0,KT,221,100.0,,,0.0,0.0,0.0,0.0,0.0,0.0,0.0,0.0,0.0
554400190145,554400190145,0.06,KlaipÓdos r. sav. KaspariÕkiÖ k. RusnÓs g. 18,610,630.97,Mažo užstatymo intensyvumo gyvenamoji zona,U_GG_M_F,"0,4*",0,KT,273,100.0,,,0.0,0.0,0.0,0.0,0.0,0.0,0.0,0.0,0.0
554400190185,554400190185,0.06,KlaipÓdos r. sav. KaspariÕkiÖ k. Baltijos g. 3,610,617.11,Mažo užstatymo intensyvumo gyvenamoji zona,U_GG_M_F,"0,4*",0,KT,273,100.0,,,0.0,0.0,0.0,0.0,0.0,0.0,0.0,0.0,0.0
554400190254,554400190254,0.06,KlaipÓdos r. sav. KaspariÕkiÖ k. Lalgirio g. 17,610,612.96,Mažo užstatymo intensyvumo gyvenamoji zona,U_GG_M_F,"0,4*",0,KT,273,100.0,,,0.0,0.0,0.0,0.0,0.0,0.0,0.0,0.0,0.0
554400200077,554400200077,0.06,KlaipÓdos r. sav. GruNeikiÖ k. PietinÓ g. 7,610,639.62,Mažo užstatymo intensyvumo gyvenamoji zona,U_GG_M_F,"0,4*",0,KT,273,100.0,,,0.0,0.0,0.0,0.0,0.0,0.0,0.0,0.0,0.0
554400200329,554400200329,0.0896,KlaipÓdos r. sav. GruNeikiÖ k. Tvenkinio 2-oji g. 27,610,893.0,Mažo užstatymo intensyvumo gyvenamoji zona,U_GG_M_F,"0,4*",0,KT,273,100.0,,,0.0,0.0,0.0,0.0,0.0,0.0,0.0,0.0,0.0
554400200355,554400200355,0.0896,KlaipÓdos r. sav. GruNeikiÖ k. Tvenkinio 2-oji g. 24,610,929.65,Mažo užstatymo intensyvumo gyvenamoji zona,U_GG_M_F,"0,4*",0,KT,273,100.0,,,0.0,0.0,0.0,0.0,0.0,0.0,0.0,0.0,0.0
554400200434,554400200434,0.0808,KlaipÓdos r. sav. GruNeikiÖ k. DraugystÓs g. 1,610,808.21,Mažo užstatymo intensyvumo gyvenamoji zona,U_GG_M_F,"0,4*",0,KT,273,100.0,,,0.0,0.0,0.0,0.0,0.0,0.0,0.0,0.0,0.0
554400200462,554400200462,0.0896,KlaipÓdos r. sav. GruNeikiÖ k. DraugystÓs g. 40,610,895.96,Mažo užstatymo intensyvumo gyvenamoji zona,U_GG_M_F,"0,4*",0,KT,273,100.0,,,0.0,0.0,0.0,0.0,0.0,0.0,0.0,0.0,0.0
554400260004,554400260004,0.0697,KlaipÓdos r. sav. KisiniÖ k. SodÖ g. 14,610,700.99,Mažo užstatymo intensyvumo gyvenamoji zona,U_GG_M_F,"0,4*",0,KT,179,100.0,,,0.0,0.0,0.0,0.0,0.0,0.0,0.0,0.0,0.0
554400270021,554400270021,0.059,KlaipÓdos r. sav. KiÕkÓnÖ k. TulpiÖ tak. 8,610,568.83,Mažo užstatymo intensyvumo gyvenamoji zona,U_GG_M_F,"0,4*",0,KT,236,100.0,,,0.0,0.0,0.0,0.0,0.0,0.0,0.0,0.0,0.0
554400270057,554400270057,0.0635,KlaipÓdos r. sav. KiÕkÓnÖ k. AguonÖ tak. 8,610,634.74,Mažo užstatymo intensyvumo gyvenamoji zona,U_GG_M_F,"0,4*",0,KT,236,100.0,,,0.0,0.0,0.0,0.0,0.0,0.0,0.0,0.0,0.0
554500010051,554500010051,1.73,KlaipÓdos r. sav. PakamoriÖ k.,610,17303.58,Žemės ūkio teritorijų zona,ZU_F,"0,05;0,8***",0,Z;KT,398,99.9,Miškų ir miškingų teritorijų zona,MI_F,0.1,0.0,0.0,0.0,0.0,0.0,0.0,0.0,0.0
554500010256,554500010256,0.2346,KlaipÓdos r. sav. PlikiÖ mstl.,610,2346.4,Vidutinio užstatymo intensyvumo gyvenamoji zona,U_GG_V_F,"0,8*",0,KT,401,100.0,,,0.0,0.0,0.0,0.0,0.0,0.0,0.0,0.0,0.0
554500010345,440005263898,1.15,KlaipÓdos r. sav. TrakiÖ k.,610,11550.19,Žemės ūkio teritorijų zona,ZU_F,"0,05;0,8***",0,Z;KT,394,100.0,,,0.0,0.0,0.0,0.0,0.0,0.0,0.0,0.0,0.0
554500010376,440007384229,0.8425,KlaipÓdos r. sav. PlikiÖ mstl.,610,8425.48,Mažo užstatymo intensyvumo gyvenamoji zona,U_GG_M_F,"0,4*",0,KT,400,100.0,,,0.0,0.0,0.0,0.0,0.0,0.0,0.0,0.0,0.0
554500010395,440008821009,1.6272,KlaipÓdos r. sav. VytauNiÖ k.,610,16271.86,Žemės ūkio teritorijų zona,ZU_F,"0,05;0,8***",0,Z;KT,398,100.0,Mažo užstatymo intensyvumo gyvenamoji zona,U_GG_M_F,0.0,0.0,0.0,0.0,0.0,0.0,0.0,0.0,0.0
554500020047,554500020047,0.8346,KlaipÓdos r. sav. TriuÕiÖ k.,610,8346.69,Žemės ūkio teritorijų zona,ZU_F,"0,1;0,8***",0,Z;KT,423,100.0,,,0.0,0.0,0.0,0.0,0.0,0.0,0.0,0.0,0.0
554500020238,554500020238,0.7638,KlaipÓdos r. sav. TriuÕiÖ k. LvirblynÓs g. 13,995,7638.18,Žemės ūkio teritorijų zona,ZU_F,"0,1;0,8***",0,Z;KT,423,100.0,,,0.0,0.0,0.0,0.0,0.0,0.0,0.0,0.0,0.0
554500020370,440009445269,3.2227,KlaipÓdos r. sav. KatkÖ k.,610,32227.38,Žemės ūkio teritorijų zona,ZU_F,"0,05;0,8***",0,Z;KT,396,100.0,,,0.0,0.0,0.0,0.0,0.0,0.0,0.0,0.0,0.0
554500020377,440009543780,3.01,KlaipÓdos r. sav. TriuÕiÖ k.,710,30923.86,Miškų ir miškingų teritorijų zona,MI_F,0,0,M,395,78.6,Žemės ūkio teritorijų zona,ZU_F,21.4,0.0,0.0,0.0,0.0,0.0,0.0,0.0,0.0
554500020382,440009743760,1.17,KlaipÓdos r. sav. VytauNiÖ k.,610,11656.68,Mažo užstatymo intensyvumo gyvenamoji zona,U_GG_M_F,"0,4*",0,KT,400,100.0,,,0.0,0.0,0.0,0.0,0.0,0.0,0.0,0.0,0.0
554500020501,440024328487,1.2998,KlaipÓdos r. sav. TriuÕiÖ k. LvirblynÓs g. 7,995,12999.0,Žemės ūkio teritorijų zona,ZU_F,"0,1;0,8***",0,Z;KT,423,100.0,,,0.0,0.0,0.0,0.0,0.0,0.0,0.0,0.0,0.0
554500030259,440046227792,0.2519,KlaipÓdos r. sav. MedikiÖ k.,610,2518.13,Žemės ūkio teritorijų zona,ZU_F,"0,05;0,8***",0,Z;KT,398,100.0,,,0.0,0.0,0.0,0.0,0.0,0.0,0.0,0.0,0.0
554500030300,554500030300,1.452,KlaipÓdos r. sav. PlikiÖ mstl.,610,14519.51,Mažo užstatymo intensyvumo gyvenamoji zona,U_GG_M_F,"0,4*",0,KT,400,100.0,,,0.0,0.0,0.0,0.0,0.0,0.0,0.0,0.0,0.0
554500030340,440051578779,1.0053,KlaipÓdos r. sav. PlikiÖ mstl.,610,10053.22,Mažo užstatymo intensyvumo gyvenamoji zona,U_GG_M_F,"0,4*",0,KT,400,100.0,,,0.0,0.0,0.0,0.0,0.0,0.0,0.0,0.0,0.0
554500030490,440008150454,0.36,KlaipÓdos r. sav. PlikiÖ mstl.,610,3705.23,Ekstensyvaus užstatymo gyvenamoji zona,U_GG_E_F,"0,2*",0,KT,404,100.0,,,0.0,0.0,0.0,0.0,0.0,0.0,0.0,0.0,0.0
554500030503,440008897876,2.6788,KlaipÓdos r. sav. GrauminÓs k.,610,26788.79,Pramonės ir sandėliavimo zona,U_PS_F,"2,5",0,KT,402,100.0,,,0.0,0.0,0.0,0.0,0.0,0.0,0.0,0.0,0.0
554500030506,440008913757,0.43,KlaipÓdos r. sav. PlikiÖ mstl.,610,4152.18,Mažo užstatymo intensyvumo gyvenamoji zona,U_GG_M_F,"0,4*",0,KT,400,100.0,,,0.0,0.0,0.0,0.0,0.0,0.0,0.0,0.0,0.0
554500030557,440015185046,0.13,KlaipÓdos r. sav. PlikiÖ mstl.,610,1240.66,Vidutinio užstatymo intensyvumo gyvenamoji zona,U_GG_V_F,"0,8*",0,KT,401,100.0,,,0.0,0.0,0.0,0.0,0.0,0.0,0.0,0.0,0.0
554500040134,440002457176,2.19,KlaipÓdos r. sav. PakamoriÖ k.,610,23269.38,Ekstensyvaus užstatymo gyvenamoji zona,U_GG_E_F,"0,2*",0,KT,388,99.44,Mažo užstatymo intensyvumo gyvenamoji zona,U_GG_M_F,0.56,0.0,0.0,0.0,0.0,0.0,0.0,0.0,0.0
554500040230,440026952087,0.1062,KlaipÓdos r. sav. PlikiÖ mstl. KlevÖ g. 5,995,1061.96,Mažo užstatymo intensyvumo gyvenamoji zona,U_GG_M_F,"0,4*",0,KT,400,100.0,,,0.0,0.0,0.0,0.0,0.0,0.0,0.0,0.0,0.0
554500040304,440008772286,0.66,KlaipÓdos r. sav. PakamoriÖ k.,610,7300.56,Ekstensyvaus užstatymo gyvenamoji zona,U_GG_E_F,"0,2*",0,KT,388,100.0,,,0.0,0.0,0.0,0.0,0.0,0.0,0.0,0.0,0.0
554500040490,440017699324,0.1482,KlaipÓdos r. sav. LiobriÖ k.,995,1482.43,Mažo užstatymo intensyvumo gyvenamoji zona,U_GG_M_F,"0,4*",0,KT,400,100.0,,,0.0,0.0,0.0,0.0,0.0,0.0,0.0,0.0,0.0
554500040624,440041763640,0.5835,KlaipÓdos r. sav. PakamoriÖ k.,610,5835.21,Ekstensyvaus užstatymo gyvenamoji zona,U_GG_E_F,"0,2*",0,KT,388,100.0,,,0.0,0.0,0.0,0.0,0.0,0.0,0.0,0.0,0.0
554500040695,440051712875,2.0204,KlaipÓdos r. sav. LiobriÖ k.,610,20203.66,Mažo užstatymo intensyvumo gyvenamoji zona,U_GG_M_F,"0,4*",0,KT,400,100.0,,,0.0,0.0,0.0,0.0,0.0,0.0,0.0,0.0,0.0
554800020052,440010036532,0.1745,KlaipÓdos r. sav. PriekulÓs m. Turgaus g. 32,995,1745.1,Vidutinio užstatymo intensyvumo gyvenamoji zona,U_GG_V_F,"0,8*",0,KT,295,100.0,,,0.0,0.0,0.0,0.0,0.0,0.0,0.0,0.0,0.0
555000010045,555000010045,2.0,KlaipÓdos r. sav. Juodupio k.,710,27872.91,Miškų ir miškingų teritorijų zona,MI_F,0,0,M;KT,577,97.59,Žemės ūkio teritorijų zona,ZU_F,1.98,0.0,0.0,0.0,0.0,0.0,0.0,0.0,0.0
555000010049,555000010049,3.37,KlaipÓdos r. sav. AisÓnÖ k.,710,34317.77,Miškų ir miškingų teritorijų zona,MI_F,0,0,M;KT,577,100.0,,,0.0,0.0,0.0,0.0,0.0,0.0,0.0,0.0,0.0
555000010166,440002865316,1.1924,KlaipÓdos r. sav. AisÓnÖ k.,610,11925.12,Mažo užstatymo intensyvumo gyvenamoji zona,U_GG_M_F,"0,4*",0,KT,89,100.0,,,0.0,0.0,0.0,0.0,0.0,0.0,0.0,0.0,0.0
555000010203,440003647010,0.48,KlaipÓdos r. sav. PozingiÖ k.,610,5185.93,Žemės ūkio teritorijų zona,ZU_F,"0,05;0,8***",0,Z;KT,581,100.0,,,0.0,0.0,0.0,0.0,0.0,0.0,0.0,0.0,0.0
555000010262,440011243311,3.0,KlaipÓdos r. sav. PozingiÖ k.,610,31472.15,Žemės ūkio teritorijų zona,ZU_F,"0,05;0,8***",0,Z;KT,581,100.0,,,0.0,14.94,0.0,0.0,0.0,13.44,0.0,0.0,0.0
555000010334,440018162593,2.61,KlaipÓdos r. sav. AisÓnÖ k.,710,25319.89,Miškų ir miškingų teritorijų zona,MI_F,0,0,M;KT,577,100.0,,,0.0,0.0,0.0,0.0,0.0,0.0,0.0,0.0,0.0
555000020008,555000020008,10.12,KlaipÓdos r. sav. AisÓnÖ k.,710,103570.42,Miškų ir miškingų teritorijų zona,MI_F,0,0,M;KT,577,86.01,Žemės ūkio teritorijų zona,ZU_F,13.99,0.0,0.0,0.0,0.0,0.0,0.0,0.0,0.0
555000020167,440030557552,0.85,KlaipÓdos r. sav. AisÓnÖ k. Pasienio g. 1,995,8585.39,Mažo užstatymo intensyvumo gyvenamoji zona,U_GG_M_F,"0,4*",0,KT,89,100.0,,,0.0,0.0,0.0,0.0,0.0,0.0,0.0,0.0,0.0
555000020177,555000020177,0.411,KlaipÓdos r. sav. PÓUaiNiÖ k. ¾ermukÕniÖ g. 6,995,4110.78,Mažo užstatymo intensyvumo gyvenamoji zona,U_GG_M_F,"0,4*",0,KT,89,100.0,,,0.0,0.0,0.0,0.0,0.0,0.0,0.0,0.0,0.0
555000030002,555000030002,7.24,KlaipÓdos r. sav. MockaiNiÖ k.,610,73824.65,Žemės ūkio teritorijų zona,ZU_F,"0,05;0,8***",0,Z;KT,46,69.5,Miškų ir miškingų teritorijų zona,MI_F,21.01,10.16,0.0,0.0,0.0,9.77,0.0,0.0,0.0
555000030039,555000030039,1.27,KlaipÓdos r. sav. SkomantÖ k.,610,13159.93,Mažo užstatymo intensyvumo gyvenamoji zona,U_GG_M_F,"0,4*",0,KT,44,100.0,,,0.0,0.0,0.0,0.0,0.0,0.0,0.0,0.0,0.0
555000030148,440015432109,0.6,KlaipÓdos r. sav. MikuUiÖ k.,710,6389.37,Miškų ir miškingų teritorijų zona,MI_F,0,0,M,37,100.0,,,0.0,0.0,0.0,0.0,0.0,0.0,0.0,0.0,0.0
555000030279,440021127171,0.2,KlaipÓdos r. sav. MockaiNiÖ k. 10,995,2000.03,Žemės ūkio teritorijų zona,ZU_F,"0,05;0,8***",0,Z;KT,46,100.0,,,0.0,0.0,0.0,0.0,0.0,0.0,0.0,0.0,0.0
555000040108,440020595593,0.9564,KlaipÓdos r. sav. BilvieNio k.,610,9564.03,Žemės ūkio teritorijų zona,ZU_F,"0,05;0,8***",0,Z;KT,40,100.0,,,0.0,0.0,0.0,0.0,0.0,0.0,0.0,0.0,0.0
555000040214,440046088144,0.9047,KlaipÓdos r. sav. BilvieNio k.,610,9047.35,Žemės ūkio teritorijų zona,ZU_F,"0,05;0,8***",0,Z;KT,40,100.0,,,0.0,0.0,0.0,0.0,0.0,0.0,0.0,0.0,0.0
555000060204,440024463105,4.0617,KlaipÓdos r. sav. PÓUaiNiÖ k.,610,40617.48,Žemės ūkio teritorijų zona,ZU_F,"0,05;0,8***",0,Z;KT,581,100.0,,,0.0,0.0,0.0,0.0,0.0,0.0,0.0,0.0,0.0
555000060207,440043123791,0.2846,KlaipÓdos r. sav. DvyliÖ k.,610,2845.91,Miškų ir miškingų teritorijų zona,MI_F,0,0,M;KT,90,100.0,,,0.0,0.0,0.0,0.0,0.0,0.0,0.0,0.0,0.0
555200010037,555200010037,281.8273,KlaipÓdos r. sav. KairiÖ k.,995,2942635.17,Specializuotų kompleksų zona,U_SK_F,"1,6",0,KT;M,267,73.1,Specializuotų kompleksų zona,U_SK_F,13.79,0.0,0.0,0.0,0.0,0.0,0.0,0.0,0.0
555200010040,555200010040,28.5444,KlaipÓdos r. sav. VaÕkiÖ k.,610,285443.59,Ekstensyvaus užstatymo gyvenamoji zona,U_GG_E_F,"0,2*",0,KT,270,99.6,Žemės ūkio teritorijų zona,ZU_F,0.4,0.0,0.0,0.0,0.0,0.0,0.0,0.0,0.0
555200010076,555200010076,3.0,KlaipÓdos r. sav. ¾ilgaliÖ k.,610,31590.3,Ekstensyvaus užstatymo gyvenamoji zona,U_GG_E_F,"0,2*",0,KT,270,100.0,,,0.0,0.0,0.0,0.0,0.0,0.0,0.0,0.0,0.0
555200010347,440018342348,0.0696,KlaipÓdos r. sav. ¾ilgaliÖ k. Lenktoji g. 68,995,696.44,Ekstensyvaus užstatymo gyvenamoji zona,U_GG_E_F,"0,2*",0,KT,270,100.0,,,0.0,0.0,0.0,0.0,0.0,0.0,0.0,0.0,0.0
555200020102,440002525888,0.04,KlaipÓdos r. sav. TraubiÖ k.,610,400.05,Žemės ūkio teritorijų zona,ZU_F,"0,05;0,8***",0,Z;KT,153,100.0,,,0.0,0.0,0.0,0.0,0.0,0.0,0.0,0.0,0.0
555200020305,440046918030,0.0983,KlaipÓdos r. sav. KetvergiÖ k. KieNiÖ g. 9,995,983.28,Žemės ūkio teritorijų zona,ZU_F,"0,1;0,8***",0,Z;KT,157,100.0,,,0.0,0.0,0.0,0.0,0.0,0.0,0.0,0.0,0.0
555200020318,440050554537,0.405,KlaipÓdos r. sav. SpengiÖ k.,610,4051.19,Žemės ūkio teritorijų zona,ZU_F,"0,1;0,8***",0,Z;KT,157,100.0,,,0.0,0.0,0.0,0.0,0.0,0.0,0.0,0.0,0.0
555200030044,555200030044,0.803,KlaipÓdos r. sav. RokÖ k.,610,8029.85,Žemės ūkio teritorijų zona,ZU_F,"0,05;0,8***",0,Z;KT,150,100.0,,,0.0,0.0,0.0,0.0,0.0,0.0,0.0,0.0,0.0
555200030198,440009937088,2.23,KlaipÓdos r. sav. ButkÖ k.,610,22300.2,Žemės ūkio teritorijų zona,ZU_F,"0,05;0,8***",0,Z;KT,153,100.0,,,0.0,0.0,0.0,0.0,0.0,0.0,0.0,0.0,0.0
555200030309,440029777748,0.0897,KlaipÓdos r. sav. RokÖ k. Liedo g. 1,610,897.64,Mažo užstatymo intensyvumo gyvenamoji zona,U_GG_M_F,"0,4*",0,KT,175,100.0,,,0.0,0.0,0.0,0.0,0.0,0.0,0.0,0.0,0.0
555200030328,440031233046,0.0223,KlaipÓdos r. sav. RokÖ k.,995,223.24,Žemės ūkio teritorijų zona,ZU_F,"0,05;0,8***",0,Z;KT,150,100.0,,,0.0,0.0,0.0,0.0,0.0,0.0,0.0,0.0,0.0
555200030355,440045171194,0.144,KlaipÓdos r. sav. LiaukÖ k. RokÖ g. 36A,995,1440.37,Žemės ūkio teritorijų zona,ZU_F,"0,05;0,8***",0,Z;KT,153,100.0,,,0.0,0.0,0.0,0.0,0.0,0.0,0.0,0.0,0.0
555200040188,440009837238,1.6165,KlaipÓdos r. sav. VoveriÕkiÖ k.,610,16165.25,Žemės ūkio teritorijų zona,ZU_F,"0,05;0,8***",0,Z;KT,144,100.0,,,0.0,0.0,0.0,0.0,0.0,0.0,0.0,0.0,0.0
555200040230,440020527064,0.8,KlaipÓdos r. sav. VoveriÕkiÖ k.,610,8267.82,Žemės ūkio teritorijų zona,ZU_F,"0,05;0,8***",0,Z;KT,153,60.16,Miškų ir miškingų teritorijų zona,MI_F,39.84,0.0,0.0,0.0,0.0,0.0,0.0,0.0,0.0
555200040248,440024062570,5.457,KlaipÓdos r. sav. VoveriÕkiÖ k.,610,54570.0,Žemės ūkio teritorijų zona,ZU_F,"0,05;0,8***",0,Z;KT,144,100.0,,,0.0,0.0,0.0,0.0,0.0,0.0,0.0,0.0,0.0
555200050009,555200050009,2.5,KlaipÓdos r. sav. StragnÖ I k.,610,24712.76,Žemės ūkio teritorijų zona,ZU_F,"0,1;0,8***",0,Z;KT,140,100.0,,,0.0,0.0,0.0,0.0,0.0,0.0,0.0,0.0,0.0
555200050129,440004443582,0.77,KlaipÓdos r. sav. StragnÖ II k.,610,7458.17,Žemės ūkio teritorijų zona,ZU_F,"0,1;0,8***",0,Z;KT,140,100.0,,,0.0,0.0,0.0,0.0,0.0,0.0,0.0,0.0,0.0
555200050134,440004502670,2.17,KlaipÓdos r. sav. StragnÖ I k.,610,21515.94,Žemės ūkio teritorijų zona,ZU_F,"0,1;0,8***",0,Z;KT,140,100.0,,,0.0,0.0,0.0,0.0,0.0,0.0,0.0,0.0,0.0
555200050336,440010861164,0.4,KlaipÓdos r. sav. StragnÖ II k.,610,5174.71,Žemės ūkio teritorijų zona,ZU_F,"0,1;0,8***",0,Z;KT,140,100.0,,,0.0,0.0,0.0,0.0,0.0,0.0,0.0,0.0,0.0
555200050457,440038735134,0.3254,KlaipÓdos r. sav. B×dvieNiÖ k. 2A,995,3254.09,Žemės ūkio teritorijų zona,ZU_F,"0,1;0,8***",0,Z;KT,140,100.0,,,0.0,0.0,0.0,0.0,0.0,0.0,0.0,0.0,0.0
555200050484,440044955533,3.3501,KlaipÓdos r. sav. StragnÖ I k.,610,33500.59,Žemės ūkio teritorijų zona,ZU_F,"0,1;0,8***",0,Z;KT,140,100.0,,,0.0,0.0,0.0,0.0,0.0,0.0,0.0,0.0,0.0
555200060031,555200060031,2.1756,KlaipÓdos r. sav. ¾ilininkÖ k.,610,21756.47,Žemės ūkio teritorijų zona,ZU_F,"0,05;0,8***",0,Z;KT,307,100.0,,,0.0,26.24,0.0,0.0,0.0,27.74,99.81,0.0,0.0
555200060185,440052652538,1.4,KlaipÓdos r. sav. ¾ilininkÖ k.,610,14944.37,Žemės ūkio teritorijų zona,ZU_F,"0,05;0,8***",0,Z;KT,303,85.89,Žemės ūkio teritorijų zona,ZU_F,14.11,0.0,0.0,0.0,0.0,0.0,0.0,0.0,0.0
555200070081,440024768798,1.2891,KlaipÓdos r. sav. LiaunÖ k.,610,12891.46,Žemės ūkio teritorijų zona,ZU_F,"0,05;0,8***",0,Z;KT,303,100.0,,,0.0,0.0,0.0,0.0,0.0,0.0,0.0,0.0,0.0
555200070085,440043725672,2.0117,KlaipÓdos r. sav. ¾ilininkÖ k.,610,20117.48,Žemės ūkio teritorijų zona,ZU_F,"0,05;0,8***",0,Z;KT,303,99.46,Vandenų zona,H_F,0.54,97.96,0.0,0.0,0.0,78.75,0.0,0.0,0.0
555200080293,440024122214,1.55,KlaipÓdos r. sav. GropiÕkiÖ k.,610,16398.26,Mažo užstatymo intensyvumo gyvenamoji zona,U_GG_M_F,"0,4*",0,KT,294,100.0,,,0.0,0.0,0.0,0.0,0.0,10.77,0.0,0.0,0.0
555200090072,555200090072,0.0752,KlaipÓdos r. sav. PriekulÓs II k.,610,752.46,Mažo užstatymo intensyvumo gyvenamoji zona,U_GG_M_F,"0,4*",0,KT,294,100.0,,,0.0,0.0,0.0,0.0,0.0,0.0,0.0,0.0,0.0
555200090117,555200090117,0.24,KlaipÓdos r. sav. PriekulÓs II k.,610,3143.88,Mažo užstatymo intensyvumo gyvenamoji zona,U_GG_M_F,"0,4*",0,KT,294,100.0,,,0.0,0.0,0.0,0.0,0.0,0.0,0.0,0.0,0.0
555200090335,440051771890,0.082,KlaipÓdos r. sav. PriekulÓs II k.,610,819.87,Mažo užstatymo intensyvumo gyvenamoji zona,U_GG_M_F,"0,4*",0,KT,294,100.0,,,0.0,0.0,0.0,0.0,0.0,0.0,0.0,0.0,0.0
555200090395,555200090395,1.97,KlaipÓdos r. sav. KuodUiÖ k.,610,17891.64,Žemės ūkio teritorijų zona,ZU_F,"0,05;0,8***",0,Z;KT,153,100.0,,,0.0,0.0,0.0,0.0,0.0,3.95,0.0,0.0,0.0
555200090517,440004446660,0.32,KlaipÓdos r. sav. Dituvos k.,610,3428.0,Ekstensyvaus užstatymo gyvenamoji zona,U_GG_E_F,"0,2*",0,KT,155,100.0,,,0.0,0.0,0.0,0.0,0.0,0.0,0.0,0.0,0.0
555200090705,440012875460,1.15,KlaipÓdos r. sav. KuodUiÖ k.,610,12325.03,Žemės ūkio teritorijų zona,ZU_F,"0,05;0,8***",0,Z;KT,153,100.0,,,0.0,0.0,0.0,0.0,0.0,17.67,0.0,0.0,0.0
555200090713,440012929752,0.53,KlaipÓdos r. sav. Dituvos k.,610,5821.08,Ekstensyvaus užstatymo gyvenamoji zona,U_GG_E_F,"0,2*",0,KT,155,100.0,,,0.0,0.0,0.0,0.0,0.0,0.0,0.0,0.0,0.0
555200090715,440014593272,0.47,KlaipÓdos r. sav. Dituvos k.,610,4716.57,Ekstensyvaus užstatymo gyvenamoji zona,U_GG_E_F,"0,2*",0,KT,155,100.0,,,0.0,0.0,0.0,0.0,0.0,0.0,0.0,0.0,0.0
555200100041,440027012982,0.32,KlaipÓdos r. sav. MickÖ k. VaÕkiÖ g. 17,995,3199.81,Pramonės ir sandėliavimo zona,U_PS_F,"2,5",0,KT,352,100.0,,,0.0,0.0,0.0,0.0,0.0,0.0,0.0,0.0,0.0
555200100154,440003173588,1.3,KlaipÓdos r. sav. Dituvos k.,610,13165.35,Ekstensyvaus užstatymo gyvenamoji zona,U_GG_E_F,"0,2*",0,KT,155,100.0,,,0.0,0.0,0.0,0.0,0.0,0.0,0.0,0.0,0.0
555200100189,440050072774,0.217,KlaipÓdos r. sav. Dituvos k. PakrantÓs g. 6,995,2169.93,Ekstensyvaus užstatymo gyvenamoji zona,U_GG_E_F,"0,2*",0,KT,155,100.0,,,0.0,0.0,0.0,0.0,0.0,58.23,0.0,0.0,0.0
555200100303,555200100303,0.3408,KlaipÓdos r. sav. Dituvos k. TraubiÖ g. 12,995,3408.33,Žemės ūkio teritorijų zona,ZU_F,"0,05;0,8***",0,Z;KT,153,100.0,,,0.0,0.0,0.0,0.0,0.0,16.35,0.0,0.0,0.0
555200100369,440004875190,0.35,KlaipÓdos r. sav. Dituvos k.,610,3256.09,Pramonės ir sandėliavimo zona,U_PS_F,"2,5",0,KT,352,100.0,,,0.0,0.0,0.0,0.0,0.0,0.0,0.0,0.0,0.0
555200100389,440005270070,0.4,KlaipÓdos r. sav. TraubiÖ k.,610,4000.06,Žemės ūkio teritorijų zona,ZU_F,"0,05;0,8***",0,Z;KT,153,100.0,,,0.0,0.0,0.0,0.0,0.0,0.0,0.0,0.0,0.0
555200100402,440007418082,0.7208,KlaipÓdos r. sav. Dituvos k.,610,7208.0,Ekstensyvaus užstatymo gyvenamoji zona,U_GG_E_F,"0,2*",0,KT,155,100.0,,,0.0,0.0,0.0,0.0,0.0,0.0,0.0,0.0,0.0
555200100522,440017524024,0.5208,KlaipÓdos r. sav. Dituvos k.,610,5208.14,Ekstensyvaus užstatymo gyvenamoji zona,U_GG_E_F,"0,2*",0,KT,155,99.98,Žemės ūkio teritorijų zona,ZU_F,0.02,0.0,0.0,0.0,0.0,0.0,67.16,0.0,0.0
555200110108,440006042824,0.52,KlaipÓdos r. sav. Dituvos k.,610,5614.92,Žemės ūkio teritorijų zona,ZU_F,"0,1;0,8***",0,Z;KT,275,100.0,,,0.0,0.0,0.0,0.0,0.0,0.0,0.0,0.0,0.0
555200110114,440006040836,1.55,KlaipÓdos r. sav. Dituvos k.,610,15500.59,Žemės ūkio teritorijų zona,ZU_F,"0,1;0,8***",0,Z;KT,275,100.0,,,0.0,0.0,0.0,0.0,0.0,0.0,0.0,0.0,0.0
555200110146,440014695595,0.54,KlaipÓdos r. sav. Dituvos k. L×UgaliÖ g. 4,610,5400.24,Žemės ūkio teritorijų zona,ZU_F,"0,1;0,8***",0,Z;KT,275,100.0,,,0.0,0.0,0.0,0.0,0.0,0.0,0.0,0.0,0.0
555200110516,440040789153,0.086,KlaipÓdos r. sav. Dituvos k. Rudens g. 47,995,860.02,Žemės ūkio teritorijų zona,ZU_F,"0,1;0,8***",0,Z;KT,275,100.0,,,0.0,0.0,0.0,0.0,0.0,0.0,0.0,0.0,0.0
555200110519,440040789220,0.086,KlaipÓdos r. sav. Dituvos k. Rudens g. 35,995,859.82,Žemės ūkio teritorijų zona,ZU_F,"0,1;0,8***",0,Z;KT,275,100.0,,,0.0,0.0,0.0,0.0,0.0,0.0,0.0,0.0,0.0
555200110562,440045103344,0.0915,KlaipÓdos r. sav. Dituvos k. PaslapNiÖ g. 1,995,915.01,Žemės ūkio teritorijų zona,ZU_F,"0,1;0,8***",0,Z;KT,275,100.0,,,0.0,0.0,0.0,0.0,0.0,0.0,0.0,0.0,0.0
555200110602,440052269122,0.25,KlaipÓdos r. sav. Dituvos k. PrekymeNio g. 14,995,2499.93,Žemės ūkio teritorijų zona,ZU_F,"0,1;0,8***",0,Z;KT,275,100.0,,,0.0,0.0,0.0,0.0,0.0,0.0,0.0,0.0,0.0
555200120177,555200120177,0.0711,KlaipÓdos r. sav. LiaukÖ k. LvejÖ g. 48,610,712.72,Mažo užstatymo intensyvumo gyvenamoji zona,U_GG_M_F,"0,4*",0,KT,175,100.0,,,0.0,0.0,0.0,0.0,0.0,0.0,0.0,0.0,0.0
555200120184,555200120184,0.0585,KlaipÓdos r. sav. LiaukÖ k. LvejÖ g. 31,610,566.7,Mažo užstatymo intensyvumo gyvenamoji zona,U_GG_M_F,"0,4*",0,KT,175,100.0,,,0.0,0.0,0.0,0.0,0.0,0.0,0.0,0.0,0.0
555200120221,555200120221,0.0557,KlaipÓdos r. sav. LiaukÖ k. LibuokliÖ g. 40,610,550.76,Mažo užstatymo intensyvumo gyvenamoji zona,U_GG_M_F,"0,4*",0,KT,175,100.0,,,0.0,0.0,0.0,0.0,0.0,0.0,0.0,0.0,0.0
555200120224,555200120224,0.06,KlaipÓdos r. sav. LiaukÖ k. LibuokliÖ g. 39,610,599.27,Mažo užstatymo intensyvumo gyvenamoji zona,U_GG_M_F,"0,4*",0,KT,175,100.0,,,0.0,0.0,0.0,0.0,0.0,0.0,0.0,0.0,0.0
555200120279,555200120279,0.0573,KlaipÓdos r. sav. LiaukÖ k. ¾vyturio g. 4,610,584.04,Mažo užstatymo intensyvumo gyvenamoji zona,U_GG_M_F,"0,4*",0,KT,175,100.0,,,0.0,0.0,0.0,0.0,0.0,0.0,0.0,0.0,0.0
555200120418,555200120418,0.059,KlaipÓdos r. sav. LiaukÖ k. VyÕniÖ g. 6,610,565.42,Mažo užstatymo intensyvumo gyvenamoji zona,U_GG_M_F,"0,4*",0,KT,175,100.0,,,0.0,0.0,0.0,0.0,0.0,0.0,0.0,0.0,0.0
555200120510,555200120510,0.06,KlaipÓdos r. sav. LiaukÖ k. ¾alavijÖ g. 8,610,604.81,Mažo užstatymo intensyvumo gyvenamoji zona,U_GG_M_F,"0,4*",0,KT,175,100.0,,,0.0,0.0,0.0,0.0,0.0,0.0,0.0,0.0,0.0
555200120627,555200120627,0.0512,KlaipÓdos r. sav. LiaukÖ k. PaparNiÖ g. 22,610,536.32,Mažo užstatymo intensyvumo gyvenamoji zona,U_GG_M_F,"0,4*",0,KT,175,100.0,,,0.0,0.0,0.0,0.0,0.0,0.0,0.0,0.0,0.0
555200120811,555200120811,0.0798,KlaipÓdos r. sav. LiaukÖ k. PakisupÓs g. 6,610,820.06,Mažo užstatymo intensyvumo gyvenamoji zona,U_GG_M_F,"0,4*",0,KT,175,100.0,,,0.0,0.0,0.0,0.0,0.0,0.0,0.0,0.0,0.0
555200121065,555200121065,0.0842,KlaipÓdos r. sav. LiaukÖ k. VeUÓjÖ g. 23,610,842.23,Mažo užstatymo intensyvumo gyvenamoji zona,U_GG_M_F,"0,4*",0,KT,175,100.0,,,0.0,0.0,0.0,0.0,0.0,0.0,0.0,0.0,0.0
555200121142,555200121142,0.0588,KlaipÓdos r. sav. LiaukÖ k. Paupio g. 13,610,600.31,Mažo užstatymo intensyvumo gyvenamoji zona,U_GG_M_F,"0,4*",0,KT,175,100.0,,,0.0,0.0,0.0,0.0,0.0,0.0,0.0,0.0,0.0
555200121178,555200121178,0.063,KlaipÓdos r. sav. LiaukÖ k. Rudens g. 1,610,639.03,Mažo užstatymo intensyvumo gyvenamoji zona,U_GG_M_F,"0,4*",0,KT,175,100.0,,,0.0,0.0,0.0,0.0,0.0,0.0,0.0,0.0,0.0
555200121179,555200121179,0.0595,KlaipÓdos r. sav. LiaukÖ k. Rudens g. 3,610,594.58,Mažo užstatymo intensyvumo gyvenamoji zona,U_GG_M_F,"0,4*",0,KT,175,100.0,,,0.0,0.0,0.0,0.0,0.0,0.0,0.0,0.0,0.0
555200130024,555200130024,0.045,KlaipÓdos r. sav. LiaukÖ k. PurienÖ tak. 11,610,448.96,Mažo užstatymo intensyvumo gyvenamoji zona,U_GG_M_F,"0,4*",0,KT,175,100.0,,,0.0,0.0,0.0,0.0,0.0,0.0,0.0,0.0,0.0
555200130154,555200130154,0.06,KlaipÓdos r. sav. LiaukÖ k. PuÕÖ tak. 11,610,616.4,Mažo užstatymo intensyvumo gyvenamoji zona,U_GG_M_F,"0,4*",0,KT,175,100.0,,,0.0,0.0,0.0,0.0,0.0,0.0,0.0,0.0,0.0
555200130322,555200130322,0.0603,KlaipÓdos r. sav. LiaukÖ k. SerenNiÖ tak. 15,610,602.51,Mažo užstatymo intensyvumo gyvenamoji zona,U_GG_M_F,"0,4*",0,KT,175,100.0,,,0.0,0.0,0.0,0.0,0.0,0.0,0.0,0.0,0.0
555200130368,555200130368,0.0591,KlaipÓdos r. sav. LiaukÖ k. R×tÖ tak. 23,610,591.17,Mažo užstatymo intensyvumo gyvenamoji zona,U_GG_M_F,"0,4*",0,KT,175,100.0,,,0.0,0.0,0.0,0.0,0.0,0.0,0.0,0.0,0.0
555200130522,555200130522,0.06,KlaipÓdos r. sav. LiaukÖ k. VynuogiÖ tak. 8,610,575.15,Mažo užstatymo intensyvumo gyvenamoji zona,U_GG_M_F,"0,4*",0,KT,175,100.0,,,0.0,0.0,0.0,0.0,0.0,0.0,0.0,0.0,0.0
555200130741,555200130741,0.0592,KlaipÓdos r. sav. LiaukÖ k. GandrÖ tak. 23,610,577.82,Mažo užstatymo intensyvumo gyvenamoji zona,U_GG_M_F,"0,4*",0,KT,175,100.0,,,0.0,0.0,0.0,0.0,0.0,0.0,0.0,0.0,0.0
555270010005,440017952033,1.7378,,995,17377.53,Pramonės ir sandėliavimo zona,U_PS_F,"2,5",0,KT,299,99.99,Mažo užstatymo intensyvumo gyvenamoji zona,U_GG_M_F,0.01,0.0,0.0,0.0,0.0,0.0,0.0,0.0,0.0
555300010049,555300010049,6.15,KlaipÓdos r. sav. ¾alpÓnÖ k.,710,64194.72,Miškų ir miškingų teritorijų zona,MI_F,0,0,M,558,99.66,Žemės ūkio teritorijų zona,ZU_F,0.34,0.0,0.0,0.0,0.0,0.0,0.0,0.0,0.0
555300010075,555300010075,0.47,KlaipÓdos r. sav. ¾alpÓnÖ k.,610,4744.7,Mažo užstatymo intensyvumo gyvenamoji zona,U_GG_M_F,"0,4*",0,KT,556,98.81,Miškų ir miškingų teritorijų zona,MI_F,1.19,0.0,0.0,0.0,0.0,53.09,0.0,0.0,0.0
555300010171,440008608160,3.65,KlaipÓdos r. sav. ¾alpÓnÖ k.,710,34437.32,Miškų ir miškingų teritorijų zona,MI_F,0,0,M;KT,533,100.0,,,0.0,0.0,0.0,0.0,0.0,0.0,0.0,0.0,0.0
555300010188,440010456272,6.14,KlaipÓdos r. sav. ¾alpÓnÖ k.,610,62588.72,Mažo užstatymo intensyvumo gyvenamoji zona,U_GG_M_F,"0,4*",0,KT,556,99.61,Miškų ir miškingų teritorijų zona,MI_F,0.39,0.0,0.0,0.0,0.0,0.0,0.0,0.0,0.0
555300010267,440028298155,6.78,KlaipÓdos r. sav. ¾alpÓnÖ k.,610,67800.21,Žemės ūkio teritorijų zona,ZU_F,"0,05;0,8***",0,Z;KT,536,100.0,,,0.0,0.0,0.0,0.0,0.0,0.0,0.0,0.0,0.0
555300010269,440028345900,1.4655,KlaipÓdos r. sav. ¾alpÓnÖ k.,610,14654.83,Žemės ūkio teritorijų zona,ZU_F,"0,05;0,8***",0,Z;KT,536,99.76,Miškų ir miškingų teritorijų zona,MI_F,0.24,0.0,0.0,0.0,0.0,0.0,0.0,0.0,0.0
555300020206,440050878670,1.1867,KlaipÓdos r. sav. KurmiÖ k.,610,11866.71,Žemės ūkio teritorijų zona,ZU_F,"0,05;0,8***",0,Z;KT,536,100.0,,,0.0,0.0,0.0,0.0,0.0,0.0,0.0,0.0,0.0
555300030064,555300030064,1.0,KlaipÓdos r. sav. PakalniÕkiÖ k.,710,11849.71,Miškų ir miškingų teritorijų zona,MI_F,0,0,M;KT,553,100.0,,,0.0,100.0,0.0,0.0,0.0,100.0,0.0,0.0,0.0
555300030290,440050447460,0.4729,KlaipÓdos r. sav. PakalniÕkiÖ k.,610,4728.96,Žemės ūkio teritorijų zona,ZU_F,"0,05;0,8***",0,Z;KT,554,100.0,,,0.0,100.0,0.0,0.0,0.0,100.0,0.0,0.0,0.0
555300040003,555300040003,2.9,KlaipÓdos r. sav. ¾ermukÕniÖ k.,610,8023.56,Žemės ūkio teritorijų zona,ZU_F,"0,05;0,8***",0,Z;KT,554,54.02,Miškų ir miškingų teritorijų zona,MI_F,45.98,233.93,0.0,0.0,0.0,221.75,0.0,0.0,0.0
555300040029,555300040029,4.24,KlaipÓdos r. sav. BareikÖ k.,610,41095.66,Žemės ūkio teritorijų zona,ZU_F,"0,05;0,8***",0,Z;KT,548,100.0,,,0.0,0.0,0.0,0.0,0.0,0.0,0.0,0.0,0.0
555300040052,555300040052,14.0,KlaipÓdos r. sav. Pakapio k. 1,610,60679.4,Miškų ir miškingų teritorijų zona,MI_F,0,0,M,555,78.44,Mažo užstatymo intensyvumo gyvenamoji zona,U_GG_M_F,21.56,245.53,0.0,0.0,0.0,222.01,0.0,0.0,0.0
555300040094,555300040094,1.47,KlaipÓdos r. sav. Pakapio k.,610,14582.64,Mažo užstatymo intensyvumo gyvenamoji zona,U_GG_M_F,"0,4*",0,KT,556,99.25,Žemės ūkio teritorijų zona,ZU_F,0.74,0.0,0.0,0.0,0.0,0.0,0.0,0.0,0.0
555300040098,555300040098,1.3227,KlaipÓdos r. sav. ¾alpÓnÖ k.,610,13226.85,Mažo užstatymo intensyvumo gyvenamoji zona,U_GG_M_F,"0,4*",0,KT,556,100.0,,,0.0,0.0,0.0,0.0,0.0,0.0,0.0,0.0,0.0
555300040212,440028856137,0.2679,KlaipÓdos r. sav. BareikÖ k.,610,2678.77,Žemės ūkio teritorijų zona,ZU_F,"0,05;0,8***",0,Z;KT,548,100.0,,,0.0,0.0,0.0,0.0,0.0,0.0,0.0,0.0,0.0
555500010040,555500010040,9.91,KlaipÓdos r. sav. GelUiniÖ k.,610,97602.84,Žemės ūkio teritorijų zona,ZU_F,"0,05;0,8***",0,Z;KT,129,100.0,,,0.0,0.0,0.0,0.0,0.0,0.0,0.0,0.0,0.0
555500010044,555500010044,6.2,KlaipÓdos r. sav. PiktoUiÖ k.,610,64912.58,Žemės ūkio teritorijų zona,ZU_F,"0,05;0,8***",0,Z;KT,131,100.0,,,0.0,0.0,0.0,0.0,0.0,0.0,0.0,0.0,0.0
555500010312,440016170084,0.9238,KlaipÓdos r. sav. GelUiniÖ k.,995,9237.96,Vandenų zona,H_F,0,0,H;KT,132,56.25,Žemės ūkio teritorijų zona,ZU_F,43.75,0.0,0.0,0.0,0.0,0.0,0.0,0.0,0.0
555500020281,440045736874,0.2493,KlaipÓdos r. sav. MedsÓdUiÖ k. StirbiÖ g. 14,995,2493.27,Mažo užstatymo intensyvumo gyvenamoji zona,U_GG_M_F,"0,4*",0,KT,104,100.0,,,0.0,0.0,0.0,0.0,0.0,0.0,0.0,0.0,0.0
555500020309,440052017299,5.4318,KlaipÓdos r. sav. MedsÓdUiÖ k.,610,54317.93,Žemės ūkio teritorijų zona,ZU_F,"0,05;0,8***",0,Z;KT,106,99.95,Miškų ir miškingų teritorijų zona,MI_F,0.05,0.0,0.0,0.0,0.0,0.0,0.0,0.0,0.0
555500020318,440051957970,2.1603,KlaipÓdos r. sav. MedsÓdUiÖ k.,610,21606.77,Žemės ūkio teritorijų zona,ZU_F,"0,05;0,8***",0,Z;KT,106,100.0,,,0.0,0.0,0.0,0.0,0.0,0.0,0.0,0.0,0.0
555500020338,440052071917,4.1981,KlaipÓdos r. sav. MedsÓdUiÖ k.,610,41981.22,Mažo užstatymo intensyvumo gyvenamoji zona,U_GG_M_F,"0,4*",0,KT,104,87.31,Žemės ūkio teritorijų zona,ZU_F,12.63,0.0,0.0,0.0,0.0,0.0,0.0,0.0,0.0
555500030069,555500030069,2.02,KlaipÓdos r. sav. MedsÓdUiÖ k.,610,20200.41,Žemės ūkio teritorijų zona,ZU_F,"0,05;0,8***",0,Z;KT,586,100.0,,,0.0,0.0,0.0,0.0,0.0,0.0,0.0,0.0,0.0
555500030100,440001066200,7.25,KlaipÓdos r. sav. ¾i×pariÖ k.,710,71353.29,Miškų ir miškingų teritorijų zona,MI_F,0,0,M;KT,582,51.39,Miškų ir miškingų teritorijų zona,MI_F,38.24,0.0,0.0,0.0,0.0,0.0,0.0,0.0,0.0
555500030174,440015818386,0.43,KlaipÓdos r. sav. ¾i×pariÖ k.,610,5839.43,Žemės ūkio teritorijų zona,ZU_F,"0,05;0,8***",0,Z;KT,583,100.0,,,0.0,0.0,0.0,0.0,0.0,0.0,0.0,0.0,0.0
555500030181,440019605486,0.3712,KlaipÓdos r. sav. JurjonÖ k. JurjonÖ g. 1,995,3709.58,Žemės ūkio teritorijų zona,ZU_F,"0,05;0,8***",0,Z;KT,106,100.0,,,0.0,0.0,0.0,0.0,0.0,0.0,0.0,0.0,0.0
555500030228,440050811146,1.78,KlaipÓdos r. sav. MedsÓdUiÖ k.,610,17799.86,Žemės ūkio teritorijų zona,ZU_F,"0,05;0,8***",0,Z;KT,586,100.0,,,0.0,0.0,0.0,0.0,0.0,0.0,0.0,0.0,0.0
555500040053,440001401772,1.68,KlaipÓdos r. sav. ¾i×pariÖ k. MiÕko g. 20A,610,16799.89,Mažo užstatymo intensyvumo gyvenamoji zona,U_GG_M_F,"0,4*",0,KT,98,100.0,,,0.0,0.0,0.0,0.0,0.0,0.0,0.0,0.0,0.0
555500040092,555500040092,2.58,KlaipÓdos r. sav. ¾i×pariÖ k.,710,24354.74,Miškų ir miškingų teritorijų zona,MI_F,0,0,M;KT,582,96.46,Žemės ūkio teritorijų zona,ZU_F,3.54,0.0,0.0,0.0,0.0,0.0,0.0,0.0,0.0
555500040137,440029496884,1.3045,KlaipÓdos r. sav. ¾i×pariÖ k.,610,13049.43,Mažo užstatymo intensyvumo gyvenamoji zona,U_GG_M_F,"0,4*",0,KT,98,100.0,,,0.0,0.0,0.0,0.0,0.0,0.0,0.0,0.0,0.0
555500040451,440006398330,0.311,KlaipÓdos r. sav. ¾i×pariÖ k. LemaiNiÖ g. 6,995,3110.01,Mažo užstatymo intensyvumo gyvenamoji zona,U_GG_M_F,"0,4*",0,KT,98,100.0,,,0.0,0.0,0.0,0.0,0.0,0.0,0.0,0.0,0.0
555500040458,440007467712,0.27,KlaipÓdos r. sav. ¾i×pariÖ k.,610,2928.72,Mažo užstatymo intensyvumo gyvenamoji zona,U_GG_M_F,"0,4*",0,KT,98,100.0,,,0.0,0.0,0.0,0.0,0.0,0.0,0.0,0.0,0.0
555500040501,440015861378,0.06,KlaipÓdos r. sav. ¾i×pariÖ k.,610,595.0,Mažo užstatymo intensyvumo gyvenamoji zona,U_GG_M_F,"0,4*",0,KT,98,100.0,,,0.0,0.0,0.0,0.0,0.0,0.0,0.0,0.0,0.0
555500040528,440020644488,0.9448,KlaipÓdos r. sav. ¾i×pariÖ k. Agluonos g. 16,610,9448.18,Mažo užstatymo intensyvumo gyvenamoji zona,U_GG_M_F,"0,4*",0,KT,98,100.0,,,0.0,0.0,0.0,0.0,0.0,0.0,0.0,0.0,0.0
555500040536,440022235712,0.25,KlaipÓdos r. sav. ¾i×pariÖ k. Vingio g. 12,995,2476.36,Mažo užstatymo intensyvumo gyvenamoji zona,U_GG_M_F,"0,4*",0,KT,98,100.0,,,0.0,0.0,0.0,0.0,0.0,0.0,0.0,0.0,0.0
555500050080,555500050080,0.0592,KlaipÓdos r. sav. ¾i×pariÖ k. PamiÕkÓs g. 4,610,592.35,Mažo užstatymo intensyvumo gyvenamoji zona,U_GG_M_F,"0,4*",0,KT,584,87.63,Miškų ir miškingų teritorijų zona,MI_F,12.37,0.0,0.0,0.0,0.0,0.0,0.0,0.0,0.0
555500050180,555500050180,0.06,KlaipÓdos r. sav. ¾i×pariÖ k. VyturiÖ 3-oji g. 3,610,594.72,Mažo užstatymo intensyvumo gyvenamoji zona,U_GG_M_F,"0,4*",0,KT,584,100.0,,,0.0,0.0,0.0,0.0,0.0,0.0,0.0,0.0,0.0
555500050405,555500050405,0.06,KlaipÓdos r. sav. ¾i×pariÖ k. TvenkiniÖ g. 7,610,599.9,Mažo užstatymo intensyvumo gyvenamoji zona,U_GG_M_F,"0,4*",0,KT,584,100.0,,,0.0,0.0,0.0,0.0,0.0,0.0,0.0,0.0,0.0
555500050517,555500050517,0.06,KlaipÓdos r. sav. ¾i×pariÖ k. LaukÖ 8-oji g. 2,610,599.7,Mažo užstatymo intensyvumo gyvenamoji zona,U_GG_M_F,"0,4*",0,KT,584,100.0,,,0.0,0.0,0.0,0.0,0.0,0.0,0.0,0.0,0.0
555500050606,555500050606,0.0648,KlaipÓdos r. sav. ¾i×pariÖ k. Vilties 1-oji g. 2,610,648.06,Mažo užstatymo intensyvumo gyvenamoji zona,U_GG_M_F,"0,4*",0,KT,584,100.0,,,0.0,0.0,0.0,0.0,0.0,0.0,0.0,0.0,0.0
555500050645,555500050645,0.06,KlaipÓdos r. sav. ¾i×pariÖ k. Vilties g. 3,610,604.08,Mažo užstatymo intensyvumo gyvenamoji zona,U_GG_M_F,"0,4*",0,KT,584,100.0,,,0.0,0.0,0.0,0.0,0.0,0.0,0.0,0.0,0.0
555500050680,555500050680,0.06,KlaipÓdos r. sav. ¾i×pariÖ k. LakÕtuNiÖ 2-oji g. 7,610,610.73,Mažo užstatymo intensyvumo gyvenamoji zona,U_GG_M_F,"0,4*",0,KT,584,100.0,,,0.0,0.0,0.0,0.0,0.0,0.0,0.0,0.0,0.0
555500050719,555500050719,0.06,KlaipÓdos r. sav. ¾i×pariÖ k. Tverupio g. 10,610,621.12,Mažo užstatymo intensyvumo gyvenamoji zona,U_GG_M_F,"0,4*",0,KT,584,100.0,,,0.0,0.0,0.0,0.0,0.0,0.0,0.0,0.0,0.0
555500050790,555500050790,0.06,KlaipÓdos r. sav. ¾i×pariÖ k. SlÓnio 4-oji g. 7,610,602.32,Mažo užstatymo intensyvumo gyvenamoji zona,U_GG_M_F,"0,4*",0,KT,584,100.0,,,0.0,0.0,0.0,0.0,0.0,0.0,0.0,0.0,0.0
555500050854,440017206694,0.0643,KlaipÓdos r. sav. ¾i×pariÖ k. KarklÓs g. 38,610,642.92,Mažo užstatymo intensyvumo gyvenamoji zona,U_GG_M_F,"0,4*",0,KT,584,100.0,,,0.0,0.0,0.0,0.0,0.0,0.0,0.0,0.0,0.0
555800010031,555800010031,0.0667,KlaipÓdos r. sav. KalnuvÓnÖ k. GeguNiÖ g. 11,610,605.8,Ekstensyvaus užstatymo gyvenamoji zona,U_GG_E_F,"0,2*",0,KT,341,100.0,,,0.0,0.0,0.0,0.0,0.0,0.0,0.0,0.0,0.0
555800010149,555800010149,0.75,KlaipÓdos r. sav. GlaudÓnÖ k.,610,7684.8,Pramonės ir sandėliavimo zona,U_PS_F,"2,5",0,KT,360,100.0,,,0.0,0.0,0.0,0.0,0.0,0.0,0.0,0.0,0.0
555800010248,440008170258,0.119,KlaipÓdos r. sav. GlaudÓnÖ k.,610,1173.99,Pramonės ir sandėliavimo zona,U_PS_F,"2,5",0,KT,360,100.0,,,0.0,0.0,0.0,0.0,0.0,0.0,0.0,0.0,0.0
555800020022,555800020022,1.12,KlaipÓdos r. sav. RadailiÖ k.,610,11200.28,Ekstensyvaus užstatymo gyvenamoji zona,U_GG_E_F,"0,2*",0,KT,379,100.0,,,0.0,0.0,0.0,0.0,0.0,0.0,0.0,0.0,0.0
555800020637,440014744624,0.1,KlaipÓdos r. sav. RadailiÖ k. LiepgiriÖ g. 13,995,999.55,Ekstensyvaus užstatymo gyvenamoji zona,U_GG_E_F,"0,2*",0,KT,379,100.0,,,0.0,0.0,0.0,0.0,0.0,0.0,0.0,0.0,0.0
555800020655,440014753289,0.12,KlaipÓdos r. sav. RadailiÖ k. LiepgiriÖ g. 59,995,1200.17,Ekstensyvaus užstatymo gyvenamoji zona,U_GG_E_F,"0,2*",0,KT,379,100.0,,,0.0,0.0,0.0,0.0,0.0,0.0,0.0,0.0,0.0
555800020705,440015022996,0.1558,KlaipÓdos r. sav. RadailiÖ k. LaukUemiÖ g. 47,995,1558.0,Ekstensyvaus užstatymo gyvenamoji zona,U_GG_E_F,"0,2*",0,KT,388,100.0,,,0.0,0.0,0.0,0.0,0.0,0.0,0.0,0.0,0.0
555800021041,440017506148,0.053,KlaipÓdos r. sav. RadailiÖ k.,995,530.03,Ekstensyvaus užstatymo gyvenamoji zona,U_GG_E_F,"0,2*",0,KT,379,100.0,,,0.0,0.0,0.0,0.0,0.0,0.0,0.0,0.0,0.0
555800021303,440030411966,0.1051,KlaipÓdos r. sav. GvildUiÖ k. Leminio g. 18,995,1051.14,Ekstensyvaus užstatymo gyvenamoji zona,U_GG_E_F,"0,2*",0,KT,379,100.0,,,0.0,0.0,0.0,0.0,0.0,0.0,0.0,0.0,0.0
555800021462,440044338005,0.0909,KlaipÓdos r. sav. RadailiÖ k. SaulÓs al. 4,995,909.41,Ekstensyvaus užstatymo gyvenamoji zona,U_GG_E_F,"0,2*",0,KT,388,100.0,,,0.0,0.0,0.0,0.0,0.0,0.0,0.0,0.0,0.0
555800021470,440044352625,0.0862,KlaipÓdos r. sav. RadailiÖ k. SaulÓs al. 20,995,861.54,Ekstensyvaus užstatymo gyvenamoji zona,U_GG_E_F,"0,2*",0,KT,388,100.0,,,0.0,0.0,0.0,0.0,0.0,0.0,0.0,0.0,0.0
555800030028,555800030028,1.011,KlaipÓdos r. sav. AukÕtkiemiÖ k.,610,10109.94,Mažo užstatymo intensyvumo gyvenamoji zona,U_GG_M_F,"0,4*",0,KT,380,100.0,,,0.0,0.0,0.0,0.0,0.0,0.0,0.0,0.0,0.0
555800030227,440005237776,0.1656,KlaipÓdos r. sav. GvildUiÖ k.,610,1656.61,Mažo užstatymo intensyvumo gyvenamoji zona,U_GG_M_F,"0,4*",0,KT,380,100.0,,,0.0,0.0,0.0,0.0,0.0,0.0,0.0,0.0,0.0
555800030243,440006120732,0.2534,KlaipÓdos r. sav. Maz×riÕkiÖ k. NaudvariÕkiÖ g. 24,995,2533.59,Mažo užstatymo intensyvumo gyvenamoji zona,U_GG_M_F,"0,4*",0,KT,380,99.42,Vandenų zona,H_F,0.58,0.0,0.0,0.0,0.0,0.0,0.0,0.0,0.0
555800030361,440011257119,0.73,KlaipÓdos r. sav. AukÕtkiemiÖ k.,610,8193.88,Mažo užstatymo intensyvumo gyvenamoji zona,U_GG_M_F,"0,4*",0,KT,380,100.0,,,0.0,0.0,0.0,0.0,0.0,0.0,0.0,0.0,0.0
555800030383,440011876820,0.1228,KlaipÓdos r. sav. Maz×riÕkiÖ k. StonÓs g. 62,995,1228.46,Mažo užstatymo intensyvumo gyvenamoji zona,U_GG_M_F,"0,4*",0,KT,380,100.0,,,0.0,0.0,0.0,0.0,0.0,0.0,0.0,0.0,0.0
555800030496,440015870747,0.1025,KlaipÓdos r. sav. GvildUiÖ k.,995,1025.01,Mažo užstatymo intensyvumo gyvenamoji zona,U_GG_M_F,"0,4*",0,KT,380,100.0,,,0.0,0.0,0.0,0.0,0.0,0.0,0.0,0.0,0.0
555800030593,440021427290,0.097,KlaipÓdos r. sav. AukÕtkiemiÖ k. Lenktoji g. 38,995,970.15,Mažo užstatymo intensyvumo gyvenamoji zona,U_GG_M_F,"0,4*",0,KT,380,100.0,,,0.0,0.0,0.0,0.0,0.0,0.0,0.0,0.0,0.0
555800030647,440022885272,0.1086,KlaipÓdos r. sav. AukÕtkiemiÖ k. KaÕtonÖ al. 36,995,1085.77,Mažo užstatymo intensyvumo gyvenamoji zona,U_GG_M_F,"0,4*",0,KT,380,100.0,,,0.0,0.0,0.0,0.0,0.0,0.0,0.0,0.0,0.0
555800030726,440038847097,0.0935,KlaipÓdos r. sav. AukÕtkiemiÖ k. Kampo g. 13,995,935.41,Mažo užstatymo intensyvumo gyvenamoji zona,U_GG_M_F,"0,4*",0,KT,380,100.0,,,0.0,0.0,0.0,0.0,0.0,0.0,0.0,0.0,0.0
555800040136,555800040136,2.73,KlaipÓdos r. sav. TruÕeliÖ k.,610,27572.9,Ekstensyvaus užstatymo gyvenamoji zona,U_GG_E_F,"0,2*",0,KT,379,92.25,Mažo užstatymo intensyvumo gyvenamoji zona,U_GG_M_F,7.75,0.0,0.0,0.0,0.0,0.0,0.0,0.0,0.0
555800040224,440005322412,1.1,KlaipÓdos r. sav. RadailiÖ k. Santakos g. 7,610,11000.46,Žemės ūkio teritorijų zona,ZU_F,"0,05;0,8***",0,Z;KT,386,71.3,Miškų ir miškingų teritorijų zona,MI_F,28.7,0.0,0.0,0.0,0.0,0.0,0.0,0.0,0.0
555800040331,440009766345,0.1185,KlaipÓdos r. sav. BaukÕtininkÖ k. Pavasario g. 20,995,1184.94,Mažo užstatymo intensyvumo gyvenamoji zona,U_GG_M_F,"0,4*",0,KT,380,100.0,,,0.0,0.0,0.0,0.0,0.0,0.0,0.0,0.0,0.0
555800040426,440010141449,3.8449,KlaipÓdos r. sav. RadailiÖ k.,610,38449.13,Mažo užstatymo intensyvumo gyvenamoji zona,U_GG_M_F,"0,4*",0,KT,380,90.91,Miškų ir miškingų teritorijų zona,MI_F,9.09,0.0,0.0,0.0,0.0,0.0,0.0,0.0,0.0
555800040568,440012046329,1.4,KlaipÓdos r. sav. RadailiÖ k.,610,14000.34,Ekstensyvaus užstatymo gyvenamoji zona,U_GG_E_F,"0,2*",0,KT,388,100.0,,,0.0,0.0,0.0,0.0,0.0,0.0,0.0,0.0,0.0
555800040597,440012056890,0.0769,KlaipÓdos r. sav. TruÕeliÖ k.,995,769.23,Ekstensyvaus užstatymo gyvenamoji zona,U_GG_E_F,"0,2*",0,KT,379,100.0,,,0.0,0.0,0.0,0.0,0.0,0.0,0.0,0.0,0.0
555800040611,440014522946,0.0513,KlaipÓdos r. sav. RadailiÖ k.,995,512.93,Ekstensyvaus užstatymo gyvenamoji zona,U_GG_E_F,"0,2*",0,KT,388,100.0,,,0.0,0.0,0.0,0.0,0.0,0.0,0.0,0.0,0.0
555800040627,440014825846,0.1,KlaipÓdos r. sav. RadailiÖ k.,995,999.37,Ekstensyvaus užstatymo gyvenamoji zona,U_GG_E_F,"0,2*",0,KT,379,100.0,,,0.0,0.0,0.0,0.0,0.0,0.0,0.0,0.0,0.0
555800040697,440015912376,0.085,KlaipÓdos r. sav. BaukÕtininkÖ k. Patrimpo g. 14,995,849.98,Ekstensyvaus užstatymo gyvenamoji zona,U_GG_E_F,"0,2*",0,KT,404,100.0,,,0.0,0.0,0.0,0.0,0.0,0.0,0.0,0.0,0.0
555800040722,440018181212,0.1001,KlaipÓdos r. sav. BaukÕtininkÖ k. Rudens g. 7,995,1001.08,Mažo užstatymo intensyvumo gyvenamoji zona,U_GG_M_F,"0,4*",0,KT,380,100.0,,,0.0,0.0,0.0,0.0,0.0,0.0,0.0,0.0,0.0
555800040727,440018180215,0.1389,KlaipÓdos r. sav. BaukÕtininkÖ k. Rudens g. 36,995,1389.39,Mažo užstatymo intensyvumo gyvenamoji zona,U_GG_M_F,"0,4*",0,KT,380,100.0,,,0.0,0.0,0.0,0.0,0.0,0.0,0.0,0.0,0.0
555800040772,440018493877,0.2519,KlaipÓdos r. sav. BaukÕtininkÖ k. Liemos g. 34,995,2518.87,Mažo užstatymo intensyvumo gyvenamoji zona,U_GG_M_F,"0,4*",0,KT,380,100.0,,,0.0,0.0,0.0,0.0,0.0,0.0,0.0,0.0,0.0
555800040829,440022044582,0.135,KlaipÓdos r. sav. RadailiÖ k. ¾imkÖ g. 85,995,1349.82,Ekstensyvaus užstatymo gyvenamoji zona,U_GG_E_F,"0,2*",0,KT,388,100.0,,,0.0,0.0,0.0,0.0,0.0,0.0,0.0,0.0,0.0
555800040891,440028818035,5.2453,KlaipÓdos r. sav. BaukÕtininkÖ k.,610,52453.01,Ekstensyvaus užstatymo gyvenamoji zona,U_GG_E_F,"0,2*",0,KT,404,93.81,Mažo užstatymo intensyvumo gyvenamoji zona,U_GG_M_F,6.19,0.0,0.0,0.0,0.0,0.0,0.0,0.0,0.0
555800040947,440039360839,0.1877,KlaipÓdos r. sav. RadailiÖ k. PuÕyno g. 35,995,1877.41,Ekstensyvaus užstatymo gyvenamoji zona,U_GG_E_F,"0,2*",0,KT,388,100.0,,,0.0,0.0,0.0,0.0,0.0,0.0,0.0,0.0,0.0
555800040984,440040849810,0.4282,KlaipÓdos r. sav. TruÕeliÖ k. NybudUiÖ g. 2,995,4281.83,Mažo užstatymo intensyvumo gyvenamoji zona,U_GG_M_F,"0,4*",0,KT,380,74.59,Miškų ir miškingų teritorijų zona,MI_F,25.41,0.0,0.0,0.0,0.0,0.0,0.0,0.0,0.0
555800040993,440042682900,0.0144,KlaipÓdos r. sav. TruÕeliÖ k.,995,144.04,Ekstensyvaus užstatymo gyvenamoji zona,U_GG_E_F,"0,2*",0,KT,379,100.0,,,0.0,0.0,0.0,0.0,0.0,0.0,0.0,0.0,0.0
555800050025,555800050025,3.0,KlaipÓdos r. sav. SlengiÖ k.,610,28884.05,Vidutinio užstatymo intensyvumo gyvenamoji zona,U_GG_V_F,"0,8*",0,KT,381,100.0,,,0.0,0.0,0.0,0.0,0.0,0.0,0.0,0.0,0.0
555800050175,440000503224,0.1018,KlaipÓdos r. sav. TruÕeliÖ k.,610,1018.02,Vidutinio užstatymo intensyvumo gyvenamoji zona,U_GG_V_F,"0,8*",0,KT,381,100.0,,,0.0,0.0,0.0,0.0,0.0,0.0,0.0,0.0,0.0
555800050314,440003370132,0.12,KlaipÓdos r. sav. TruÕeliÖ k. VÓluvos g. 17,995,1200.16,Mažo užstatymo intensyvumo gyvenamoji zona,U_GG_M_F,"0,4*",0,KT,380,100.0,,,0.0,0.0,0.0,0.0,0.0,0.0,0.0,0.0,0.0
555800050382,440004130950,0.15,KlaipÓdos r. sav. TruÕeliÖ k. Labguvos g. 4,995,1499.79,Mažo užstatymo intensyvumo gyvenamoji zona,U_GG_M_F,"0,4*",0,KT,380,100.0,,,0.0,0.0,0.0,0.0,0.0,0.0,0.0,0.0,0.0
555800050462,440005081683,0.1949,KlaipÓdos r. sav. TruÕeliÖ k. SmeltaitÓs g. 132,995,1948.7,Mažo užstatymo intensyvumo gyvenamoji zona,U_GG_M_F,"0,4*",0,KT,380,100.0,,,0.0,0.0,0.0,0.0,0.0,0.0,0.0,0.0,0.0
555800050576,440005419336,0.1523,KlaipÓdos r. sav. SlengiÖ k. Spindulio g. 6,995,1523.41,Vidutinio užstatymo intensyvumo gyvenamoji zona,U_GG_V_F,"0,8*",0,KT,381,100.0,,,0.0,0.0,0.0,0.0,0.0,0.0,0.0,0.0,0.0
555800050582,440005420688,0.099,KlaipÓdos r. sav. SlengiÖ k. VakarÓs g. 5,995,989.96,Vidutinio užstatymo intensyvumo gyvenamoji zona,U_GG_V_F,"0,8*",0,KT,381,100.0,,,0.0,0.0,0.0,0.0,0.0,0.0,0.0,0.0,0.0
555800050624,440005435150,0.0936,KlaipÓdos r. sav. SlengiÖ k. PietryNiÖ g. 6,995,936.0,Vidutinio užstatymo intensyvumo gyvenamoji zona,U_GG_V_F,"0,8*",0,KT,381,100.0,,,0.0,0.0,0.0,0.0,0.0,0.0,0.0,0.0,0.0
555800050726,440010543069,0.1219,KlaipÓdos r. sav. TruÕeliÖ k. GryneidÓs g. 11,995,1219.11,Mažo užstatymo intensyvumo gyvenamoji zona,U_GG_M_F,"0,4*",0,KT,380,100.0,,,0.0,0.0,0.0,0.0,0.0,0.0,0.0,0.0,0.0
555800050834,440010577703,0.2596,KlaipÓdos r. sav. TruÕeliÖ k.,995,2595.47,Vidutinio užstatymo intensyvumo gyvenamoji zona,U_GG_V_F,"0,8*",0,KT,381,100.0,,,0.0,0.0,0.0,0.0,0.0,0.0,0.0,0.0,0.0
555800050959,440011568642,0.1371,KlaipÓdos r. sav. TruÕeliÖ k. KaÕtonÖ g. 10,995,1370.82,Vidutinio užstatymo intensyvumo gyvenamoji zona,U_GG_V_F,"0,8*",0,KT,381,100.0,,,0.0,0.0,0.0,0.0,0.0,0.0,0.0,0.0,0.0
555800051022,440012072394,0.045,KlaipÓdos r. sav. TruÕeliÖ k. SmeltaitÓs g. 64,995,449.93,Vidutinio užstatymo intensyvumo gyvenamoji zona,U_GG_V_F,"0,8*",0,KT,381,100.0,,,0.0,0.0,0.0,0.0,0.0,0.0,0.0,0.0,0.0
555800051083,440012141005,0.045,KlaipÓdos r. sav. TruÕeliÖ k. SmeltaitÓs g. 114,995,449.94,Vidutinio užstatymo intensyvumo gyvenamoji zona,U_GG_V_F,"0,8*",0,KT,381,100.0,,,0.0,0.0,0.0,0.0,0.0,0.0,0.0,0.0,0.0
555800051507,440017898318,1.2062,KlaipÓdos r. sav. TruÕeliÖ k.,995,2617.84,Vidutinio užstatymo intensyvumo gyvenamoji zona,U_GG_V_F,"0,8*",0,KT,381,100.0,,,0.0,0.0,0.0,0.0,0.0,0.0,0.0,0.0,0.0
555800051670,440018040167,0.0582,KlaipÓdos r. sav. SlengiÖ k.,995,582.19,Vidutinio užstatymo intensyvumo gyvenamoji zona,U_GG_V_F,"0,8*",0,KT,381,100.0,,,0.0,0.0,0.0,0.0,0.0,0.0,0.0,0.0,0.0
555800051753,440020115920,0.118,KlaipÓdos r. sav. TruÕeliÖ k. LaigyNiÖ g. 26,995,1179.65,Mažo užstatymo intensyvumo gyvenamoji zona,U_GG_M_F,"0,4*",0,KT,380,100.0,,,0.0,0.0,0.0,0.0,0.0,0.0,0.0,0.0,0.0
555800051771,440020653065,0.1086,KlaipÓdos r. sav. TruÕeliÖ k. TilUÓs g. 3,995,1086.09,Vidutinio užstatymo intensyvumo gyvenamoji zona,U_GG_V_F,"0,8*",0,KT,381,100.0,,,0.0,0.0,0.0,0.0,0.0,0.0,0.0,0.0,0.0
555800051849,440021722169,0.1159,KlaipÓdos r. sav. TruÕeliÖ k. GaldÓs g. 8,995,1158.89,Mažo užstatymo intensyvumo gyvenamoji zona,U_GG_M_F,"0,4*",0,KT,380,100.0,,,0.0,0.0,0.0,0.0,0.0,0.0,0.0,0.0,0.0
555800051913,440022625005,0.0758,KlaipÓdos r. sav. TruÕeliÖ k. PakalviÖ g. 22,995,758.3,Vidutinio užstatymo intensyvumo gyvenamoji zona,U_GG_V_F,"0,8*",0,KT,381,100.0,,,0.0,0.0,0.0,0.0,0.0,0.0,0.0,0.0,0.0
555800051931,440022635489,0.0756,KlaipÓdos r. sav. TruÕeliÖ k. PakalviÖ g. 8,995,756.19,Vidutinio užstatymo intensyvumo gyvenamoji zona,U_GG_V_F,"0,8*",0,KT,381,100.0,,,0.0,0.0,0.0,0.0,0.0,0.0,0.0,0.0,0.0
555800052008,440026189517,0.06,KlaipÓdos r. sav. TruÕeliÖ k. AlksnupÓs g. 12A,995,600.16,Vidutinio užstatymo intensyvumo gyvenamoji zona,U_GG_V_F,"0,8*",0,KT,381,100.0,,,0.0,0.0,0.0,0.0,0.0,0.0,0.0,0.0,0.0
555800052079,440028227230,0.0859,KlaipÓdos r. sav. TruÕeliÖ k. SodÓnÖ g. 27,995,859.28,Mažo užstatymo intensyvumo gyvenamoji zona,U_GG_M_F,"0,4*",0,KT,380,100.0,,,0.0,0.0,0.0,0.0,0.0,0.0,0.0,0.0,0.0
555800052087,440028513408,0.014,KlaipÓdos r. sav. SlengiÖ k.,995,140.02,Vidutinio užstatymo intensyvumo gyvenamoji zona,U_GG_V_F,"0,8*",0,KT,381,100.0,,,0.0,0.0,0.0,0.0,0.0,0.0,0.0,0.0,0.0
555800052159,440029069856,0.0825,KlaipÓdos r. sav. TruÕeliÖ k. SodÓnÖ g. 30,995,825.25,Mažo užstatymo intensyvumo gyvenamoji zona,U_GG_M_F,"0,4*",0,KT,380,100.0,,,0.0,0.0,0.0,0.0,0.0,0.0,0.0,0.0,0.0
555800052161,440029069990,0.0825,KlaipÓdos r. sav. TruÕeliÖ k. SodÓnÖ g. 44,995,825.04,Mažo užstatymo intensyvumo gyvenamoji zona,U_GG_M_F,"0,4*",0,KT,380,100.0,,,0.0,0.0,0.0,0.0,0.0,0.0,0.0,0.0,0.0
555800052257,440031863320,0.0816,KlaipÓdos r. sav. TruÕeliÖ k. ½sros g. 18,995,815.81,Vidutinio užstatymo intensyvumo gyvenamoji zona,U_GG_V_F,"0,8*",0,KT,381,100.0,,,0.0,0.0,0.0,0.0,0.0,0.0,0.0,0.0,0.0
555800052342,440038508424,0.0356,KlaipÓdos r. sav. TruÕeliÖ k.,995,355.58,Mažo užstatymo intensyvumo gyvenamoji zona,U_GG_M_F,"0,4*",0,KT,380,100.0,,,0.0,0.0,0.0,0.0,0.0,0.0,0.0,0.0,0.0
555800052456,440045822384,0.0541,KlaipÓdos r. sav. SlengiÖ k. VÓsos g. 27,995,541.0,Vidutinio užstatymo intensyvumo gyvenamoji zona,U_GG_V_F,"0,8*",0,KT,381,100.0,,,0.0,0.0,0.0,0.0,0.0,0.0,0.0,0.0,0.0
555800052559,440050189712,0.1,KlaipÓdos r. sav. TruÕeliÖ k. RasytÓs g. 17B,995,1000.12,Vidutinio užstatymo intensyvumo gyvenamoji zona,U_GG_V_F,"0,8*",0,KT,381,100.0,,,0.0,0.0,0.0,0.0,0.0,0.0,0.0,0.0,0.0
555800060057,555800060057,0.25,KlaipÓdos r. sav. Maz×riÕkiÖ k. Ringos g. 2,995,2501.19,Vidutinio užstatymo intensyvumo gyvenamoji zona,U_GG_V_F,"0,8*",0,KT,381,100.0,,,0.0,0.0,0.0,0.0,0.0,0.0,0.0,0.0,0.0
555800060100,555800060100,0.2528,KlaipÓdos r. sav. Maz×riÕkiÖ k.,995,2529.31,Vidutinio užstatymo intensyvumo gyvenamoji zona,U_GG_V_F,"0,8*",0,KT,381,100.0,,,0.0,0.0,0.0,0.0,0.0,0.0,0.0,0.0,0.0
555800060509,440041526987,0.04,KlaipÓdos r. sav. TruÕeliÖ k. Vili×nÖ g. 39,995,400.42,Vidutinio užstatymo intensyvumo gyvenamoji zona,U_GG_V_F,"0,8*",0,KT,381,100.0,,,0.0,0.0,0.0,0.0,0.0,0.0,0.0,0.0,0.0
555800060533,440043129310,0.04,KlaipÓdos r. sav. TruÕeliÖ k. LapynÖ g. 8,995,400.34,Vidutinio užstatymo intensyvumo gyvenamoji zona,U_GG_V_F,"0,8*",0,KT,381,100.0,,,0.0,0.0,0.0,0.0,0.0,0.0,0.0,0.0,0.0
555800060552,440047152729,0.125,KlaipÓdos r. sav. Maz×riÕkiÖ k. JuodUemiÖ g. 43,995,1250.42,Vidutinio užstatymo intensyvumo gyvenamoji zona,U_GG_V_F,"0,8*",0,KT,381,100.0,,,0.0,0.0,0.0,0.0,0.0,0.0,0.0,0.0,0.0
555800060586,440052197876,0.1034,KlaipÓdos r. sav. TruÕeliÖ k. AistmariÖ g. 13,995,1034.38,Vidutinio užstatymo intensyvumo gyvenamoji zona,U_GG_V_F,"0,8*",0,KT,381,100.0,,,0.0,0.0,0.0,0.0,0.0,0.0,0.0,0.0,0.0
555800060589,440053141232,0.25,KlaipÓdos r. sav. Maz×riÕkiÖ k. GirÕ×nÖ g. 21,995,2500.3,Vidutinio užstatymo intensyvumo gyvenamoji zona,U_GG_V_F,"0,8*",0,KT,381,100.0,,,0.0,0.0,0.0,0.0,0.0,0.0,0.0,0.0,0.0
555800070103,555800070103,0.388,KlaipÓdos r. sav. SlengiÖ k.,610,3879.95,Pramonės ir sandėliavimo zona,U_PS_F,"2,5",0,KT,365,100.0,,,0.0,0.0,0.0,0.0,0.0,0.0,0.0,0.0,0.0
555800070260,440002981448,0.1671,KlaipÓdos r. sav. SlengiÖ k. Lietaus g. 9,995,1670.92,Vidutinio užstatymo intensyvumo gyvenamoji zona,U_GG_V_F,"0,8*",0,KT,381,100.0,,,0.0,0.0,0.0,0.0,0.0,0.0,0.0,0.0,0.0
555800070351,440005314243,0.103,KlaipÓdos r. sav. KlipÕNiÖ k.,610,1029.83,Vidutinio užstatymo intensyvumo gyvenamoji zona,U_GG_V_F,"0,8*",0,KT,381,100.0,,,0.0,0.0,0.0,0.0,0.0,0.0,0.0,0.0,0.0
555800070730,440012359169,0.0418,KlaipÓdos r. sav. SlengiÖ k. KlipÕNiÖ g. 28,995,417.31,Vidutinio užstatymo intensyvumo gyvenamoji zona,U_GG_V_F,"0,8*",0,KT,381,100.0,,,0.0,0.0,0.0,0.0,0.0,0.0,0.0,0.0,0.0
555800070806,440012513947,0.0602,KlaipÓdos r. sav. AukÕtkiemiÖ k. Auros g. 54,995,601.15,Vidutinio užstatymo intensyvumo gyvenamoji zona,U_GG_V_F,"0,8*",0,KT,381,100.0,,,0.0,0.0,0.0,0.0,0.0,0.0,0.0,0.0,0.0
555800070836,440014447462,0.1121,KlaipÓdos r. sav. AukÕtkiemiÖ k. Auros g. 23,995,1121.08,Vidutinio užstatymo intensyvumo gyvenamoji zona,U_GG_V_F,"0,8*",0,KT,381,100.0,,,0.0,0.0,0.0,0.0,0.0,0.0,0.0,0.0,0.0
555800070911,440016581092,0.0183,KlaipÓdos r. sav. KlipÕNiÖ k.,995,183.29,Vidutinio užstatymo intensyvumo gyvenamoji zona,U_GG_V_F,"0,8*",0,KT,381,100.0,,,0.0,0.0,0.0,0.0,0.0,0.0,0.0,0.0,0.0
555800071058,440021059327,0.0891,KlaipÓdos r. sav. SlengiÖ k. Tylioji g. 13,995,890.86,Vidutinio užstatymo intensyvumo gyvenamoji zona,U_GG_V_F,"0,8*",0,KT,381,100.0,,,0.0,0.0,0.0,0.0,0.0,0.0,0.0,0.0,0.0
555800071127,440021869874,0.0716,KlaipÓdos r. sav. SlengiÖ k. Aulaukio g. 28,995,715.44,Pramonės ir sandėliavimo zona,U_PS_F,"2,5",0,KT,365,100.0,,,0.0,0.0,0.0,0.0,0.0,0.0,0.0,0.0,0.0
555800071149,440022088468,0.1012,KlaipÓdos r. sav. Maz×riÕkiÖ k. PatilUÓs g. 17,995,1012.49,Vidutinio užstatymo intensyvumo gyvenamoji zona,U_GG_V_F,"0,8*",0,KT,381,100.0,,,0.0,0.0,0.0,0.0,0.0,0.0,0.0,0.0,0.0
555800071170,440022262082,0.1015,KlaipÓdos r. sav. KlipÕNiÖ k. TulpininkÖ g. 5,995,1015.44,Vidutinio užstatymo intensyvumo gyvenamoji zona,U_GG_V_F,"0,8*",0,KT,381,100.0,,,0.0,0.0,0.0,0.0,0.0,0.0,0.0,0.0,0.0
555800071171,440022262128,0.1,KlaipÓdos r. sav. KlipÕNiÖ k. TulpininkÖ g. 7,995,999.72,Vidutinio užstatymo intensyvumo gyvenamoji zona,U_GG_V_F,"0,8*",0,KT,381,100.0,,,0.0,0.0,0.0,0.0,0.0,0.0,0.0,0.0,0.0
555800071185,440022263280,0.1053,KlaipÓdos r. sav. KlipÕNiÖ k. TulpininkÖ g. 16,995,1053.23,Vidutinio užstatymo intensyvumo gyvenamoji zona,U_GG_V_F,"0,8*",0,KT,381,100.0,,,0.0,0.0,0.0,0.0,0.0,0.0,0.0,0.0,0.0
555800071309,440037984576,0.1223,KlaipÓdos r. sav. KlipÕNiÖ k. Jurgio Purvino g. 12,995,1223.22,Vidutinio užstatymo intensyvumo gyvenamoji zona,U_GG_V_F,"0,8*",0,KT,381,100.0,,,0.0,0.0,0.0,0.0,0.0,0.0,0.0,0.0,0.0
555800071317,440037986486,0.0955,KlaipÓdos r. sav. KlipÕNiÖ k. Jurgio Purvino g. 21,995,954.92,Vidutinio užstatymo intensyvumo gyvenamoji zona,U_GG_V_F,"0,8*",0,KT,381,100.0,,,0.0,0.0,0.0,0.0,0.0,0.0,0.0,0.0,0.0
555800071353,440038154724,0.0907,KlaipÓdos r. sav. KlipÕNiÖ k. PlantoUÓs g. 25,995,906.86,Vidutinio užstatymo intensyvumo gyvenamoji zona,U_GG_V_F,"0,8*",0,KT,381,100.0,,,0.0,0.0,0.0,0.0,0.0,0.0,0.0,0.0,0.0
555800071433,440043275730,0.0866,KlaipÓdos r. sav. KlipÕNiÖ k. PlanetÖ g. 10,995,866.35,Vidutinio užstatymo intensyvumo gyvenamoji zona,U_GG_V_F,"0,8*",0,KT,381,76.99,Pramonės ir sandėliavimo zona,U_PS_F,23.01,0.0,0.0,0.0,0.0,0.0,0.0,0.0,0.0
555800071476,440044358352,0.0937,KlaipÓdos r. sav. AukÕtkiemiÖ k. KelmiÕkaiNiÖ g. 2,995,936.94,Vidutinio užstatymo intensyvumo gyvenamoji zona,U_GG_V_F,"0,8*",0,KT,381,100.0,,,0.0,0.0,0.0,0.0,0.0,0.0,0.0,0.0,0.0
555800130023,555800130023,0.06,KlaipÓdos r. sav. PurmaliÖ k. ¾altinÓlio g. 45,610,600.0,Vidutinio užstatymo intensyvumo gyvenamoji zona,U_GG_V_F,"0,8*",0,KT,374,100.0,,,0.0,0.0,0.0,0.0,0.0,0.0,0.0,0.0,0.0
555800130050,555800130050,0.06,KlaipÓdos r. sav. PurmaliÖ k. ¾altinÓlio g. 4,610,630.39,Vidutinio užstatymo intensyvumo gyvenamoji zona,U_GG_V_F,"0,8*",0,KT,374,100.0,,,0.0,0.0,0.0,0.0,0.0,0.0,0.0,0.0,0.0
555800130065,555800130065,0.0618,KlaipÓdos r. sav. PurmaliÖ k. AlyvÖ g. 21,610,618.0,Vidutinio užstatymo intensyvumo gyvenamoji zona,U_GG_V_F,"0,8*",0,KT,374,100.0,,,0.0,0.0,0.0,0.0,0.0,0.0,0.0,0.0,0.0
555800130068,555800130068,0.06,KlaipÓdos r. sav. PurmaliÖ k. AlyvÖ g. 27,610,625.41,Vidutinio užstatymo intensyvumo gyvenamoji zona,U_GG_V_F,"0,8*",0,KT,374,100.0,,,0.0,0.0,0.0,0.0,0.0,0.0,0.0,0.0,0.0
555800130217,440004670024,0.0582,KlaipÓdos r. sav. PurmaliÖ k. ¾ermukÕniÖ g. 9,610,582.35,Vidutinio užstatymo intensyvumo gyvenamoji zona,U_GG_V_F,"0,8*",0,KT,374,100.0,,,0.0,0.0,0.0,0.0,0.0,0.0,0.0,0.0,0.0
555800130294,555800130294,0.0773,KlaipÓdos r. sav. PurmaliÖ k. SerbentÖ g. 8,610,772.38,Vidutinio užstatymo intensyvumo gyvenamoji zona,U_GG_V_F,"0,8*",0,KT,374,100.0,,,0.0,0.0,0.0,0.0,0.0,0.0,0.0,0.0,0.0
555800130354,555800130354,0.12,KlaipÓdos r. sav. PurmaliÖ k. TulpiÖ g. 6,610,1199.66,Vidutinio užstatymo intensyvumo gyvenamoji zona,U_GG_V_F,"0,8*",0,KT,374,98.14,Pramonės ir sandėliavimo zona,U_PS_F,1.86,0.0,0.0,0.0,0.0,0.0,0.0,0.0,0.0
555800130490,555800130490,0.06,KlaipÓdos r. sav. PurmaliÖ k.,610,600.06,Vidutinio užstatymo intensyvumo gyvenamoji zona,U_GG_V_F,"0,8*",0,KT,374,100.0,,,0.0,0.0,0.0,0.0,0.0,0.0,0.0,0.0,0.0
555800130645,440003121746,0.08,KlaipÓdos r. sav. AukÕtkiemiÖ k. DanÖ g. 12,995,800.3,Vidutinio užstatymo intensyvumo gyvenamoji zona,U_GG_V_F,"0,8*",0,KT,374,99.87,Miškų ir miškingų teritorijų zona,MI_F,0.13,0.0,0.0,0.0,0.0,0.0,0.0,0.0,0.0
555800130727,440007059661,0.1294,KlaipÓdos r. sav. AukÕtkiemiÖ k. MaUojo Londono g. 21,995,1293.94,Vidutinio užstatymo intensyvumo gyvenamoji zona,U_GG_V_F,"0,8*",0,KT,374,100.0,,,0.0,0.0,0.0,0.0,0.0,0.0,0.0,0.0,0.0
555800130948,440037923036,0.1118,KlaipÓdos r. sav. PurmaliÖ k. PurmaliÖ g. 25,995,1118.09,Vidutinio užstatymo intensyvumo gyvenamoji zona,U_GG_V_F,"0,8*",0,KT,374,100.0,,,0.0,0.0,0.0,0.0,0.0,0.0,0.0,0.0,0.0
555800130976,440039206049,1.4414,KlaipÓdos r. sav. AukÕtkiemiÖ k.,610,14413.61,Pramonės ir sandėliavimo zona,U_PS_F,"2,5",0,KT,365,74.15,Vidutinio užstatymo intensyvumo gyvenamoji zona,U_GG_V_F,25.85,0.0,0.0,0.0,0.0,0.0,0.0,0.0,0.0
555800131059,440049296031,0.0716,KlaipÓdos r. sav. AukÕtkiemiÖ k. JungtinÓ g. 24,995,716.31,Vidutinio užstatymo intensyvumo gyvenamoji zona,U_GG_V_F,"0,8*",0,KT,374,100.0,,,0.0,0.0,0.0,0.0,0.0,0.0,0.0,0.0,0.0
555800140040,440025164087,0.09,KlaipÓdos r. sav. KalotÓs k. TovÓs g. 9,995,899.7,Vidutinio užstatymo intensyvumo gyvenamoji zona,U_GG_V_F,"0,8*",0,KT,374,100.0,,,0.0,0.0,0.0,0.0,0.0,0.0,0.0,0.0,0.0
555800140309,440004132712,0.0273,KlaipÓdos r. sav. KalotÓs k.,995,272.79,Vidutinio užstatymo intensyvumo gyvenamoji zona,U_GG_V_F,"0,8*",0,KT,374,100.0,,,0.0,0.0,0.0,0.0,0.0,0.0,0.0,0.0,0.0
555800140350,440008003369,0.1618,KlaipÓdos r. sav. KalotÓs k. Naujoji g. 25,995,1617.3,Vidutinio užstatymo intensyvumo gyvenamoji zona,U_GG_V_F,"0,8*",0,KT,374,100.0,,,0.0,0.0,0.0,0.0,0.0,0.0,0.0,0.0,0.0
555800140458,440012882421,0.1194,KlaipÓdos r. sav. KalotÓs k. PalvÓs g. 2,995,1194.33,Vidutinio užstatymo intensyvumo gyvenamoji zona,U_GG_V_F,"0,8*",0,KT,374,100.0,,,0.0,0.0,0.0,0.0,0.0,0.0,0.0,0.0,0.0
555800140491,440016140940,0.0713,KlaipÓdos r. sav. KalotÓs k.,995,713.06,Vidutinio užstatymo intensyvumo gyvenamoji zona,U_GG_V_F,"0,8*",0,KT,374,100.0,,,0.0,0.0,0.0,0.0,0.0,0.0,0.0,0.0,0.0
555800160126,555800160126,0.0608,KlaipÓdos r. sav. RadailiÖ k. Vingio g. 8,610,610.1,Ekstensyvaus užstatymo gyvenamoji zona,U_GG_E_F,"0,2*",0,KT,388,100.0,,,0.0,0.0,0.0,0.0,0.0,0.0,0.0,0.0,0.0
555800160146,555800160146,0.075,KlaipÓdos r. sav. RadailiÖ k. SaulÓtekio g. 19,610,754.62,Ekstensyvaus užstatymo gyvenamoji zona,U_GG_E_F,"0,2*",0,KT,388,100.0,,,0.0,0.0,0.0,0.0,0.0,0.0,0.0,0.0,0.0
555800160159,555800160159,0.06,KlaipÓdos r. sav. RadailiÖ k. SaulÓtekio g. 10,610,603.16,Ekstensyvaus užstatymo gyvenamoji zona,U_GG_E_F,"0,2*",0,KT,388,100.0,,,0.0,0.0,0.0,0.0,0.0,0.0,0.0,0.0,0.0
555800160204,555800160204,0.086,KlaipÓdos r. sav. RadailiÖ k. Poilsio g. 25,610,859.79,Ekstensyvaus užstatymo gyvenamoji zona,U_GG_E_F,"0,2*",0,KT,388,96.0,Miškų ir miškingų teritorijų zona,MI_F,4.0,0.0,0.0,0.0,0.0,0.0,0.0,0.0,0.0
555800160288,440020234066,0.06,KlaipÓdos r. sav. RadailiÖ k. SaulÓtekio g. 19A,610,599.96,Ekstensyvaus užstatymo gyvenamoji zona,U_GG_E_F,"0,2*",0,KT,388,100.0,,,0.0,0.0,0.0,0.0,0.0,0.0,0.0,0.0,0.0
555900010035,555900010035,0.7,KlaipÓdos r. sav. ¾akiniÖ k.,610,7500.17,Žemės ūkio teritorijų zona,ZU_F,"0,05;0,8***",0,Z;KT,476,100.0,,,0.0,0.0,0.0,0.0,0.0,100.0,0.0,0.0,0.0
555900010056,555900010056,2.57,KlaipÓdos r. sav. TilvikÖ k.,610,27624.18,Žemės ūkio teritorijų zona,ZU_F,"0,05;0,8***",0,Z;KT,476,100.0,,,0.0,0.0,0.0,0.0,0.0,100.0,0.0,0.0,0.0
555900010258,440010090070,2.3422,KlaipÓdos r. sav. PaUvelsio k.,610,23422.43,Žemės ūkio teritorijų zona,ZU_F,"0,05;0,8***",0,Z;KT,476,100.0,,,0.0,0.0,0.0,0.0,0.0,100.0,0.0,0.0,0.0
555900010287,440022112261,119.2512,KlaipÓdos r. sav. TilvikÖ k.,710,1192512.26,Miškų ir miškingų teritorijų zona,MI_F,0,0,M,475,93.35,Miškų ir miškingų teritorijų zona,MI_F,6.12,0.0,0.0,0.0,0.0,100.0,0.0,0.0,0.0
555900020083,555900020083,1.2,KlaipÓdos r. sav. TilvikÖ k.,610,12329.5,Žemės ūkio teritorijų zona,ZU_F,"0,05;0,8***",0,Z;KT,476,100.0,,,0.0,0.0,0.0,0.0,0.0,100.0,0.0,0.0,0.0
555900020217,440004337733,1.752,KlaipÓdos r. sav. TilvikÖ k.,610,17520.32,Žemės ūkio teritorijų zona,ZU_F,"0,05;0,8***",0,Z;KT,476,100.0,,,0.0,0.0,0.0,0.0,0.0,100.0,0.0,0.0,0.0
556300010037,556300010037,7.5,KlaipÓdos r. sav. TarvydÖ k.,610,79322.63,Žemės ūkio teritorijų zona,ZU_F,"0,05;0,8***",0,Z;KT,64,98.94,Miškų ir miškingų teritorijų zona,MI_F,1.06,0.0,0.0,0.0,0.0,0.0,0.0,0.0,0.0
556300010121,556300010121,6.35,KlaipÓdos r. sav. ¾ukaiNiÖ k. LiepÖ g. 14,610,36293.52,Miškų ir miškingų teritorijų zona,MI_F,0,0,M;KT,59,60.65,Mažo užstatymo intensyvumo gyvenamoji zona,U_GG_M_F,39.34,23.68,0.0,0.0,0.0,20.48,0.0,0.0,0.0
556300010140,556300010140,10.99,KlaipÓdos r. sav. TarvydÖ k.,710,106393.31,Miškų ir miškingų teritorijų zona,MI_F,0,0,M,18,100.0,,,0.0,0.0,0.0,0.0,0.0,0.0,0.0,0.0,0.0
556300010176,556300010176,0.5,KlaipÓdos r. sav. ViÕtiÕkiÖ k.,610,4999.9,Žemės ūkio teritorijų zona,ZU_F,"0,1;0,8***",0,Z;KT,53,100.0,,,0.0,0.0,0.0,0.0,0.0,0.0,0.0,0.0,0.0
556300010191,440000844837,0.7264,KlaipÓdos r. sav. ¾ukaiNiÖ k.,610,7263.76,Mažo užstatymo intensyvumo gyvenamoji zona,U_GG_M_F,"0,4*",0,KT,62,100.0,,,0.0,0.0,0.0,0.0,0.0,0.0,0.0,0.0,0.0
556300010317,440007459100,0.6,KlaipÓdos r. sav. MalagiÖ k.,610,5999.97,Žemės ūkio teritorijų zona,ZU_F,"0,1;0,8***",0,Z;KT,53,100.0,,,0.0,0.0,0.0,0.0,0.0,0.0,0.0,0.0,0.0
556300010438,440014599489,1.05,KlaipÓdos r. sav. TarvydÖ k.,610,10500.27,Žemės ūkio teritorijų zona,ZU_F,"0,05;0,8***",0,Z;KT,64,97.01,Miškų ir miškingų teritorijų zona,MI_F,2.99,0.0,0.0,0.0,0.0,0.0,0.0,0.0,0.0
556300010484,440018128404,0.48,KlaipÓdos r. sav. TarvydÖ k.,610,4725.75,Žemės ūkio teritorijų zona,ZU_F,"0,05;0,8***",0,Z;KT,64,90.53,Miškų ir miškingų teritorijų zona,MI_F,9.47,0.0,0.0,0.0,0.0,0.0,0.0,0.0,0.0
556300010542,440041154167,0.5061,KlaipÓdos r. sav. ¾ukaiNiÖ k.,610,5061.17,Mažo užstatymo intensyvumo gyvenamoji zona,U_GG_M_F,"0,4*",0,KT,62,100.0,,,0.0,0.0,0.0,0.0,0.0,0.0,0.0,0.0,0.0
556300020279,440009175760,1.19,KlaipÓdos r. sav. LiepaiNiÖ k.,710,12274.08,Miškų ir miškingų teritorijų zona,MI_F,0,0,M,18,58.67,Miškų ir miškingų teritorijų zona,MI_F,33.32,0.0,0.0,0.0,0.0,0.0,0.0,0.0,0.0
556300020290,440011509348,1.51,KlaipÓdos r. sav. LiepaiNiÖ k.,710,15100.01,Miškų ir miškingų teritorijų zona,MI_F,0,0,M;KT,50,97.74,Žemės ūkio teritorijų zona,ZU_F,2.26,0.0,0.0,0.0,0.0,0.0,0.0,0.0,0.0
556300030003,556300030003,11.0044,KlaipÓdos r. sav. UpitÓnÖ k.,610,110044.39,Žemės ūkio teritorijų zona,ZU_F,"0,05;0,8***",0,Z;KT,25,91.77,Miškų ir miškingų teritorijų zona,MI_F,8.23,10.74,0.0,0.0,0.0,14.13,0.0,0.0,0.0
556300030014,556300030014,1.2,KlaipÓdos r. sav. UpitÓnÖ k.,710,12715.78,Miškų ir miškingų teritorijų zona,MI_F,0,0,M,24,81.41,Žemės ūkio teritorijų zona,ZU_F,18.59,0.0,0.0,0.0,0.0,0.0,0.0,0.0,0.0
556300030143,556300030143,1.7468,KlaipÓdos r. sav. BalsÓnÖ k.,610,17468.14,Žemės ūkio teritorijų zona,ZU_F,"0,05;0,8***",0,Z;KT,25,99.68,Miškų ir miškingų teritorijų zona,MI_F,0.32,0.0,0.0,0.0,0.0,0.0,0.0,0.0,0.0
556300030159,556300030159,5.54,KlaipÓdos r. sav. LiepaiNiÖ k.,710,58579.15,Miškų ir miškingų teritorijų zona,MI_F,0,0,M,24,70.88,Miškų ir miškingų teritorijų zona,MI_F,26.94,15.53,0.0,0.0,0.0,17.84,0.0,0.0,0.0
556300030347,440016928900,0.98,KlaipÓdos r. sav. BalsÓnÖ k.,610,8625.89,Žemės ūkio teritorijų zona,ZU_F,"0,05;0,8***",0,Z;KT,25,100.0,,,0.0,0.0,0.0,0.0,0.0,0.0,0.0,0.0,0.0
556300040142,556300040142,1.847,KlaipÓdos r. sav. VilkiÖ k.,610,18469.18,Mažo užstatymo intensyvumo gyvenamoji zona,U_GG_M_F,"0,4*",0,KT,55,54.35,Žemės ūkio teritorijų zona,ZU_F,45.65,0.0,0.0,0.0,0.0,0.0,0.0,0.0,0.0
556300040216,440007072030,0.18,KlaipÓdos r. sav. VilkiÖ k.,610,1921.22,Mažo užstatymo intensyvumo gyvenamoji zona,U_GG_M_F,"0,4*",0,KT,55,88.56,Miškų ir miškingų teritorijų zona,MI_F,11.44,0.0,0.0,0.0,0.0,0.0,0.0,0.0,0.0
556300040248,440008666066,1.65,KlaipÓdos r. sav. LiepaiNiÖ k.,610,16950.59,Žemės ūkio teritorijų zona,ZU_F,"0,1;0,8***",0,Z;KT,53,99.62,Miškų ir miškingų teritorijų zona,MI_F,0.38,0.0,0.0,0.0,0.0,2.29,0.0,0.0,0.0
556300040363,440040015056,4.4504,KlaipÓdos r. sav. LiepaiNiÖ k.,610,44504.37,Žemės ūkio teritorijų zona,ZU_F,"0,1;0,8***",0,Z;KT,53,99.21,Miškų ir miškingų teritorijų zona,MI_F,0.79,0.02,0.0,0.0,0.0,0.82,0.0,0.0,0.0
556300050028,556300050028,3.9,KlaipÓdos r. sav. VainiÖ k. 1,610,39005.18,Mažo užstatymo intensyvumo gyvenamoji zona,U_GG_M_F,"0,4*",0,KT,55,89.73,Miškų ir miškingų teritorijų zona,MI_F,10.27,0.0,0.0,0.0,0.0,0.0,0.0,0.0,0.0
556300050058,556300050058,1.69,KlaipÓdos r. sav. VyskupiÕkiÖ k.,710,17420.31,Miškų ir miškingų teritorijų zona,MI_F,0,0,M,48,75.14,Miškų ir miškingų teritorijų zona,MI_F,21.95,0.0,0.0,0.0,0.0,0.0,0.0,0.0,0.0
556300050134,440004104983,0.5074,KlaipÓdos r. sav. VainiÖ k.,610,5075.07,Žemės ūkio teritorijų zona,ZU_F,"0,1;0,8***",0,Z;KT,53,99.46,Miškų ir miškingų teritorijų zona,MI_F,0.53,0.78,0.0,0.0,0.0,0.0,0.0,0.0,0.0
556300060124,556300060124,0.0035,KlaipÓdos r. sav. VeivirUÓnÖ mstl. ¾ermukÕniÖ g. 9,995,35.01,Vidutinio užstatymo intensyvumo gyvenamoji zona,U_GG_V_F,"0,8*",0,KT,56,100.0,,,0.0,0.0,0.0,0.0,0.0,0.0,0.0,0.0,0.0
556300060145,556300060145,0.2498,KlaipÓdos r. sav. VeivirUÓnÖ mstl. KlaipÓdos g. 30,995,2498.35,Vidutinio užstatymo intensyvumo gyvenamoji zona,U_GG_V_F,"0,8*",0,KT,56,100.0,,,0.0,0.0,0.0,0.0,0.0,0.0,0.0,0.0,0.0
556300060237,440003646635,0.83,KlaipÓdos r. sav. Juodupio k.,610,8671.29,Žemės ūkio teritorijų zona,ZU_F,"0,1;0,8***",0,Z;KT,81,97.34,Miškų ir miškingų teritorijų zona,MI_F,2.66,0.0,0.0,0.0,0.0,0.0,0.0,0.0,0.0
556300060303,440005894224,0.067,KlaipÓdos r. sav. MeiskiÖ k.,610,670.08,Mažo užstatymo intensyvumo gyvenamoji zona,U_GG_M_F,"0,4*",0,KT,55,100.0,,,0.0,0.0,0.0,0.0,0.0,0.0,0.0,0.0,0.0
556300060518,440015154442,1.0106,KlaipÓdos r. sav. MeiskiÖ k.,610,10106.9,Žemės ūkio teritorijų zona,ZU_F,"0,1;0,8***",0,Z;KT,81,100.0,,,0.0,0.0,0.0,0.0,0.0,0.0,0.0,0.0,0.0
556300060527,440015994288,0.02,KlaipÓdos r. sav. VeivirUÓnÖ mstl.,610,187.2,Vidutinio užstatymo intensyvumo gyvenamoji zona,U_GG_V_F,"0,8*",0,KT,56,100.0,,,0.0,0.0,0.0,0.0,0.0,0.0,0.0,0.0,0.0
556300070037,556300070037,10.96,KlaipÓdos r. sav. TrepkalniÖ k.,610,99067.64,Žemės ūkio teritorijų zona,ZU_F,"0,05;0,8***",0,Z;KT,83,91.59,Miškų ir miškingų teritorijų zona,MI_F,8.41,0.0,0.0,0.0,0.0,0.0,0.0,0.0,0.0
556300070047,556300070047,1.0,KlaipÓdos r. sav. TrepkalniÖ k.,610,9622.22,Žemės ūkio teritorijų zona,ZU_F,"0,1;0,8***",0,Z;KT,81,100.0,,,0.0,0.0,0.0,0.0,0.0,0.0,0.0,0.0,0.0
556300070153,440008168407,2.7,KlaipÓdos r. sav. TrepkalniÖ k.,610,28404.92,Žemės ūkio teritorijų zona,ZU_F,"0,1;0,8***",0,Z;KT,81,100.0,,,0.0,0.0,0.0,0.0,0.0,0.0,0.0,0.0,0.0
556300070220,440014601351,0.2,KlaipÓdos r. sav. TrepkalniÖ k.,610,2000.34,Žemės ūkio teritorijų zona,ZU_F,"0,1;0,8***",0,Z;KT,81,100.0,,,0.0,0.0,0.0,0.0,0.0,0.0,0.0,0.0,0.0
556300070271,440037660090,0.83,KlaipÓdos r. sav. TrepkalniÖ k.,610,8299.79,Žemės ūkio teritorijų zona,ZU_F,"0,1;0,8***",0,Z;KT,81,100.0,,,0.0,0.0,0.0,0.0,0.0,0.0,0.0,0.0,0.0
556500010069,440002065820,0.3,KlaipÓdos r. sav. PjauliÖ k. PjauliÖ g. 16,995,3114.06,Žemės ūkio teritorijų zona,ZU_F,"0,05;0,8***",0,Z;KT,321,100.0,,,0.0,0.0,0.0,0.0,0.0,0.0,0.0,0.0,0.0
556500010282,556500010282,0.26,KlaipÓdos r. sav. PangesÖ k.,610,2737.45,Mažo užstatymo intensyvumo gyvenamoji zona,U_GG_M_F,"0,4*",0,KT,294,100.0,,,0.0,0.0,0.0,0.0,0.0,0.0,0.0,0.0,0.0
556500010631,440007354150,0.97,KlaipÓdos r. sav. PjauliÖ k.,610,9699.76,Žemės ūkio teritorijų zona,ZU_F,"0,05;0,8***",0,Z;KT,321,100.0,,,0.0,0.0,0.0,0.0,0.0,0.0,0.0,0.0,0.0
556500010715,440009177799,0.23,KlaipÓdos r. sav. DrukiÖ k.,610,2215.36,Mažo užstatymo intensyvumo gyvenamoji zona,U_GG_M_F,"0,4*",0,KT,294,99.27,Miškų ir miškingų teritorijų zona,MI_F,0.73,0.0,0.0,0.0,0.0,0.0,0.0,0.0,0.0
556500010738,440010209980,1.2,KlaipÓdos r. sav. PangesÖ k.,610,11302.09,Mažo užstatymo intensyvumo gyvenamoji zona,U_GG_M_F,"0,4*",0,KT,294,100.0,,,0.0,0.0,0.0,0.0,0.0,0.0,0.0,0.0,0.0
556500020013,556500020013,3.1511,KlaipÓdos r. sav. LiaunÖ k.,610,31513.64,Ekstensyvaus užstatymo gyvenamoji zona,U_GG_E_F,"0,2*",0,KT,319,100.0,,,0.0,0.0,0.0,0.0,0.0,0.0,0.0,0.0,0.0
556500020025,556500020025,2.45,KlaipÓdos r. sav. LiaunÖ k.,610,24500.22,Ekstensyvaus užstatymo gyvenamoji zona,U_GG_E_F,"0,2*",0,KT,319,100.0,,,0.0,0.0,0.0,0.0,0.0,0.0,0.0,0.0,0.0
556500020117,440007002111,2.04,KlaipÓdos r. sav. LiaunÖ k.,610,22834.41,Žemės ūkio teritorijų zona,ZU_F,"0,05;0,8***",0,Z;KT,310,100.0,,,0.0,0.0,0.0,0.0,0.0,0.0,0.0,0.0,0.0
556500020144,440010257402,4.5111,KlaipÓdos r. sav. LiaunÖ k.,610,45110.6,Ekstensyvaus užstatymo gyvenamoji zona,U_GG_E_F,"0,2*",0,KT,319,100.0,,,0.0,0.0,0.0,0.0,0.0,0.0,0.0,0.0,0.0
556500020146,440010844185,1.7637,KlaipÓdos r. sav. LiaunÖ k.,610,17637.38,Žemės ūkio teritorijų zona,ZU_F,"0,05;0,8***",0,Z;KT,307,100.0,,,0.0,0.0,0.0,0.0,0.0,0.03,0.0,0.0,0.0
556500030176,440006488062,0.15,KlaipÓdos r. sav. LankupiÖ k.,610,1683.07,Ekstensyvaus užstatymo gyvenamoji zona,U_GG_E_F,"0,2*",0,KT,306,100.0,,,0.0,0.0,0.0,0.0,0.0,0.0,0.0,0.0,0.0
556500030183,440006666500,0.8041,KlaipÓdos r. sav. KalviÕkiÖ k.,610,8041.45,Ekstensyvaus užstatymo gyvenamoji zona,U_GG_E_F,"0,2*",0,KT,311,100.0,,,0.0,0.0,0.0,0.0,0.0,0.0,0.0,0.0,0.0
556500030187,440006974032,0.49,KlaipÓdos r. sav. LankupiÖ k.,610,4666.48,Žemės ūkio teritorijų zona,ZU_F,"0,05;0,8***",0,Z;KT,307,100.0,,,0.0,0.0,0.0,0.0,0.0,0.0,0.0,0.0,0.0
556500040022,556500040022,2.02,KlaipÓdos r. sav. PleÕkuNiÖ k.,610,19833.9,Ekstensyvaus užstatymo gyvenamoji zona,U_GG_E_F,"0,2*",0,KT,319,100.0,,,0.0,0.0,0.0,0.0,0.0,0.0,0.0,0.0,0.0
556500040162,440050943490,2.7168,KlaipÓdos r. sav. PleÕkuNiÖ k.,610,27167.79,Žemės ūkio teritorijų zona,ZU_F,"0,05;0,8***",0,Z;KT,321,100.0,,,0.0,0.0,0.0,0.0,0.0,0.0,0.0,0.0,0.0
556500040624,440007295970,1.0,KlaipÓdos r. sav. MÓUeliÖ k.,610,10000.26,Žemės ūkio teritorijų zona,ZU_F,"0,05;0,8***",0,Z;KT,310,100.0,Ekstensyvaus užstatymo gyvenamoji zona,U_GG_E_F,0.0,0.0,0.0,0.0,0.0,0.0,0.0,0.0,0.0
556500040627,440007457150,1.54,KlaipÓdos r. sav. VenckÖ k.,610,15695.0,Žemės ūkio teritorijų zona,ZU_F,"0,05;0,8***",0,Z;KT,310,100.0,,,0.0,0.0,0.0,0.0,0.0,0.0,0.0,0.0,0.0
556500040642,440008325297,1.0,KlaipÓdos r. sav. MÓUeliÖ k.,610,11397.5,Žemės ūkio teritorijų zona,ZU_F,"0,05;0,8***",0,Z;KT,321,100.0,,,0.0,0.0,0.0,0.0,0.0,0.0,0.0,0.0,0.0
556800010100,556800010100,1.6073,KlaipÓdos r. sav. VÓUaiNiÖ mstl.,610,16072.3,Mažo užstatymo intensyvumo gyvenamoji zona,U_GG_M_F,"0,4*",0,KT,464,99.99,Vidutinio užstatymo intensyvumo gyvenamoji zona,U_GG_V_F,0.01,0.0,0.0,0.0,0.0,0.0,0.0,0.0,0.0
556800010276,440003537138,0.034,KlaipÓdos r. sav. VÓUaiNiÖ mstl. AvieNiÖ g. 1,610,340.03,Vidutinio užstatymo intensyvumo gyvenamoji zona,U_GG_V_F,"0,8",0,KT,465,100.0,,,0.0,0.0,0.0,0.0,0.0,0.0,0.0,0.0,0.0
556800010281,440026067001,0.2155,KlaipÓdos r. sav. VÓUaiNiÖ mstl. Minijos g. 2,995,2154.79,Vidutinio užstatymo intensyvumo gyvenamoji zona,U_GG_V_F,"0,8",0,KT,465,100.0,,,0.0,0.0,0.0,0.0,0.0,0.0,0.0,0.0,0.0
556800010429,440011785623,0.04,KlaipÓdos r. sav. VÓUaiNiÖ mstl.,610,427.81,Vidutinio užstatymo intensyvumo gyvenamoji zona,U_GG_V_F,"0,8",0,KT,465,100.0,,,0.0,0.0,0.0,0.0,0.0,0.0,0.0,0.0,0.0
556800010452,440016029839,0.7455,KlaipÓdos r. sav. VÓUaiNiÖ mstl.,610,7454.61,Vidutinio užstatymo intensyvumo gyvenamoji zona,U_GG_V_F,"0,8",0,KT,465,100.0,,,0.0,0.0,0.0,0.0,0.0,0.0,0.0,0.0,0.0
556800010493,440027447636,1.65,KlaipÓdos r. sav. VÓUaiNiÖ mstl.,610,16500.04,Mažo užstatymo intensyvumo gyvenamoji zona,U_GG_M_F,"0,4*",0,KT,464,100.0,,,0.0,0.0,0.0,0.0,0.0,0.0,0.0,0.0,0.0
556800020106,556800020106,0.1254,KlaipÓdos r. sav. VÓUaiNiÖ mstl. GargUdÖ g. 10,995,1253.72,Vidutinio užstatymo intensyvumo gyvenamoji zona,U_GG_V_F,"0,8",0,KT,465,100.0,,,0.0,0.0,0.0,0.0,0.0,0.0,0.0,0.0,0.0
556800030001,556800030001,4.856,KlaipÓdos r. sav. Perk×nÖ k.,610,48560.4,Žemės ūkio teritorijų zona,ZU_F,"0,05;0,8***",0,Z;KT,472,100.0,,,0.0,0.0,0.0,0.0,0.0,0.0,0.0,0.0,0.0
556800030088,440003593384,0.8082,KlaipÓdos r. sav. VÓUaiNiÖ mstl.,610,8082.34,Mažo užstatymo intensyvumo gyvenamoji zona,U_GG_M_F,"0,4*",0,KT,464,100.0,,,0.0,0.0,0.0,0.0,0.0,0.0,0.0,0.0,0.0
556800040061,556800040061,0.62,KlaipÓdos r. sav. Perk×nÖ k.,610,5822.87,Žemės ūkio teritorijų zona,ZU_F,"0,1;0,8***",0,Z;KT,485,100.0,,,0.0,0.0,0.0,0.0,0.0,0.0,0.0,0.0,0.0
556800040088,556800040088,0.95,KlaipÓdos r. sav. Perk×nÖ k.,610,10285.32,Žemės ūkio teritorijų zona,ZU_F,"0,05;0,8***",0,Z;KT,466,100.0,,,0.0,0.0,0.0,0.0,0.0,0.0,0.0,0.0,0.0
556800040113,440003475486,0.59,KlaipÓdos r. sav. Perk×nÖ k.,610,6146.34,Žemės ūkio teritorijų zona,ZU_F,"0,05;0,8***",0,Z;KT,466,100.0,,,0.0,0.0,0.0,0.0,0.0,0.0,0.0,0.0,0.0
556800050038,556800050038,5.16,KlaipÓdos r. sav. JokuliÖ k.,610,49903.27,Pramonės ir sandėliavimo zona,U_PS_F,"2,5",0,KT,357,98.59,Žemės ūkio teritorijų zona,ZU_F,1.41,0.0,0.0,0.0,0.0,0.0,0.0,0.0,0.0
556800050140,556800050140,1.3,KlaipÓdos r. sav. Pajuodupio k.,610,12999.84,Žemės ūkio teritorijų zona,ZU_F,"0,1;0,8***",0,Z;KT,485,100.0,,,0.0,0.0,0.0,0.0,0.0,0.0,0.0,0.0,0.0
556800050152,440001688237,0.94,KlaipÓdos r. sav. Pajuodupio k.,610,10055.26,Žemės ūkio teritorijų zona,ZU_F,"0,1;0,8***",0,Z;KT,485,100.0,,,0.0,0.0,0.0,0.0,0.0,0.0,0.0,0.0,0.0
556800050176,440004223474,1.15,KlaipÓdos r. sav. Pajuodupio k.,610,10517.33,Žemės ūkio teritorijų zona,ZU_F,"0,1;0,8***",0,Z;KT,485,100.0,,,0.0,0.0,0.0,0.0,0.0,0.0,0.0,0.0,0.0
556800050269,440011509129,0.48,KlaipÓdos r. sav. JokuliÖ k.,610,4894.72,Žemės ūkio teritorijų zona,ZU_F,"0,05;0,8***",0,Z;KT,488,100.0,,,0.0,0.0,0.0,0.0,0.0,0.0,0.0,0.0,0.0
556800050285,440016547869,0.32,KlaipÓdos r. sav. JokuliÖ k.,610,3269.31,Žemės ūkio teritorijų zona,ZU_F,"0,05;0,8***",0,Z;KT,488,100.0,,,0.0,0.0,0.0,0.0,0.0,0.0,0.0,0.0,0.0
556800050336,440030854925,10.8186,KlaipÓdos r. sav. JokuliÖ k.,610,108186.5,Pramonės ir sandėliavimo zona,U_PS_F,"2,5",0,KT,357,96.41,Miškų ir miškingų teritorijų zona,MI_F,2.8,0.0,0.0,0.0,0.0,0.0,0.0,0.0,0.0
556800060091,556800060091,1.2497,KlaipÓdos r. sav. VÓUaiNiÖ mstl.,995,12499.85,Pramonės ir sandėliavimo zona,U_PS_F,"2,5",0,KT,357,100.0,,,0.0,0.0,0.0,0.0,0.0,0.0,0.0,0.0,0.0
556800060119,556800060119,1.59,KlaipÓdos r. sav. VÓUaiNiÖ mstl.,610,17191.66,Pramonės ir sandėliavimo zona,U_PS_F,"2,5",0,KT,357,100.0,,,0.0,0.0,0.0,0.0,0.0,0.0,0.0,0.0,0.0
556800060258,440006109648,1.04,KlaipÓdos r. sav. SamaliÕkÓs k.,610,11115.98,Pramonės ir sandėliavimo zona,U_PS_F,"2,5",0,KT,357,100.0,Žemės ūkio teritorijų zona,ZU_F,0.0,0.0,0.0,0.0,0.0,0.0,0.0,0.0,0.0
556800060296,440009444882,0.32,KlaipÓdos r. sav. SamaliÕkÓs k.,610,3407.59,Žemės ūkio teritorijų zona,ZU_F,"0,05;0,8***",0,Z;KT,73,100.0,,,0.0,0.0,0.0,0.0,0.0,0.0,0.0,0.0,0.0
556800060359,440039803851,0.66,KlaipÓdos r. sav. SamaliÕkÓs k.,610,6600.11,Žemės ūkio teritorijų zona,ZU_F,"0,05;0,8***",0,Z;KT,73,100.0,,,0.0,0.0,0.0,0.0,0.0,0.0,0.0,0.0,0.0
556800070007,556800070007,1.29,KlaipÓdos r. sav. GrikÕtaiNiÖ k.,610,13428.19,Pramonės ir sandėliavimo zona,U_PS_F,"2,5",0,KT,575,100.0,,,0.0,0.0,0.0,0.0,0.0,0.0,0.0,0.0,0.0
556800070030,556800070030,0.83,KlaipÓdos r. sav. VÓUaiNiÖ mstl.,610,7801.1,Mažo užstatymo intensyvumo gyvenamoji zona,U_GG_M_F,"0,4*",0,KT,464,100.0,,,0.0,0.0,0.0,0.0,0.0,0.0,0.0,0.0,0.0
556800070117,440004223320,0.79,KlaipÓdos r. sav. VÓUaiNiÖ mstl.,610,7839.86,Vidutinio užstatymo intensyvumo gyvenamoji zona,U_GG_V_F,"0,8",0,KT,465,100.0,,,0.0,0.0,0.0,0.0,0.0,0.0,0.0,0.0,0.0
556800070177,440004933258,0.96,KlaipÓdos r. sav. VÓUaiNiÖ mstl.,610,10476.78,Mažo užstatymo intensyvumo gyvenamoji zona,U_GG_M_F,"0,4*",0,KT,464,100.0,,,0.0,0.0,0.0,0.0,0.0,0.0,0.0,0.0,0.0
556800070238,440011345478,2.79,KlaipÓdos r. sav. VÓUaiNiÖ mstl.,610,28251.44,Pramonės ir sandėliavimo zona,U_PS_F,"2,5",0,KT,575,100.0,,,0.0,0.0,0.0,0.0,0.0,0.0,0.0,0.0,0.0
556800080086,556800080086,0.24,KlaipÓdos r. sav. VÓUaiNiÖ mstl.,610,2725.24,Vidutinio užstatymo intensyvumo gyvenamoji zona,U_GG_V_F,"0,8",0,KT,465,100.0,,,0.0,0.0,0.0,0.0,0.0,0.0,0.0,0.0,0.0
556800080251,440046249884,0.1792,KlaipÓdos r. sav. VÓUaiNiÖ mstl. EgliÖ g. 4,995,1791.8,Vidutinio užstatymo intensyvumo gyvenamoji zona,U_GG_V_F,"0,8",0,KT,465,100.0,,,0.0,0.0,0.0,0.0,0.0,0.0,0.0,0.0,0.0
556800090167,556800090167,0.56,KlaipÓdos r. sav. MaciuiNiÖ k.,610,5763.16,Mažo užstatymo intensyvumo gyvenamoji zona,U_GG_M_F,"0,4*",0,KT,188,100.0,,,0.0,0.0,0.0,0.0,0.0,0.0,0.0,0.0,0.0
556800090171,556800090171,0.56,KlaipÓdos r. sav. KalniÕkÓs k. KalniÕkÓs g. 25,995,5562.87,Mažo užstatymo intensyvumo gyvenamoji zona,U_GG_M_F,"0,4*",0,KT,188,100.0,,,0.0,0.0,0.0,0.0,0.0,0.0,0.0,0.0,0.0
556800090334,440003637525,0.4,KlaipÓdos r. sav. MaciuiNiÖ k.,610,3613.62,Mažo užstatymo intensyvumo gyvenamoji zona,U_GG_M_F,"0,4*",0,KT,188,100.0,,,0.0,0.0,0.0,0.0,0.0,0.0,0.0,0.0,0.0
556800090383,440004797626,0.1158,KlaipÓdos r. sav. KalniÕkÓs k.,610,1157.79,Mažo užstatymo intensyvumo gyvenamoji zona,U_GG_M_F,"0,4*",0,KT,188,100.0,,,0.0,0.0,0.0,0.0,0.0,0.0,0.0,0.0,0.0
556800090523,440011269164,0.27,KlaipÓdos r. sav. MaciuiNiÖ k.,610,2700.38,Mažo užstatymo intensyvumo gyvenamoji zona,U_GG_M_F,"0,4*",0,KT,188,100.0,,,0.0,0.0,0.0,0.0,0.0,0.0,0.0,0.0,0.0
556800090565,440015996224,0.19,KlaipÓdos r. sav. MaciuiNiÖ k. SaulÓlydUio g. 13,610,1900.07,Mažo užstatymo intensyvumo gyvenamoji zona,U_GG_M_F,"0,4*",0,KT,188,100.0,,,0.0,0.0,0.0,0.0,0.0,0.0,0.0,0.0,0.0
556800100126,440004624802,0.512,KlaipÓdos r. sav. GerduvÓnÖ k.,610,5120.81,Mažo užstatymo intensyvumo gyvenamoji zona,U_GG_M_F,"0,4*",0,KT,198,100.0,,,0.0,0.0,0.0,0.0,0.0,0.0,0.0,0.0,0.0
556800100243,440021041096,3.4935,KlaipÓdos r. sav. GerduvÓnÖ k.,610,34935.4,"Bendro naudojimo erdvių, atskirųjų želdynų zona",U_BZ_F,"0,05",0,KT,195,58.38,Ekstensyvaus užstatymo gyvenamoji zona,U_GG_E_F,40.98,0.0,0.0,0.0,0.0,2.79,90.85,0.0,0.0
556800100269,440030546137,0.25,KlaipÓdos r. sav. GerduvÓnÖ k. VyÕniÖ g. 4,995,2500.24,Mažo užstatymo intensyvumo gyvenamoji zona,U_GG_M_F,"0,4*",0,KT,198,100.0,,,0.0,0.0,0.0,0.0,0.0,0.0,0.0,0.0,0.0
556800100271,440030546391,0.25,KlaipÓdos r. sav. GerduvÓnÖ k. VyÕniÖ g. 8,995,2500.21,Mažo užstatymo intensyvumo gyvenamoji zona,U_GG_M_F,"0,4*",0,KT,198,100.0,,,0.0,0.0,0.0,0.0,0.0,0.0,0.0,0.0,0.0
556800100328,440050109281,0.12,KlaipÓdos r. sav. GerduvÓnÖ k. ErdvÓs g. 6,995,1200.13,Mažo užstatymo intensyvumo gyvenamoji zona,U_GG_M_F,"0,4*",0,KT,198,100.0,,,0.0,0.0,0.0,0.0,0.0,0.0,0.0,0.0,0.0
556800110097,556800110097,0.31,KlaipÓdos r. sav. MaciuiNiÖ k. Skinijos g. 12,995,3100.17,Mažo užstatymo intensyvumo gyvenamoji zona,U_GG_M_F,"0,4*",0,KT,188,100.0,,,0.0,0.0,0.0,0.0,0.0,0.0,0.0,0.0,0.0
556800110209,440004887014,0.7,KlaipÓdos r. sav. MaciuiNiÖ k.,710,7506.32,Miškų ir miškingų teritorijų zona,MI_F,0,0,M;KT,112,99.03,Žemės ūkio teritorijų zona,ZU_F,0.97,0.0,0.0,0.0,0.0,0.0,0.0,0.0,0.0
556800110344,440038056701,0.09,KlaipÓdos r. sav. MaciuiNiÖ k. µUuolo g. 2B,995,900.02,Mažo užstatymo intensyvumo gyvenamoji zona,U_GG_M_F,"0,4*",0,KT,188,100.0,,,0.0,0.0,0.0,0.0,0.0,0.0,0.0,0.0,0.0
556800120138,556800120138,3.39,KlaipÓdos r. sav. EUaiNiÖ k.,610,33805.71,Žemės ūkio teritorijų zona,ZU_F,"0,05;0,8***",0,Z;KT,106,100.0,,,0.0,0.0,0.0,0.0,0.0,0.0,0.0,0.0,0.0
556800120258,440006751868,0.36,KlaipÓdos r. sav. MaciuiNiÖ k. LaisvÓs g. 55,995,3918.62,Žemės ūkio teritorijų zona,ZU_F,"0,05;0,8***",0,Z;KT,119,97.44,Miškų ir miškingų teritorijų zona,MI_F,2.56,0.0,0.0,0.0,0.0,0.0,0.0,0.0,0.0
556800120263,440006848680,1.75,KlaipÓdos r. sav. MaciuiNiÖ k.,610,18242.19,Žemės ūkio teritorijų zona,ZU_F,"0,05;0,8***",0,Z;KT,119,100.0,,,0.0,0.0,0.0,0.0,0.0,0.0,0.0,0.0,0.0
556800120430,440022086120,0.72,KlaipÓdos r. sav. MaciuiNiÖ k.,610,7508.93,Žemės ūkio teritorijų zona,ZU_F,"0,05;0,8***",0,Z;KT,119,100.0,,,0.0,0.0,0.0,0.0,0.0,0.0,0.0,0.0,0.0
556800130141,556800130141,0.0619,KlaipÓdos r. sav. VÓUaiNiÖ mstl. JazminÖ g. 19,610,619.04,Mažo užstatymo intensyvumo gyvenamoji zona,U_GG_M_F,"0,4*",0,KT,464,100.0,,,0.0,0.0,0.0,0.0,0.0,0.0,0.0,0.0,0.0
556800130186,556800130186,0.072,KlaipÓdos r. sav. VÓUaiNiÖ mstl. AlyvÖ g. 8,610,720.27,Mažo užstatymo intensyvumo gyvenamoji zona,U_GG_M_F,"0,4*",0,KT,464,100.0,,,0.0,0.0,0.0,0.0,0.0,0.0,0.0,0.0,0.0
