SKLYPO_ID,UNIKAL_ID,PLOTAS_REG,SKLYPO_PLOTAS_M2,PAGRINDINE_ZONOS_KODAS,PAGRINDINE_ZONOS_PROC,ANTRA_ZONOS_KODAS,ANTRA_ZONOS_PROC,ar_gyvenamoji_zona,ar_zemes_ukio_zona,ar_misku_zona,ar_vandenu_zona,ar_pramones_zona,ar_specializuota_zona,ar_zeldynu_zona,draustiniu_proc,rezervatu_proc,parku_proc,biosferos_poligonu_proc,bast_proc,past_proc,pajurio_juostos_proc,buferiniu_apsaugos_zonu_proc,misko_proc,kvr_poligonu_proc,kvr_apsaugos_zonu_proc,pelkiu_proc,saltinynu_proc,pievu_ganyklu_proc,drenazo_plotu_proc,rinktuvu_apsaugos_zonu_proc,gelezinkelio_ribojimo_zonos_proc,reiksmingu_ribojimu_kiekis,ar_yra_stiprus_ribojimas,vystymo_target
550100010113,440027447950,0.463,4630.49,U_GG_M_F,100.0,,0.0,1,0,0,0,0,0,0,0.0,0.0,0.0,0.0,0.0,0.0,0.0,0.0,0.0,0.0,0.0,0.0,0.0,0.0,100.0,0.0,0.0,1,0,vystymas_galimas_su_salygomis
550100010202,440031114233,0.3055,3055.0,U_GG_M_F,100.0,,0.0,1,0,0,0,0,0,0,0.0,0.0,0.0,0.0,0.0,0.0,0.0,0.0,0.0,0.0,0.0,0.0,0.0,0.0,100.0,0.0,0.0,1,0,vystymas_galimas_su_salygomis
550100010429,550100010429,3.6372,36371.88,ZU_F,98.62,MI_F,1.38,0,1,0,0,0,0,0,0.0,0.0,0.0,0.0,0.0,0.0,0.0,0.0,0.0,0.0,0.0,0.0,0.0,0.0,98.71,11.05,0.0,2,0,vystymas_galimas_su_salygomis
550100010648,440018127418,1.1,12931.51,U_GG_M_F,100.0,,0.0,1,0,0,0,0,0,0,0.0,0.0,0.0,0.0,0.0,0.0,0.0,0.0,0.0,0.0,0.0,0.0,0.0,0.0,82.79,10.14,0.0,2,0,vystymas_galimas_su_salygomis
550100010654,440019654763,0.42,4563.7,U_GG_M_F,100.0,,0.0,1,0,0,0,0,0,0,0.0,0.0,0.0,0.0,0.0,0.0,0.0,0.0,0.0,0.0,0.0,0.0,0.0,0.0,100.0,18.94,0.0,2,0,vystymas_galimas_su_salygomis
550100020006,550100020006,8.1921,81921.38,ZU_F,62.06,MI_F,33.59,0,1,0,0,0,0,0,100.0,0.0,0.0,0.0,39.09,0.0,0.0,0.0,37.94,0.0,0.0,0.0,0.0,0.0,2.37,0.0,0.0,4,1,vystymas_labai_apribotas
550100020030,550100020030,13.3634,133633.97,ZU_F,60.49,MI_F,30.42,0,1,0,0,0,0,0,16.68,0.0,0.0,0.0,16.56,0.0,0.0,0.0,30.25,0.0,0.0,0.0,0.0,0.0,70.36,0.27,0.0,5,1,vystymas_labai_apribotas
550100020044,550100020044,2.68,26800.25,MI_F,100.0,,0.0,0,0,1,0,0,0,0,0.0,0.0,0.0,0.0,0.0,0.0,0.0,0.0,100.0,0.0,0.0,0.0,0.0,0.0,0.0,0.0,0.0,1,0,vystymas_galimas_su_salygomis
550100030049,550100030049,1.81,20316.73,MI_F,95.36,ZU_F,4.64,0,0,1,0,0,0,0,0.0,0.0,0.0,0.0,0.0,0.0,0.0,0.0,95.54,0.0,0.0,0.0,0.0,0.0,1.12,1.73,0.0,3,0,vystymas_labai_apribotas
550100030222,440005895110,1.15,12446.88,ZU_F,100.0,,0.0,0,1,0,0,0,0,0,0.0,0.0,0.0,0.0,0.0,0.0,0.0,0.0,0.0,0.0,0.0,0.0,0.0,0.0,0.0,0.0,0.0,0,0,vystymas_galimas_su_salygomis
550100040054,550100040054,1.2627,12627.23,ZU_F,100.0,,0.0,0,1,0,0,0,0,0,0.0,0.0,0.0,0.0,0.0,0.0,0.0,0.0,0.0,0.0,0.0,0.0,0.0,0.0,100.0,0.0,0.0,1,0,vystymas_galimas_su_salygomis
550300010031,550300010031,6.53,67697.98,ZU_F,100.0,,0.0,0,1,0,0,0,0,0,0.0,0.0,0.0,0.0,0.0,0.0,0.0,0.0,0.0,0.0,0.0,0.0,0.0,0.0,100.0,6.25,0.0,2,0,vystymas_galimas_su_salygomis
550300010103,440045092251,0.4821,4820.85,ZU_F,100.0,,0.0,0,1,0,0,0,0,0,0.0,0.0,0.0,0.0,0.0,0.0,0.0,0.0,0.0,0.0,0.0,0.0,0.0,0.0,0.0,0.0,0.0,0,0,vystymas_galimas_su_salygomis
550300010512,440008052342,0.36,3599.91,ZU_F,100.0,,0.0,0,1,0,0,0,0,0,0.0,0.0,0.0,0.0,0.0,0.0,0.0,0.0,0.0,0.0,0.0,0.0,0.0,0.0,0.0,0.0,0.0,0,0,vystymas_galimas_su_salygomis
550300020045,550300020045,1.03,10299.85,ZU_F,100.0,,0.0,0,1,0,0,0,0,0,0.0,0.0,0.0,0.0,0.0,0.0,0.0,0.0,0.0,0.0,0.0,0.0,0.0,0.0,0.0,0.0,0.0,0,0,vystymas_galimas_su_salygomis
550300020123,440005946110,1.29,13399.7,ZU_F,100.0,,0.0,0,1,0,0,0,0,0,0.0,0.0,0.0,0.0,0.0,0.0,0.0,0.0,0.0,0.0,0.0,0.0,0.0,0.0,0.0,0.0,0.0,0,0,vystymas_galimas_su_salygomis
550300020171,440009178624,0.3833,3833.52,ZU_F,86.89,MI_F,13.11,0,1,0,0,0,0,0,0.0,0.0,0.0,0.0,0.0,0.0,0.0,0.0,0.0,0.0,0.0,0.0,0.0,0.0,0.97,0.0,0.0,1,0,vystymas_galimas_su_salygomis
550300030065,550300030065,6.3,66021.56,MI_F,91.66,ZU_F,8.33,0,0,1,0,0,0,0,0.0,0.0,0.0,0.0,0.0,0.0,0.0,0.0,92.32,0.0,0.0,0.0,0.0,0.0,0.84,0.36,0.0,3,0,vystymas_labai_apribotas
550300030106,550300030106,0.8217,8217.45,ZU_F,78.95,MI_F,21.05,0,1,0,0,0,0,0,0.0,0.0,0.0,0.0,0.0,0.0,0.0,0.0,0.0,0.0,0.0,0.0,0.0,0.0,0.0,0.0,0.0,0,0,vystymas_galimas_su_salygomis
550300030112,550300030112,0.2685,2685.86,ZU_F,100.0,,0.0,0,1,0,0,0,0,0,0.0,0.0,0.0,0.0,0.0,0.0,0.0,0.0,0.0,0.0,0.0,0.0,0.0,0.0,100.0,0.0,0.0,1,0,vystymas_galimas_su_salygomis
550300030133,550300030133,0.85,8500.06,U_GG_M_F,100.0,,0.0,1,0,0,0,0,0,0,0.0,0.0,0.0,0.0,0.0,0.0,0.0,0.0,0.0,0.0,0.0,0.0,0.0,0.0,100.0,0.0,0.0,1,0,vystymas_galimas_su_salygomis
550300030478,440004413725,7.15,72628.53,ZU_F,61.47,MI_F,29.37,0,1,0,0,0,0,0,0.0,0.0,0.0,0.0,0.0,0.0,0.0,0.0,32.43,0.0,0.0,0.0,0.0,0.0,65.43,17.07,0.0,3,0,vystymas_galimas_su_salygomis
550300030522,440006815301,17.04,173627.27,ZU_F,99.63,MI_F,0.37,0,1,0,0,0,0,0,0.0,0.0,0.0,0.0,0.0,0.0,0.0,0.0,0.0,0.0,0.0,0.0,0.0,0.0,100.0,2.61,0.0,2,0,vystymas_galimas_su_salygomis
550300030673,440041453389,0.1133,1132.74,U_GG_M_F,100.0,,0.0,1,0,0,0,0,0,0,0.0,0.0,0.0,0.0,0.0,0.0,0.0,0.0,0.0,0.0,0.0,0.0,0.0,0.0,0.0,0.0,0.0,0,0,vystymas_tiesiogiai_galimas
550300040032,550300040032,0.412,4120.06,U_PS_F,97.88,MI_F,2.12,0,0,0,0,1,0,0,0.0,0.0,0.0,0.0,0.0,0.0,0.0,0.0,2.11,0.0,0.0,0.0,0.0,0.0,0.0,0.0,0.0,1,0,vystymas_tiesiogiai_galimas
550300040167,440020119764,1.0955,10954.65,ZU_F,100.0,,0.0,0,1,0,0,0,0,0,0.0,0.0,0.0,0.0,0.0,0.0,0.0,0.0,0.0,0.0,0.0,0.0,0.0,0.0,100.0,2.59,0.0,2,0,vystymas_galimas_su_salygomis
550300060117,440043601970,0.8562,8568.82,ZU_F,100.0,,0.0,0,1,0,0,0,0,0,0.0,0.0,0.0,0.0,0.0,0.0,0.0,0.0,0.0,0.0,0.0,0.0,0.0,0.0,100.0,0.4,0.0,2,0,vystymas_galimas_su_salygomis
550300070191,440004089978,0.2564,2564.14,U_GG_V_F,100.0,,0.0,1,0,0,0,0,0,0,0.0,0.0,0.0,0.0,0.0,0.0,0.0,0.0,0.0,0.0,0.0,0.0,0.0,0.0,0.0,0.0,0.0,0,0,vystymas_tiesiogiai_galimas
550300070220,440005348443,0.97,9700.38,U_GG_V_F,100.0,,0.0,1,0,0,0,0,0,0,0.0,0.0,0.0,0.0,0.0,0.0,0.0,0.0,0.0,0.0,0.0,0.0,0.0,0.0,0.0,0.0,0.0,0,0,vystymas_tiesiogiai_galimas
550300070300,440049653403,0.0267,267.4,U_GG_V_F,100.0,,0.0,1,0,0,0,0,0,0,0.0,0.0,0.0,0.0,0.0,0.0,0.0,0.0,0.0,0.0,0.0,0.0,0.0,0.0,0.0,0.0,0.0,0,0,vystymas_tiesiogiai_galimas
550300080019,550300080019,3.69,36730.08,ZU_F,100.0,,0.0,0,1,0,0,0,0,0,0.0,0.0,0.0,0.0,0.0,0.0,0.0,0.0,0.0,0.0,0.0,0.0,0.0,0.0,100.0,16.24,0.0,2,0,vystymas_galimas_su_salygomis
550300080041,550300080041,0.83,144.47,U_GG_M_F,100.0,,0.0,1,0,0,0,0,0,0,0.0,0.0,0.0,0.0,0.0,0.0,0.0,0.0,0.0,0.0,0.0,0.0,0.0,0.0,38.67,0.0,0.0,1,0,vystymas_galimas_su_salygomis
550300080115,550300080115,0.53,5349.31,ZU_F,100.0,,0.0,0,1,0,0,0,0,0,0.0,0.0,0.0,0.0,0.0,0.0,0.0,0.0,0.0,0.0,0.0,0.0,0.0,0.0,100.0,11.24,0.0,2,0,vystymas_galimas_su_salygomis
550300080124,550300080124,0.1053,1052.66,U_GG_V_F,100.0,,0.0,1,0,0,0,0,0,0,0.0,0.0,0.0,0.0,0.0,0.0,0.0,0.0,0.0,0.0,0.0,0.0,0.0,0.0,100.0,0.0,0.0,1,0,vystymas_galimas_su_salygomis
550300080146,440002965588,0.46,4600.46,U_GG_V_F,100.0,,0.0,1,0,0,0,0,0,0,0.0,0.0,0.0,0.0,0.0,0.0,0.0,0.0,0.0,0.0,0.0,0.0,0.0,0.0,0.0,0.0,0.0,0,0,vystymas_tiesiogiai_galimas
550300080227,440008369682,0.25,2514.78,ZU_F,100.0,,0.0,0,1,0,0,0,0,0,0.0,0.0,0.0,0.0,0.0,0.0,0.0,0.0,0.0,0.0,0.0,0.0,0.0,0.0,100.0,10.09,0.0,2,0,vystymas_galimas_su_salygomis
550300080319,440019476366,1.23,12300.47,U_GG_M_F,100.0,,0.0,1,0,0,0,0,0,0,0.0,0.0,0.0,0.0,0.0,0.0,0.0,0.0,0.0,0.0,0.0,0.0,0.0,0.0,77.02,0.0,0.0,1,0,vystymas_galimas_su_salygomis
550300080323,440019493860,0.5374,5374.13,U_GG_M_F,100.0,U_GG_V_F,0.0,1,0,0,0,0,0,0,0.0,0.0,0.0,0.0,0.0,0.0,0.0,0.0,0.0,0.0,0.0,0.0,0.0,0.0,100.0,0.0,0.0,1,0,vystymas_galimas_su_salygomis
550300080347,440023120469,0.0949,949.34,U_GG_M_F,99.49,U_GG_V_F,0.51,1,0,0,0,0,0,0,0.0,0.0,0.0,0.0,0.0,0.0,0.0,0.0,0.0,0.0,0.0,0.0,0.0,0.0,100.0,0.0,0.0,1,0,vystymas_galimas_su_salygomis
550300080362,440039166004,0.5782,5782.4,ZU_F,87.53,MI_F,12.47,0,1,0,0,0,0,0,0.0,0.0,0.0,0.0,0.0,0.0,0.0,0.0,12.47,0.0,0.0,0.0,0.0,0.0,19.26,0.0,0.0,2,0,vystymas_galimas_su_salygomis
550300090155,440006530587,15.0,150000.63,ZU_F,100.0,,0.0,0,1,0,0,0,0,0,0.0,0.0,0.0,0.0,0.0,0.0,0.0,0.0,0.0,0.0,0.0,0.0,0.0,0.0,50.58,1.88,0.0,2,0,vystymas_galimas_su_salygomis
550300090166,440007642924,1.22,12863.26,MI_F,68.52,ZU_F,31.48,0,0,1,0,0,0,0,0.0,0.0,0.0,0.0,0.0,0.0,0.0,0.0,68.52,0.0,0.0,0.0,0.0,0.0,42.3,0.0,0.0,2,0,vystymas_labai_apribotas
550300090240,440019772013,2.4949,24948.76,ZU_F,100.0,,0.0,0,1,0,0,0,0,0,0.0,0.0,0.0,0.0,0.0,0.0,0.0,0.0,0.0,0.0,0.0,0.0,0.0,0.0,64.17,10.53,0.0,2,0,vystymas_galimas_su_salygomis
550500010006,550500010006,7.9,81796.49,ZU_F,100.0,MI_F,0.0,0,1,0,0,0,0,0,0.05,0.0,0.0,0.0,0.0,80.23,0.0,0.0,0.0,0.0,0.0,0.0,0.0,35.3,59.51,17.65,0.0,5,1,vystymas_labai_apribotas
550500010021,550500010021,6.16,61282.66,MI_F,58.7,ZU_F,40.73,0,0,1,0,0,0,0,16.34,0.0,0.0,0.0,16.34,0.82,0.0,0.0,58.54,0.0,0.0,0.0,0.0,0.0,40.62,0.0,0.0,5,1,vystymas_labai_apribotas
550500010068,550500010068,4.498700000000001,44742.17,ZU_F,100.0,,0.0,0,1,0,0,0,0,0,0.0,0.0,0.0,0.0,0.0,0.0,0.0,0.0,1.34,0.0,0.0,0.0,0.0,0.0,100.0,0.0,0.0,2,0,vystymas_galimas_su_salygomis
550500010090,550500010090,1.78,19414.97,ZU_F,100.0,ZU_F,0.0,0,1,0,0,0,0,0,0.0,0.0,0.0,0.0,0.0,0.0,0.0,0.0,0.0,0.0,0.0,0.0,0.0,0.0,100.0,7.86,0.0,2,0,vystymas_galimas_su_salygomis
550500010226,440009559182,2.74,27400.37,ZU_F,100.0,,0.0,0,1,0,0,0,0,0,0.0,0.0,0.0,0.0,0.0,0.0,0.0,0.0,0.0,0.0,0.0,0.0,0.0,0.0,100.0,1.24,0.0,2,0,vystymas_galimas_su_salygomis
550500010452,440023086424,2.0,19999.98,ZU_F,100.0,,0.0,0,1,0,0,0,0,0,0.0,0.0,0.0,0.0,0.0,0.0,0.0,0.0,0.0,0.0,0.0,0.0,0.0,0.0,100.0,0.0,0.0,1,0,vystymas_galimas_su_salygomis
550500010501,440025877708,0.176,1759.59,ZU_F,100.0,,0.0,0,1,0,0,0,0,0,0.0,0.0,0.0,0.0,0.0,0.0,0.0,0.0,0.0,0.0,0.0,0.0,0.0,0.0,100.0,9.01,0.0,2,0,vystymas_galimas_su_salygomis
550500010516,440025881423,0.1552,1551.84,ZU_F,100.0,,0.0,0,1,0,0,0,0,0,0.0,0.0,0.0,0.0,0.0,0.0,0.0,0.0,0.0,0.0,0.0,0.0,0.0,0.0,100.0,0.0,0.0,1,0,vystymas_galimas_su_salygomis
550500020202,440051427442,0.7178,7178.46,ZU_F,98.93,MI_F,1.07,0,1,0,0,0,0,0,0.0,0.0,0.0,0.0,0.0,0.0,0.0,0.0,1.07,0.0,0.0,0.0,0.0,0.0,26.07,22.84,0.0,3,0,vystymas_galimas_su_salygomis
550500030013,440024380532,0.0828,828.03,U_GG_M_F,98.68,MI_F,1.32,1,0,0,0,0,0,0,0.0,0.0,0.0,0.0,0.0,0.0,0.0,0.0,0.0,0.0,0.0,0.0,0.0,0.0,0.0,0.0,0.0,0,0,vystymas_tiesiogiai_galimas
550500030079,440003851584,0.059,589.97,U_GG_M_F,86.82,MI_F,13.18,1,0,0,0,0,0,0,0.0,0.0,0.0,0.0,0.0,0.0,0.0,0.0,0.0,0.0,0.0,0.0,0.0,0.0,0.0,0.0,0.0,0,0,vystymas_tiesiogiai_galimas
550500030196,550500030196,0.06,617.16,U_GG_M_F,100.0,,0.0,1,0,0,0,0,0,0,0.0,0.0,0.0,0.0,0.0,0.0,0.0,0.0,0.0,0.0,0.0,0.0,0.0,0.0,0.0,0.0,0.0,0,0,vystymas_tiesiogiai_galimas
550500030281,550500030281,0.0628,628.05,U_GG_M_F,100.0,,0.0,1,0,0,0,0,0,0,0.0,0.0,0.0,0.0,0.0,0.0,0.0,0.0,0.0,0.0,0.0,0.0,0.0,0.0,0.0,0.0,0.0,0,0,vystymas_tiesiogiai_galimas
550500040052,550500040052,0.0601,654.0,U_GG_M_F,100.0,,0.0,1,0,0,0,0,0,0,0.0,0.0,0.0,0.0,0.0,0.0,0.0,0.0,0.0,0.0,0.0,0.0,0.0,0.0,0.0,0.0,0.0,0,0,vystymas_tiesiogiai_galimas
550500040342,550500040342,0.06,620.66,U_GG_M_F,100.0,,0.0,1,0,0,0,0,0,0,0.0,0.0,0.0,0.0,0.0,0.0,0.0,0.0,0.0,0.0,0.0,0.0,0.0,0.0,0.0,0.0,0.0,0,0,vystymas_tiesiogiai_galimas
550500040355,550500040355,0.06,616.38,U_GG_M_F,100.0,,0.0,1,0,0,0,0,0,0,0.0,0.0,0.0,0.0,0.0,0.0,0.0,0.0,0.0,0.0,0.0,0.0,0.0,0.0,0.0,0.0,0.0,0,0,vystymas_tiesiogiai_galimas
550500040538,550500040538,0.0649,649.35,U_GG_M_F,100.0,,0.0,1,0,0,0,0,0,0,0.0,0.0,0.0,0.0,0.0,0.0,0.0,0.0,0.0,0.0,0.0,0.0,0.0,0.0,0.0,0.0,0.0,0,0,vystymas_tiesiogiai_galimas
550500050244,440014818096,2.6119,26119.22,ZU_F,100.0,,0.0,0,1,0,0,0,0,0,0.0,0.0,0.0,0.0,0.0,0.0,0.0,0.0,0.0,0.0,0.0,0.0,0.0,0.0,100.0,12.38,0.0,2,0,vystymas_galimas_su_salygomis
550500050267,440020391576,1.8,17829.33,ZU_F,100.0,,0.0,0,1,0,0,0,0,0,0.0,0.0,0.0,0.0,0.0,0.0,0.0,0.0,0.0,0.0,0.0,0.0,0.0,0.0,0.0,0.0,0.0,0,0,vystymas_galimas_su_salygomis
550500050285,440048869912,1.8445,18444.5,ZU_F,100.0,,0.0,0,1,0,0,0,0,0,0.0,0.0,0.0,0.0,0.0,0.0,0.0,0.0,0.0,0.0,0.0,0.0,0.0,0.0,100.0,0.0,0.0,1,0,vystymas_galimas_su_salygomis
550500060114,550500060114,0.0745,767.72,U_GG_M_F,100.0,,0.0,1,0,0,0,0,0,0,0.0,0.0,0.0,0.0,0.0,0.0,0.0,0.0,0.0,0.0,0.0,0.0,0.0,0.0,0.0,0.0,0.0,0,0,vystymas_tiesiogiai_galimas
550800010042,550800010042,14.0,137605.31,ZU_F,73.37,MI_F,19.83,0,1,0,0,0,0,0,3.84,0.0,0.0,0.0,7.48,0.0,0.0,0.0,19.31,0.0,0.0,0.0,0.0,0.0,78.3,3.74,0.0,5,1,vystymas_labai_apribotas
550800010133,440006660406,3.39,32955.42,ZU_F,100.0,,0.0,0,1,0,0,0,0,0,0.0,0.0,0.0,0.0,0.0,0.0,0.0,0.0,0.0,0.0,0.0,0.0,0.0,0.0,100.0,1.29,0.0,2,0,vystymas_galimas_su_salygomis
550800010204,440016326599,0.09,886.84,U_GG_E_F,100.0,,0.0,1,0,0,0,0,0,0,0.0,0.0,0.0,0.0,0.0,0.0,0.0,0.0,0.0,0.0,0.0,0.0,0.0,0.0,98.31,42.94,0.0,2,0,vystymas_galimas_su_salygomis
550800010280,440041854379,0.792,7919.9,MI_F,92.11,ZU_F,7.89,0,0,1,0,0,0,0,0.0,0.0,0.0,0.0,0.0,0.0,0.0,0.0,92.11,0.0,0.0,0.0,0.0,0.0,46.74,0.0,0.0,2,0,vystymas_labai_apribotas
550800020152,440011698638,0.49,4986.17,MI_F,72.18,ZU_F,26.87,0,0,1,0,0,0,0,99.53,0.0,0.0,0.0,99.09,0.0,0.0,0.0,72.18,0.0,0.0,0.0,0.0,0.0,0.0,0.0,0.0,3,1,vystymas_labai_apribotas
550800030225,440010774935,0.39,3695.45,ZU_F,100.0,,0.0,0,1,0,0,0,0,0,0.0,0.0,0.0,0.0,0.0,0.0,0.0,0.0,0.0,0.0,0.0,0.0,0.0,0.0,100.0,0.0,0.0,1,0,vystymas_galimas_su_salygomis
550800030250,440015208434,1.9,19072.86,ZU_F,100.0,,0.0,0,1,0,0,0,0,0,0.0,0.0,0.0,0.0,0.66,0.0,0.0,0.0,0.0,0.0,0.0,0.0,0.0,0.0,35.76,0.0,0.0,2,0,vystymas_galimas_su_salygomis
550800030265,440017959625,0.68,7191.81,ZU_F,100.0,,0.0,0,1,0,0,0,0,0,0.0,0.0,0.0,0.0,0.0,0.0,0.0,0.0,0.0,0.0,0.0,0.0,0.0,0.0,75.2,0.0,0.0,1,0,vystymas_galimas_su_salygomis
550800030283,440021906578,0.95,9609.7,ZU_F,99.33,MI_F,0.67,0,1,0,0,0,0,0,0.0,0.0,0.0,0.0,0.0,0.0,0.0,0.0,1.59,0.0,0.0,0.0,0.0,0.0,98.41,0.0,0.0,2,0,vystymas_galimas_su_salygomis
551000010080,440006870876,3.9229,39228.62,ZU_F,52.82,MI_F,47.18,0,1,0,0,0,0,0,0.0,0.0,0.0,0.0,0.0,0.0,0.0,0.0,46.71,0.0,0.0,0.0,0.0,0.0,99.43,0.0,0.0,2,0,vystymas_galimas_su_salygomis
551000010120,440009053189,1.95,20083.39,U_GG_E_F,100.0,,0.0,1,0,0,0,0,0,0,0.0,0.0,0.0,0.0,0.0,0.0,0.0,0.0,0.0,0.0,0.0,0.0,0.0,0.0,100.0,0.06,0.0,2,0,vystymas_galimas_su_salygomis
551000010157,440010204950,1.64,17201.97,U_GG_E_F,100.0,,0.0,1,0,0,0,0,0,0,0.0,0.0,0.0,0.0,0.0,0.0,0.0,0.0,0.0,0.0,0.0,0.0,0.0,0.0,100.0,19.03,0.0,2,0,vystymas_galimas_su_salygomis
551000010200,440020211805,0.3859,3859.19,U_GG_E_F,100.0,,0.0,1,0,0,0,0,0,0,0.0,0.0,0.0,0.0,0.0,0.0,0.0,0.0,0.0,0.0,0.0,0.0,0.0,0.0,100.0,0.0,0.0,1,0,vystymas_galimas_su_salygomis
551000020085,440001406880,0.15,1695.32,U_GG_E_F,100.0,,0.0,1,0,0,0,0,0,0,0.0,0.0,0.0,0.0,0.0,0.0,0.0,0.0,0.0,0.0,0.0,0.0,0.0,0.0,100.0,0.0,0.0,1,0,vystymas_galimas_su_salygomis
551000020178,440007693390,7.3234,73234.17,ZU_F,94.82,MI_F,5.18,0,1,0,0,0,0,0,0.0,0.0,0.0,0.0,0.0,0.0,0.0,0.0,5.19,0.0,0.0,0.0,0.0,0.0,0.0,0.0,0.0,1,0,vystymas_galimas_su_salygomis
551000020179,440007702790,0.48,4801.01,U_GG_E_F,100.0,,0.0,1,0,0,0,0,0,0,0.0,0.0,0.0,0.0,0.0,0.0,0.0,0.0,0.0,0.0,0.0,0.0,0.0,0.0,100.0,0.0,0.0,1,0,vystymas_galimas_su_salygomis
551000020198,440008208057,1.3991,13990.78,U_GG_E_F,100.0,,0.0,1,0,0,0,0,0,0,0.0,0.0,0.0,0.0,0.0,0.0,0.0,0.0,0.0,0.0,0.0,0.0,0.0,0.0,100.0,9.26,0.0,2,0,vystymas_galimas_su_salygomis
551000020211,440008688164,2.005,20049.89,U_GG_E_F,100.0,,0.0,1,0,0,0,0,0,0,0.0,0.0,0.0,0.0,0.0,0.0,0.0,0.0,0.0,0.0,0.0,0.0,0.0,0.0,100.0,11.76,0.0,2,0,vystymas_galimas_su_salygomis
551000020340,440011753372,0.141,1409.71,U_GG_E_F,100.0,,0.0,1,0,0,0,0,0,0,0.0,0.0,0.0,0.0,0.0,0.0,0.0,0.0,0.0,0.0,0.0,0.0,0.0,0.0,100.0,49.9,0.0,2,0,vystymas_galimas_su_salygomis
551000020357,440011754580,0.1714,1713.76,U_GG_E_F,100.0,,0.0,1,0,0,0,0,0,0,0.0,0.0,0.0,0.0,0.0,0.0,0.0,0.0,0.0,0.0,0.0,0.0,0.0,0.0,100.0,49.75,0.0,2,0,vystymas_galimas_su_salygomis
551000020376,440011755012,0.1123,1122.66,U_GG_E_F,100.0,,0.0,1,0,0,0,0,0,0,0.0,0.0,0.0,0.0,0.0,0.0,0.0,0.0,0.0,0.0,0.0,0.0,0.0,0.0,100.0,0.0,0.0,1,0,vystymas_galimas_su_salygomis
551000020444,440016329714,0.1,1000.0,U_GG_E_F,100.0,,0.0,1,0,0,0,0,0,0,0.0,0.0,0.0,0.0,0.0,0.0,0.0,0.0,0.0,0.0,0.0,0.0,0.0,0.0,100.0,0.0,0.0,1,0,vystymas_galimas_su_salygomis
551000020692,440050842265,0.5023,5023.14,U_GG_E_F,100.0,,0.0,1,0,0,0,0,0,0,0.0,0.0,0.0,0.0,0.0,0.0,0.0,0.0,0.0,0.0,0.0,0.0,0.0,0.0,100.0,36.48,0.0,2,0,vystymas_galimas_su_salygomis
551000030132,440028756774,0.3046,3045.89,U_GG_M_F,100.0,,0.0,1,0,0,0,0,0,0,0.0,0.0,0.0,0.0,0.0,0.0,0.0,0.0,0.0,0.0,0.0,0.0,0.0,0.0,100.0,0.0,0.0,1,0,vystymas_galimas_su_salygomis
551000030152,551000030152,0.0496,495.96,U_GG_M_F,100.0,,0.0,1,0,0,0,0,0,0,0.0,0.0,0.0,0.0,0.0,0.0,0.0,0.0,0.0,0.0,0.0,0.0,0.0,0.0,100.0,73.41,0.0,2,0,vystymas_galimas_su_salygomis
551000030438,440008771193,0.83,6678.64,U_PS_F,100.0,,0.0,0,0,0,0,1,0,0,0.0,0.0,0.0,0.0,0.0,0.0,0.0,0.0,0.0,0.0,0.0,0.0,0.0,0.0,100.0,1.13,0.0,2,0,vystymas_galimas_su_salygomis
551000030450,440009473074,4.0351,40351.01,U_GG_E_F,100.0,,0.0,1,0,0,0,0,0,0,0.0,0.0,0.0,0.0,0.0,0.0,0.0,0.0,0.0,0.0,0.88,0.0,0.0,0.0,100.0,0.92,0.0,3,1,vystymas_labai_apribotas
551000030507,440012307092,1.08,11667.67,U_GG_M_F,100.0,,0.0,1,0,0,0,0,0,0,0.0,0.0,0.0,0.0,0.0,0.0,0.0,0.0,0.0,0.0,0.0,0.0,0.0,0.0,100.0,0.0,0.0,1,0,vystymas_galimas_su_salygomis
551000040209,551000040209,0.6699,6702.37,U_GG_M_F,100.0,,0.0,1,0,0,0,0,0,0,0.0,0.0,0.0,0.0,0.0,0.0,0.0,0.0,0.0,0.0,0.0,0.0,0.0,0.0,100.0,0.0,0.0,1,0,vystymas_galimas_su_salygomis
551000040257,551000040257,0.2211,2211.73,U_GG_M_F,100.0,,0.0,1,0,0,0,0,0,0,0.0,0.0,0.0,0.0,0.0,0.0,0.0,0.0,0.0,0.0,0.0,0.0,0.0,0.0,100.0,0.0,0.0,1,0,vystymas_galimas_su_salygomis
551000040319,440004070062,0.2095,2095.42,U_GG_M_F,100.0,,0.0,1,0,0,0,0,0,0,0.0,0.0,0.0,0.0,0.0,0.0,0.0,0.0,0.0,0.0,0.0,0.0,0.0,0.0,100.0,0.0,0.0,1,0,vystymas_galimas_su_salygomis
551000040329,440004290892,0.168,1680.02,U_GG_M_F,100.0,,0.0,1,0,0,0,0,0,0,0.0,0.0,0.0,0.0,0.0,0.0,0.0,0.0,0.0,0.0,0.0,0.0,0.0,0.0,100.0,10.0,0.0,2,0,vystymas_galimas_su_salygomis
551000040457,440007752149,0.1501,1500.82,U_GG_M_F,100.0,,0.0,1,0,0,0,0,0,0,0.0,0.0,0.0,0.0,0.0,0.0,0.0,0.0,0.0,0.0,0.0,0.0,0.0,0.0,100.0,86.11,0.0,2,0,vystymas_galimas_su_salygomis
551000040470,440008690406,2.2164,22164.23,U_GG_M_F,99.38,MI_F,0.34,1,0,0,0,0,0,0,0.0,0.0,0.0,0.0,0.0,0.0,0.0,0.0,0.28,0.0,0.0,0.0,0.0,0.0,0.28,0.0,0.0,2,0,vystymas_galimas_su_salygomis
551000040496,440009927980,0.15,1499.92,U_GG_M_F,100.0,,0.0,1,0,0,0,0,0,0,0.0,0.0,0.0,0.0,0.0,0.0,0.0,0.0,0.0,0.0,0.0,0.0,0.0,0.0,100.0,19.01,0.0,2,0,vystymas_galimas_su_salygomis
551000040544,440015108128,0.1003,1002.53,U_GG_M_F,100.0,,0.0,1,0,0,0,0,0,0,0.0,0.0,0.0,0.0,0.0,0.0,0.0,0.0,0.0,0.0,0.0,0.0,0.0,0.0,100.0,11.01,0.0,2,0,vystymas_galimas_su_salygomis
551000040577,440015118079,0.1126,1131.07,U_GG_M_F,100.0,,0.0,1,0,0,0,0,0,0,0.0,0.0,0.0,0.0,0.0,0.0,0.0,0.0,0.0,0.0,0.0,0.0,0.0,0.0,100.0,0.0,0.0,1,0,vystymas_galimas_su_salygomis
551000040580,440015118246,0.1265,1264.62,MI_F,68.13,U_GG_M_F,31.87,0,0,1,0,0,0,0,0.0,0.0,0.0,0.0,0.0,0.0,0.0,0.0,68.13,0.0,0.0,0.0,0.0,0.0,100.0,0.0,0.0,2,0,vystymas_labai_apribotas
551000040604,440015990479,0.25,2500.01,U_GG_M_F,100.0,,0.0,1,0,0,0,0,0,0,0.0,0.0,0.0,0.0,0.0,0.0,0.0,0.0,0.0,0.0,0.0,0.0,0.0,0.0,100.0,0.0,0.0,1,0,vystymas_galimas_su_salygomis
551000040741,440040175951,0.0942,941.93,U_GG_M_F,100.0,,0.0,1,0,0,0,0,0,0,0.0,0.0,0.0,0.0,0.0,0.0,0.0,0.0,0.0,0.0,0.0,0.0,0.0,0.0,100.0,0.0,0.0,1,0,vystymas_galimas_su_salygomis
551000050172,440001200984,0.2537,2537.14,U_GG_E_F,100.0,,0.0,1,0,0,0,0,0,0,0.0,0.0,0.0,0.0,0.0,0.0,0.0,0.0,0.0,0.0,0.0,0.0,0.0,0.0,100.0,66.33,0.0,2,0,vystymas_galimas_su_salygomis
551000050184,440001202294,0.1545,1546.05,U_GG_E_F,100.0,,0.0,1,0,0,0,0,0,0,0.0,0.0,0.0,0.0,0.0,0.0,0.0,0.0,0.0,0.0,0.0,0.0,0.0,0.0,100.0,0.09,0.0,2,0,vystymas_galimas_su_salygomis
551000050196,440001203287,0.1938,1937.53,U_GG_E_F,100.0,,0.0,1,0,0,0,0,0,0,0.0,0.0,0.0,0.0,0.0,0.0,0.0,0.0,0.0,0.0,0.0,0.0,0.0,0.0,100.0,73.34,0.0,2,0,vystymas_galimas_su_salygomis
551000050649,440009106550,1.4,13645.13,ZU_F,100.0,,0.0,0,1,0,0,0,0,0,0.0,0.0,0.0,0.0,0.0,0.0,0.0,0.0,0.0,0.0,0.0,0.0,0.0,0.0,100.0,0.0,0.0,1,0,vystymas_galimas_su_salygomis
551000050707,440010136217,0.4,3999.95,U_GG_E_F,100.0,,0.0,1,0,0,0,0,0,0,0.0,0.0,0.0,0.0,0.0,0.0,0.0,0.0,0.0,0.0,0.0,0.0,0.0,0.0,86.97,24.1,0.0,2,0,vystymas_galimas_su_salygomis
551000050895,440014901938,3.95,43206.36,U_PS_F,65.09,U_GG_E_F,34.91,0,0,0,0,1,0,0,0.0,0.0,0.0,0.0,0.0,0.0,0.0,0.0,0.0,0.0,0.0,0.0,0.0,0.0,100.0,11.99,0.0,2,0,vystymas_galimas_su_salygomis
551000050969,440018019512,0.095,950.08,U_GG_E_F,100.0,,0.0,1,0,0,0,0,0,0,0.0,0.0,0.0,0.0,0.0,0.0,0.0,0.0,0.0,0.0,0.0,0.0,0.0,0.0,100.0,0.0,0.0,1,0,vystymas_galimas_su_salygomis
551000051132,440020542606,0.1046,1046.08,U_GG_E_F,100.0,,0.0,1,0,0,0,0,0,0,0.0,0.0,0.0,0.0,0.0,0.0,0.0,0.0,0.0,0.0,0.0,0.0,0.0,0.0,100.0,0.0,0.0,1,0,vystymas_galimas_su_salygomis
551000051293,440023784910,0.14,1400.21,U_GG_E_F,100.0,,0.0,1,0,0,0,0,0,0,0.0,0.0,0.0,0.0,0.0,0.0,0.0,0.0,0.0,0.0,0.0,0.0,0.0,0.0,100.0,0.0,0.0,1,0,vystymas_galimas_su_salygomis
551000051320,440030209013,0.3534,3533.83,U_GG_E_F,100.0,,0.0,1,0,0,0,0,0,0,0.0,0.0,0.0,0.0,0.0,0.0,0.0,0.0,0.0,0.0,0.0,0.0,0.0,0.0,93.44,0.0,0.0,1,0,vystymas_galimas_su_salygomis
551000051326,440030209279,0.0701,700.63,U_GG_E_F,100.0,,0.0,1,0,0,0,0,0,0,0.0,0.0,0.0,0.0,0.0,0.0,0.0,0.0,0.0,0.0,0.0,0.0,0.0,0.0,100.0,0.0,0.0,1,0,vystymas_galimas_su_salygomis
551000051610,440050610680,0.11,1099.97,ZU_F,100.0,,0.0,0,1,0,0,0,0,0,0.0,0.0,0.0,0.0,0.0,0.0,0.0,0.0,0.0,0.0,0.0,0.0,0.0,0.0,100.0,0.0,0.0,1,0,vystymas_galimas_su_salygomis
551300010118,551300010118,0.0596,611.84,U_GG_M_F,100.0,,0.0,1,0,0,0,0,0,0,0.0,0.0,0.0,0.0,0.0,0.0,0.0,0.0,0.0,0.0,0.0,0.0,0.0,0.0,0.0,0.0,0.0,0,0,vystymas_tiesiogiai_galimas
551300010142,551300010142,0.0597,628.1,U_GG_M_F,100.0,,0.0,1,0,0,0,0,0,0,0.0,0.0,0.0,0.0,0.0,0.0,0.0,0.0,0.0,0.0,0.0,0.0,0.0,0.0,0.0,0.0,0.0,0,0,vystymas_tiesiogiai_galimas
551300010212,551300010212,0.0607,607.21,U_GG_M_F,100.0,,0.0,1,0,0,0,0,0,0,0.0,0.0,0.0,0.0,0.0,0.0,0.0,0.0,0.0,0.0,0.0,0.0,0.0,0.0,0.0,0.0,0.0,0,0,vystymas_tiesiogiai_galimas
551300010259,551300010259,0.0628,572.35,U_GG_M_F,100.0,,0.0,1,0,0,0,0,0,0,0.0,0.0,0.0,0.0,0.0,0.0,0.0,0.0,0.0,0.0,0.0,0.0,0.0,0.0,0.0,0.0,0.0,0,0,vystymas_tiesiogiai_galimas
551300020054,551300020054,0.06,599.91,U_GG_M_F,100.0,,0.0,1,0,0,0,0,0,0,0.0,0.0,0.0,0.0,0.0,0.0,0.0,0.0,0.0,0.0,0.0,0.0,0.0,0.0,0.0,0.0,0.0,0,0,vystymas_tiesiogiai_galimas
551300020059,551300020059,0.06,614.53,U_GG_M_F,100.0,,0.0,1,0,0,0,0,0,0,0.0,0.0,0.0,0.0,0.0,0.0,0.0,0.0,0.0,0.0,0.0,0.0,0.0,0.0,0.0,0.0,0.0,0,0,vystymas_tiesiogiai_galimas
551300020070,551300020070,0.06,613.69,U_GG_M_F,100.0,,0.0,1,0,0,0,0,0,0,0.0,0.0,0.0,0.0,0.0,0.0,0.0,0.0,0.0,0.0,0.0,0.0,0.0,0.0,0.0,0.0,0.0,0,0,vystymas_tiesiogiai_galimas
551300020180,551300020180,0.06,601.65,U_GG_M_F,100.0,,0.0,1,0,0,0,0,0,0,0.0,0.0,0.0,0.0,0.0,0.0,0.0,0.0,0.0,0.0,0.0,0.0,0.0,0.0,0.0,0.0,0.0,0,0,vystymas_tiesiogiai_galimas
551300020207,551300020207,0.06,600.05,U_GG_M_F,100.0,,0.0,1,0,0,0,0,0,0,0.0,0.0,0.0,0.0,0.0,0.0,0.0,0.0,0.0,0.0,0.0,0.0,0.0,0.0,0.0,0.0,0.0,0,0,vystymas_tiesiogiai_galimas
551300030136,551300030136,0.06,588.23,U_GG_M_F,100.0,,0.0,1,0,0,0,0,0,0,0.0,0.0,0.0,0.0,0.0,0.0,0.0,0.0,0.0,0.0,0.0,0.0,0.0,0.0,0.0,0.0,0.0,0,0,vystymas_tiesiogiai_galimas
551300030157,551300030157,0.0632,627.2,U_GG_M_F,100.0,,0.0,1,0,0,0,0,0,0,0.0,0.0,0.0,0.0,0.0,0.0,0.0,0.0,0.0,0.0,0.0,0.0,0.0,0.0,0.0,0.0,0.0,0,0,vystymas_tiesiogiai_galimas
551300030169,551300030169,0.06,609.23,U_GG_M_F,100.0,,0.0,1,0,0,0,0,0,0,0.0,0.0,0.0,0.0,0.0,0.0,0.0,0.0,0.0,0.0,0.0,0.0,0.0,0.0,0.0,0.0,0.0,0,0,vystymas_tiesiogiai_galimas
551300030253,551300030253,0.0568,567.54,U_GG_M_F,100.0,,0.0,1,0,0,0,0,0,0,0.0,0.0,0.0,0.0,0.0,0.0,0.0,0.0,0.0,0.0,0.0,0.0,0.0,0.0,0.0,0.0,0.0,0,0,vystymas_tiesiogiai_galimas
551300040145,551300040145,0.0588,589.16,U_GG_M_F,100.0,,0.0,1,0,0,0,0,0,0,0.0,0.0,0.0,0.0,0.0,0.0,0.0,0.0,0.0,0.0,0.0,0.0,0.0,0.0,0.0,0.0,0.0,0,0,vystymas_tiesiogiai_galimas
551300040176,551300040176,0.06,570.44,U_GG_M_F,100.0,,0.0,1,0,0,0,0,0,0,0.0,0.0,0.0,0.0,0.0,0.0,0.0,0.0,0.0,0.0,0.0,0.0,0.0,0.0,0.0,0.0,0.0,0,0,vystymas_tiesiogiai_galimas
551300050028,440009369600,0.0607,606.5,U_GG_M_F,100.0,,0.0,1,0,0,0,0,0,0,0.0,0.0,0.0,0.0,0.0,0.0,0.0,0.0,0.0,0.0,0.0,0.0,0.0,0.0,0.0,0.0,0.0,0,0,vystymas_tiesiogiai_galimas
551300050313,551300050313,0.0597,598.4,U_GG_M_F,100.0,,0.0,1,0,0,0,0,0,0,0.0,0.0,0.0,0.0,0.0,0.0,0.0,0.0,0.0,0.0,0.0,0.0,0.0,0.0,0.0,0.0,0.0,0,0,vystymas_tiesiogiai_galimas
551300060103,551300060103,0.06,602.83,U_GG_M_F,100.0,,0.0,1,0,0,0,0,0,0,0.0,0.0,0.0,0.0,0.0,0.0,0.0,0.0,0.0,0.0,0.0,0.0,0.0,0.0,0.0,0.0,0.0,0,0,vystymas_tiesiogiai_galimas
551300060105,551300060105,0.06,565.39,U_GG_M_F,100.0,,0.0,1,0,0,0,0,0,0,0.0,0.0,0.0,0.0,0.0,0.0,0.0,0.0,0.0,0.0,0.0,0.0,0.0,0.0,0.0,0.0,0.0,0,0,vystymas_tiesiogiai_galimas
551300060258,551300060258,0.0605,605.07,U_GG_M_F,100.0,,0.0,1,0,0,0,0,0,0,0.0,0.0,0.0,0.0,0.0,0.0,0.0,0.0,0.0,0.0,0.0,0.0,0.0,0.0,0.0,0.0,0.0,0,0,vystymas_tiesiogiai_galimas
551300070007,551300070007,0.0585,617.97,U_GG_M_F,100.0,,0.0,1,0,0,0,0,0,0,0.0,0.0,0.0,0.0,0.0,0.0,0.0,0.0,0.0,0.0,0.0,0.0,0.0,0.0,0.0,0.0,0.0,0,0,vystymas_tiesiogiai_galimas
551300070117,551300070117,0.061,613.4,U_GG_M_F,100.0,,0.0,1,0,0,0,0,0,0,0.0,0.0,0.0,0.0,0.0,0.0,0.0,0.0,0.0,0.0,0.0,0.0,0.0,0.0,0.0,0.0,0.0,0,0,vystymas_tiesiogiai_galimas
551300090040,551300090040,0.0645,645.08,U_GG_M_F,100.0,,0.0,1,0,0,0,0,0,0,0.0,0.0,0.0,0.0,0.0,0.0,0.0,0.0,0.0,0.0,0.0,0.0,0.0,0.0,0.0,0.0,0.0,0,0,vystymas_tiesiogiai_galimas
551300090063,551300090063,0.06,601.62,U_GG_M_F,100.0,,0.0,1,0,0,0,0,0,0,0.0,0.0,0.0,0.0,0.0,0.0,0.0,0.0,0.0,0.0,0.0,0.0,0.0,0.0,0.0,0.0,0.0,0,0,vystymas_tiesiogiai_galimas
551300090088,551300090088,0.0638,637.76,U_GG_M_F,100.0,,0.0,1,0,0,0,0,0,0,0.0,0.0,0.0,0.0,0.0,0.0,0.0,0.0,0.0,0.0,0.0,0.0,0.0,0.0,0.0,0.0,0.0,0,0,vystymas_tiesiogiai_galimas
551300100064,551300100064,0.061,610.44,U_GG_M_F,100.0,,0.0,1,0,0,0,0,0,0,0.0,0.0,0.0,0.0,0.0,0.0,0.0,0.0,0.0,0.0,0.0,0.0,0.0,0.0,99.26,0.0,0.0,1,0,vystymas_galimas_su_salygomis
551300100124,551300100124,0.06,631.57,U_GG_M_F,100.0,ZU_F,0.0,1,0,0,0,0,0,0,0.0,0.0,0.0,0.0,0.0,0.0,0.0,0.0,0.0,0.0,0.0,0.0,0.0,0.0,0.0,0.0,0.0,0,0,vystymas_tiesiogiai_galimas
551300100126,551300100126,0.06,591.41,U_GG_M_F,100.0,,0.0,1,0,0,0,0,0,0,0.0,0.0,0.0,0.0,0.0,0.0,0.0,0.0,0.0,0.0,0.0,0.0,0.0,0.0,0.0,0.0,0.0,0,0,vystymas_tiesiogiai_galimas
551300100218,551300100218,0.06,594.88,U_GG_M_F,100.0,,0.0,1,0,0,0,0,0,0,0.0,0.0,0.0,0.0,0.0,0.0,0.0,0.0,0.0,0.0,0.0,0.0,0.0,0.0,100.0,0.0,0.0,1,0,vystymas_galimas_su_salygomis
551300110142,551300110142,0.0578,580.9,U_GG_M_F,100.0,,0.0,1,0,0,0,0,0,0,0.0,0.0,0.0,0.0,0.0,0.0,0.0,0.0,0.0,0.0,0.0,0.0,0.0,0.0,0.0,0.0,0.0,0,0,vystymas_tiesiogiai_galimas
551300110220,551300110220,0.0617,616.58,U_GG_M_F,100.0,,0.0,1,0,0,0,0,0,0,0.0,0.0,0.0,0.0,0.0,0.0,0.0,0.0,0.0,0.0,0.0,0.0,0.0,0.0,0.0,0.0,0.0,0,0,vystymas_tiesiogiai_galimas
551300120122,551300120122,0.0606,606.22,U_GG_M_F,100.0,,0.0,1,0,0,0,0,0,0,0.0,0.0,0.0,0.0,0.0,0.0,0.0,0.0,0.0,0.0,0.0,0.0,0.0,0.0,0.0,0.0,0.0,0,0,vystymas_tiesiogiai_galimas
551300120281,551300120281,0.0611,611.41,U_GG_M_F,100.0,,0.0,1,0,0,0,0,0,0,0.0,0.0,0.0,0.0,0.0,0.0,0.0,0.0,0.0,0.0,0.0,0.0,0.0,0.0,0.0,0.0,0.0,0,0,vystymas_tiesiogiai_galimas
551300130058,551300130058,0.0603,603.37,U_GG_M_F,100.0,,0.0,1,0,0,0,0,0,0,0.0,0.0,0.0,0.0,0.0,0.0,0.0,0.0,0.0,0.0,0.0,0.0,0.0,0.0,0.0,0.0,0.0,0,0,vystymas_tiesiogiai_galimas
551300130205,551300130205,0.06,599.98,U_GG_M_F,100.0,,0.0,1,0,0,0,0,0,0,0.0,0.0,0.0,0.0,0.0,0.0,0.0,0.0,0.0,0.0,0.0,0.0,0.0,0.0,0.0,0.0,0.0,0,0,vystymas_tiesiogiai_galimas
551300130234,551300130234,0.0636,635.63,U_GG_M_F,100.0,,0.0,1,0,0,0,0,0,0,0.0,0.0,0.0,0.0,0.0,0.0,0.0,0.0,0.0,0.0,0.0,0.0,0.0,0.0,0.0,0.0,0.0,0,0,vystymas_tiesiogiai_galimas
551300130298,551300130298,0.0576,589.97,U_GG_M_F,100.0,,0.0,1,0,0,0,0,0,0,0.0,0.0,0.0,0.0,0.0,0.0,0.0,0.0,0.0,0.0,0.0,0.0,0.0,0.0,0.0,0.0,0.0,0,0,vystymas_tiesiogiai_galimas
551300130312,551300130312,0.06,545.46,U_GG_M_F,100.0,,0.0,1,0,0,0,0,0,0,0.0,0.0,0.0,0.0,0.0,0.0,0.0,0.0,0.0,0.0,0.0,0.0,0.0,0.0,0.0,0.0,0.0,0,0,vystymas_tiesiogiai_galimas
551300140029,551300140029,0.057,546.34,U_GG_M_F,100.0,,0.0,1,0,0,0,0,0,0,0.0,0.0,0.0,0.0,0.0,0.0,0.0,0.0,0.0,0.0,0.0,0.0,0.0,0.0,0.0,0.0,0.0,0,0,vystymas_tiesiogiai_galimas
551300140063,551300140063,0.0638,631.63,U_GG_M_F,100.0,,0.0,1,0,0,0,0,0,0,0.0,0.0,0.0,0.0,0.0,0.0,0.0,0.0,0.0,0.0,0.0,0.0,0.0,0.0,0.0,0.0,0.0,0,0,vystymas_tiesiogiai_galimas
551300140196,551300140196,0.0629,629.33,U_GG_M_F,100.0,,0.0,1,0,0,0,0,0,0,0.0,0.0,0.0,0.0,0.0,0.0,0.0,0.0,0.0,0.0,0.0,0.0,0.0,0.0,0.0,0.0,0.0,0,0,vystymas_tiesiogiai_galimas
551300140349,440011792450,0.0286,286.02,U_GG_M_F,100.0,,0.0,1,0,0,0,0,0,0,0.0,0.0,0.0,0.0,0.0,0.0,0.0,0.0,0.0,0.0,0.0,0.0,0.0,0.0,0.0,0.0,0.0,0,0,vystymas_tiesiogiai_galimas
551300150282,551300150282,0.06,611.21,U_GG_M_F,100.0,,0.0,1,0,0,0,0,0,0,0.0,0.0,0.0,0.0,0.0,0.0,0.0,0.0,0.0,0.0,0.0,0.0,0.0,0.0,0.0,0.0,0.0,0,0,vystymas_tiesiogiai_galimas
551300150317,551300150317,0.0613,612.79,U_GG_M_F,100.0,,0.0,1,0,0,0,0,0,0,0.0,0.0,0.0,0.0,0.0,0.0,0.0,0.0,0.0,0.0,0.0,0.0,0.0,0.0,0.0,0.0,0.0,0,0,vystymas_tiesiogiai_galimas
551300150400,551300150400,0.06,580.45,U_GG_M_F,100.0,,0.0,1,0,0,0,0,0,0,0.0,0.0,0.0,0.0,0.0,0.0,0.0,0.0,0.0,0.0,0.0,0.0,0.0,0.0,0.0,0.0,0.0,0,0,vystymas_tiesiogiai_galimas
551300180248,551300180248,0.06,608.97,U_GG_M_F,100.0,,0.0,1,0,0,0,0,0,0,0.0,0.0,0.0,0.0,0.0,0.0,0.0,0.0,0.0,0.0,0.0,0.0,0.0,0.0,0.0,0.0,0.0,0,0,vystymas_tiesiogiai_galimas
551300180289,551300180289,0.06,604.41,U_GG_M_F,100.0,,0.0,1,0,0,0,0,0,0,0.0,0.0,0.0,0.0,0.0,0.0,0.0,0.0,0.0,0.0,0.0,0.0,0.0,0.0,0.0,0.0,0.0,0,0,vystymas_tiesiogiai_galimas
551300180338,551300180338,0.06,619.78,U_GG_M_F,100.0,,0.0,1,0,0,0,0,0,0,0.0,0.0,0.0,0.0,0.0,0.0,0.0,0.0,0.0,0.0,0.0,0.0,0.0,0.0,0.0,0.0,0.0,0,0,vystymas_tiesiogiai_galimas
551300190029,551300190029,0.0602,593.81,U_GG_M_F,100.0,,0.0,1,0,0,0,0,0,0,0.0,0.0,0.0,0.0,0.0,0.0,0.0,0.0,0.0,0.0,0.0,0.0,0.0,0.0,0.0,0.0,0.0,0,0,vystymas_tiesiogiai_galimas
551300190063,551300190063,0.0642,646.55,U_GG_M_F,100.0,,0.0,1,0,0,0,0,0,0,0.0,0.0,0.0,0.0,0.0,0.0,0.0,0.0,0.0,0.0,0.0,0.0,0.0,0.0,0.0,0.0,0.0,0,0,vystymas_tiesiogiai_galimas
551300190099,551300190099,0.06,600.06,U_GG_M_F,100.0,,0.0,1,0,0,0,0,0,0,0.0,0.0,0.0,0.0,0.0,0.0,0.0,0.0,0.0,0.0,0.0,0.0,0.0,0.0,0.0,0.0,0.0,0,0,vystymas_tiesiogiai_galimas
551300190239,551300190239,0.0708,665.13,U_GG_M_F,100.0,,0.0,1,0,0,0,0,0,0,0.0,0.0,0.0,0.0,0.0,0.0,0.0,0.0,0.0,0.0,0.0,0.0,0.0,0.0,0.0,0.0,0.0,0,0,vystymas_tiesiogiai_galimas
551300200016,551300200016,0.06,599.72,U_GG_M_F,100.0,,0.0,1,0,0,0,0,0,0,0.0,0.0,0.0,0.0,0.0,0.0,0.0,0.0,0.0,0.0,0.0,0.0,0.0,0.0,0.0,0.0,0.0,0,0,vystymas_tiesiogiai_galimas
551300210128,551300210128,0.0613,612.96,U_GG_M_F,100.0,,0.0,1,0,0,0,0,0,0,0.0,0.0,0.0,0.0,0.0,0.0,0.0,0.0,0.0,0.0,0.0,0.0,0.0,0.0,0.0,0.0,0.0,0,0,vystymas_tiesiogiai_galimas
551300210313,551300210313,0.06,594.45,U_GG_M_F,100.0,,0.0,1,0,0,0,0,0,0,0.0,0.0,0.0,0.0,0.0,0.0,0.0,0.0,0.0,0.0,0.0,0.0,0.0,0.0,0.0,0.0,0.0,0,0,vystymas_tiesiogiai_galimas
551300210540,551300210540,0.06,599.78,U_GG_M_F,100.0,,0.0,1,0,0,0,0,0,0,0.0,0.0,0.0,0.0,0.0,0.0,0.0,0.0,0.0,0.0,0.0,0.0,0.0,0.0,0.0,0.0,0.0,0,0,vystymas_tiesiogiai_galimas
551300210560,551300210560,0.0629,629.29,U_GG_M_F,100.0,,0.0,1,0,0,0,0,0,0,0.0,0.0,0.0,0.0,0.0,0.0,0.0,0.0,0.0,0.0,0.0,0.0,0.0,0.0,0.0,0.0,0.0,0,0,vystymas_tiesiogiai_galimas
551300210592,551300210592,0.0645,645.02,U_GG_M_F,100.0,,0.0,1,0,0,0,0,0,0,0.0,0.0,0.0,0.0,0.0,0.0,0.0,0.0,0.0,0.0,0.0,0.0,0.0,0.0,0.0,0.0,0.0,0,0,vystymas_tiesiogiai_galimas
551300210665,551300210665,0.06,625.44,U_GG_M_F,100.0,,0.0,1,0,0,0,0,0,0,0.0,0.0,0.0,0.0,0.0,0.0,0.0,0.0,0.0,0.0,0.0,0.0,0.0,0.0,0.0,0.0,0.0,0,0,vystymas_tiesiogiai_galimas
551300210687,551300210687,0.06,608.15,U_GG_M_F,100.0,,0.0,1,0,0,0,0,0,0,0.0,0.0,0.0,0.0,0.0,0.0,0.0,0.0,0.0,0.0,0.0,0.0,0.0,0.0,0.0,0.0,0.0,0,0,vystymas_tiesiogiai_galimas
551300210782,551300210782,0.06,603.3,U_GG_M_F,100.0,,0.0,1,0,0,0,0,0,0,0.0,0.0,0.0,0.0,0.0,0.0,0.0,0.0,0.0,0.0,0.0,0.0,0.0,0.0,0.0,0.0,0.0,0,0,vystymas_tiesiogiai_galimas
551300210788,551300210788,0.06,602.71,U_GG_M_F,100.0,,0.0,1,0,0,0,0,0,0,0.0,0.0,0.0,0.0,0.0,0.0,0.0,0.0,0.0,0.0,0.0,0.0,0.0,0.0,0.0,0.0,0.0,0,0,vystymas_tiesiogiai_galimas
551300210849,551300210849,0.06,602.93,U_GG_M_F,100.0,,0.0,1,0,0,0,0,0,0,0.0,0.0,0.0,0.0,0.0,0.0,0.0,0.0,0.0,0.0,0.0,0.0,0.0,0.0,0.0,0.0,0.0,0,0,vystymas_tiesiogiai_galimas
551300210853,551300210853,0.06,591.27,U_GG_M_F,100.0,,0.0,1,0,0,0,0,0,0,0.0,0.0,0.0,0.0,0.0,0.0,0.0,0.0,0.0,0.0,0.0,0.0,0.0,0.0,0.0,0.0,0.0,0,0,vystymas_tiesiogiai_galimas
551300210874,551300210874,0.06,616.39,U_GG_M_F,100.0,,0.0,1,0,0,0,0,0,0,0.0,0.0,0.0,0.0,0.0,0.0,0.0,0.0,0.0,0.0,0.0,0.0,0.0,0.0,0.0,0.0,0.0,0,0,vystymas_tiesiogiai_galimas
551300220030,440001528474,28.8893,288918.62,ZU_F,88.83,MI_F,8.99,0,1,0,0,0,0,0,0.0,0.0,0.0,0.0,0.0,0.0,0.0,0.0,9.12,4664.6,0.0,0.0,0.0,610840.59,0.0,0.0,0.0,3,1,vystymas_labai_apribotas
551300220033,440011533023,7.2252,72252.35,MI_F,69.16,ZU_F,17.05,0,0,1,0,0,0,0,13.7,0.0,0.0,0.0,25.33,13.7,0.0,0.0,79.97,0.0,0.0,0.19,0.0,11.83,0.0,0.0,0.0,6,1,vystymas_labai_apribotas
551300230278,551300230278,0.068,680.12,U_GG_M_F,100.0,,0.0,1,0,0,0,0,0,0,0.0,0.0,0.0,0.0,0.0,0.0,0.0,0.0,0.0,0.0,0.0,0.0,0.0,0.0,0.0,0.0,0.0,0,0,vystymas_tiesiogiai_galimas
551300230308,551300230308,0.06,627.29,U_GG_M_F,100.0,,0.0,1,0,0,0,0,0,0,0.0,0.0,0.0,0.0,0.0,0.0,0.0,0.0,0.0,0.0,0.0,0.0,0.0,0.0,0.0,0.0,0.0,0,0,vystymas_tiesiogiai_galimas
551300230338,551300230338,0.0622,669.63,U_GG_M_F,100.0,,0.0,1,0,0,0,0,0,0,0.0,0.0,0.0,0.0,0.0,0.0,0.0,0.0,0.0,0.0,0.0,0.0,0.0,0.0,0.0,0.0,0.0,0,0,vystymas_tiesiogiai_galimas
551300230457,551300230457,0.1079,1079.46,U_GG_M_F,100.0,,0.0,1,0,0,0,0,0,0,0.0,0.0,0.0,0.0,0.0,0.0,0.0,0.0,0.0,0.0,0.0,0.0,0.0,0.0,0.0,0.0,0.0,0,0,vystymas_tiesiogiai_galimas
551300230478,551300230478,0.062,636.13,U_GG_M_F,100.0,,0.0,1,0,0,0,0,0,0,0.0,0.0,0.0,0.0,0.0,0.0,0.0,0.0,0.0,0.0,0.0,0.0,0.0,0.0,0.0,0.0,0.0,0,0,vystymas_tiesiogiai_galimas
551300230480,551300230480,0.0639,638.6,U_GG_M_F,100.0,,0.0,1,0,0,0,0,0,0,0.0,0.0,0.0,0.0,0.0,0.0,0.0,0.0,0.0,0.0,0.0,0.0,0.0,0.0,0.0,0.0,0.0,0,0,vystymas_tiesiogiai_galimas
551500010176,440000765014,0.0161,161.41,U_GG_V_F,100.0,,0.0,1,0,0,0,0,0,0,0.0,0.0,0.0,0.0,0.0,0.0,0.0,0.0,0.0,0.0,0.0,0.0,0.0,0.0,0.0,0.0,0.0,0,0,vystymas_tiesiogiai_galimas
551500010333,440023659632,0.3239,3238.94,U_GG_V_F,100.0,,0.0,1,0,0,0,0,0,0,0.0,0.0,0.0,0.0,0.0,0.0,0.0,0.0,0.0,0.0,0.0,0.0,0.0,0.0,28.87,0.0,0.0,1,0,vystymas_galimas_su_salygomis
551500010366,440030857982,0.0547,547.38,U_GG_V_F,100.0,,0.0,1,0,0,0,0,0,0,0.0,0.0,0.0,0.0,0.0,0.0,0.0,0.0,0.0,0.0,0.0,0.0,0.0,0.0,0.0,0.0,0.0,0,0,vystymas_tiesiogiai_galimas
551500010386,440049435669,0.6017,6016.96,U_GG_V_F,100.0,,0.0,1,0,0,0,0,0,0,0.0,0.0,0.0,0.0,0.0,0.0,0.0,0.0,0.0,0.0,0.0,0.0,0.0,0.0,0.0,0.0,0.0,0,0,vystymas_tiesiogiai_galimas
551500020179,551500020179,0.6184,6186.14,U_GG_V_F,100.0,,0.0,1,0,0,0,0,0,0,0.0,0.0,0.0,0.0,0.0,0.0,0.0,0.0,0.0,0.0,0.0,0.0,0.0,0.0,0.0,0.0,0.0,0,0,vystymas_tiesiogiai_galimas
551500020228,440016576960,0.1006,1006.34,U_GG_M_F,100.0,,0.0,1,0,0,0,0,0,0,0.0,0.0,0.0,0.0,0.0,0.0,0.0,0.0,0.0,0.0,0.0,0.0,0.0,0.0,0.0,0.0,0.0,0,0,vystymas_tiesiogiai_galimas
551500020251,440016577836,0.0951,951.57,U_GG_M_F,100.0,,0.0,1,0,0,0,0,0,0,0.0,0.0,0.0,0.0,0.0,0.0,0.0,0.0,0.0,0.0,0.0,0.0,0.0,0.0,0.0,0.0,0.0,0,0,vystymas_tiesiogiai_galimas
551500030026,551500030026,1.0002,10001.54,ZU_F,100.0,,0.0,0,1,0,0,0,0,0,0.0,0.0,0.0,0.0,0.0,0.0,0.0,0.0,0.0,0.0,0.0,0.0,0.0,0.0,100.0,0.0,0.0,1,0,vystymas_galimas_su_salygomis
551500040010,551500040010,1.2,11553.78,U_GG_M_F,100.0,,0.0,1,0,0,0,0,0,0,0.0,0.0,0.0,0.0,0.0,0.0,0.0,0.0,0.0,0.0,0.0,0.0,0.0,0.0,100.0,0.0,0.0,1,0,vystymas_galimas_su_salygomis
551500040089,440002523171,0.46,4944.47,U_GG_M_F,99.04,U_GG_V_F,0.96,1,0,0,0,0,0,0,0.0,0.0,0.0,0.0,0.0,0.0,0.0,0.0,0.0,0.0,0.0,0.0,0.0,0.0,100.0,0.0,0.0,1,0,vystymas_galimas_su_salygomis
551500040190,440016922593,0.0957,956.97,U_GG_M_F,100.0,,0.0,1,0,0,0,0,0,0,0.0,0.0,0.0,0.0,0.0,0.0,0.0,0.0,0.0,0.0,0.0,0.0,0.0,0.0,0.0,0.0,0.0,0,0,vystymas_tiesiogiai_galimas
551500040313,440045874317,0.0962,961.93,U_GG_M_F,100.0,,0.0,1,0,0,0,0,0,0,0.0,0.0,0.0,0.19,0.19,0.0,0.0,0.0,0.0,0.0,0.0,0.0,0.0,0.0,0.0,0.0,0.0,2,0,vystymas_galimas_su_salygomis
551500050012,551500050012,17.1013,171013.0,U_GG_M_F,59.47,ZU_F,37.57,1,0,0,0,0,0,0,38.42,0.0,0.0,2.05,2.05,40.47,0.0,0.0,0.0,0.0,0.0,8.45,0.0,20.61,0.0,0.0,0.0,6,1,vystymas_labai_apribotas
551500050090,440004878548,0.3442,3441.63,U_GG_M_F,100.0,,0.0,1,0,0,0,0,0,0,0.0,0.0,0.0,0.0,0.0,0.0,0.0,0.0,0.0,0.0,0.0,0.0,0.0,0.0,0.0,0.0,0.0,0,0,vystymas_tiesiogiai_galimas
551500050112,440010025539,0.5952,5952.18,U_GG_M_F,71.19,MI_F,28.81,1,0,0,0,0,0,0,0.0,0.0,0.0,0.0,0.0,0.0,0.0,0.0,26.79,0.0,0.0,0.0,0.0,0.0,0.0,0.0,0.0,1,0,vystymas_galimas_su_salygomis
551500050196,440043182183,0.0424,424.17,U_GG_M_F,100.0,,0.0,1,0,0,0,0,0,0,0.0,0.0,0.0,0.0,0.0,0.0,0.0,0.0,0.0,0.0,0.0,0.0,0.0,0.0,0.0,0.0,0.0,0,0,vystymas_tiesiogiai_galimas
551500050262,440051328419,0.0407,407.46,U_GG_M_F,100.0,,0.0,1,0,0,0,0,0,0,0.0,0.0,0.0,0.0,0.0,0.0,0.0,0.0,0.0,0.0,0.0,0.0,0.0,0.0,0.0,0.0,0.0,0,0,vystymas_tiesiogiai_galimas
551500050305,440051333650,0.0512,512.24,U_GG_M_F,100.0,,0.0,1,0,0,0,0,0,0,0.0,0.0,0.0,0.0,0.0,0.0,0.0,0.0,0.0,0.0,0.0,0.0,0.0,0.0,0.0,0.0,0.0,0,0,vystymas_tiesiogiai_galimas
551500050307,440051333150,0.0668,667.53,U_GG_M_F,100.0,,0.0,1,0,0,0,0,0,0,0.0,0.0,0.0,0.0,0.0,0.0,0.0,0.0,0.0,0.0,0.0,0.0,0.0,0.0,0.0,0.0,0.0,0,0,vystymas_tiesiogiai_galimas
551800010210,440024158212,10.0238,100237.84,ZU_F,100.0,MI_F,0.0,0,1,0,0,0,0,0,0.0,0.0,0.0,0.0,0.0,0.0,0.0,0.0,0.0,0.0,0.0,0.0,0.0,0.0,0.0,0.0,0.0,0,0,vystymas_galimas_su_salygomis
551800040026,440026540281,0.3783,3783.2,U_GG_V_F,100.0,,0.0,1,0,0,0,0,0,0,0.0,0.0,0.0,0.0,0.0,0.0,0.0,0.0,0.0,0.0,0.0,0.0,0.0,0.0,0.0,0.0,0.0,0,0,vystymas_tiesiogiai_galimas
551800040086,551800040086,0.1398,1397.83,ZU_F,96.6,MI_F,3.4,0,1,0,0,0,0,0,0.0,0.0,0.0,0.0,0.0,0.0,0.0,0.0,1.7,0.0,0.0,0.0,0.0,0.0,0.0,0.0,0.0,1,0,vystymas_galimas_su_salygomis
551800040156,551800040156,0.2481,2480.59,U_GG_V_F,100.0,,0.0,1,0,0,0,0,0,0,0.0,0.0,0.0,0.0,0.0,0.0,0.0,0.0,0.0,0.0,0.0,0.0,0.0,0.0,0.0,0.0,0.0,0,0,vystymas_tiesiogiai_galimas
551800040158,440000523340,0.06,679.8,U_GG_V_F,100.0,,0.0,1,0,0,0,0,0,0,0.0,0.0,0.0,0.0,0.0,0.0,0.0,0.0,0.0,0.0,0.0,0.0,0.0,0.0,0.0,0.0,0.0,0,0,vystymas_tiesiogiai_galimas
551800040271,440009712814,0.16,1599.54,U_GG_V_F,100.0,,0.0,1,0,0,0,0,0,0,0.0,0.0,0.0,0.0,0.0,0.0,0.0,0.0,0.0,0.0,0.0,0.0,0.0,0.0,0.0,0.0,0.0,0,0,vystymas_tiesiogiai_galimas
551800040349,440038574297,16.9216,169216.17,ZU_F,96.7,ZU_F,3.25,0,1,0,0,0,0,0,0.0,0.0,0.0,0.0,0.01,0.0,0.0,0.0,0.35,0.0,0.0,0.0,0.0,0.0,99.65,15.44,0.0,4,0,vystymas_galimas_su_salygomis
551800050007,551800050007,1.51,18292.9,MI_F,70.3,ZU_F,29.7,0,0,1,0,0,0,0,0.0,0.0,0.0,0.0,0.0,0.0,0.0,0.0,69.36,0.0,0.0,0.0,0.0,0.0,6.28,0.0,0.0,2,0,vystymas_labai_apribotas
551800050009,551800050009,40.71,414469.51,MI_F,71.65,ZU_F,28.35,0,0,1,0,0,0,0,0.0,0.0,0.0,0.0,0.0,0.0,0.0,0.0,74.51,0.0,0.0,0.0,0.0,0.0,0.4,0.0,0.0,2,0,vystymas_labai_apribotas
551800050019,551800050019,6.6905,66905.52,MI_F,99.37,ZU_F,0.63,0,0,1,0,0,0,0,0.0,0.0,0.0,0.0,0.0,0.0,0.0,0.0,99.69,0.0,0.0,0.0,0.0,0.0,0.31,0.51,0.0,3,0,vystymas_labai_apribotas
551800050044,551800050044,3.22,31490.75,U_PS_F,100.0,,0.0,0,0,0,0,1,0,0,0.0,0.0,0.0,0.0,0.0,0.0,0.0,0.0,0.0,0.0,0.0,0.0,0.0,0.0,0.0,0.0,0.0,0,0,vystymas_tiesiogiai_galimas
551800050166,440001038739,3.05,30842.5,ZU_F,100.0,,0.0,0,1,0,0,0,0,0,0.0,0.0,0.0,0.0,0.0,0.0,0.0,0.0,0.0,0.0,0.0,0.0,0.0,0.0,0.0,0.0,0.0,0,0,vystymas_galimas_su_salygomis
551800060061,551800060061,4.029,40289.8,ZU_F,100.0,,0.0,0,1,0,0,0,0,0,0.0,0.0,0.0,0.0,0.0,0.0,0.0,0.0,0.0,0.0,0.0,0.0,0.0,0.0,100.0,7.01,0.0,2,0,vystymas_galimas_su_salygomis
551800060120,440000832613,32.1,320496.42,MI_F,75.12,ZU_F,24.88,0,0,1,0,0,0,0,0.0,0.0,0.0,0.0,0.0,0.0,0.0,0.0,75.16,0.0,0.0,0.0,0.0,0.0,0.0,0.0,0.0,1,0,vystymas_galimas_su_salygomis
551800060280,440009485010,1.18,11148.7,MI_F,100.0,,0.0,0,0,1,0,0,0,0,0.0,0.0,0.0,0.0,0.0,0.0,0.0,0.0,100.0,0.0,0.0,0.0,0.0,0.0,0.0,0.0,0.0,1,0,vystymas_galimas_su_salygomis
551800060335,440020569450,2.01,20477.28,ZU_F,100.0,,0.0,0,1,0,0,0,0,0,0.0,0.0,0.0,0.0,0.0,0.0,0.0,0.0,0.0,0.0,0.0,0.0,0.0,0.0,0.0,0.0,0.0,0,0,vystymas_galimas_su_salygomis
551800060398,440042580508,4.7151,47150.92,ZU_F,100.0,,0.0,0,1,0,0,0,0,0,0.0,0.0,0.0,0.0,0.0,0.0,0.0,0.0,0.0,0.0,0.0,0.0,0.0,0.0,0.0,0.0,0.0,0,0,vystymas_galimas_su_salygomis
551800070001,551800070001,2.9396,29396.53,U_PS_F,77.32,ZU_F,22.68,0,0,0,0,1,0,0,0.0,0.0,0.0,0.0,0.0,0.0,0.0,0.0,0.0,0.0,0.0,0.0,0.0,0.0,0.0,0.0,0.0,0,0,vystymas_tiesiogiai_galimas
551800070177,551800070177,1.04,10462.98,U_PS_F,100.0,,0.0,0,0,0,0,1,0,0,0.0,0.0,0.0,0.0,0.0,0.0,0.0,0.0,0.0,0.0,0.0,0.0,0.0,0.0,0.0,0.0,0.0,0,0,vystymas_tiesiogiai_galimas
551800070193,440000848148,0.25,2649.82,U_GG_V_F,100.0,,0.0,1,0,0,0,0,0,0,0.0,0.0,0.0,0.0,0.0,0.0,0.0,0.0,0.0,0.0,0.0,0.0,0.0,0.0,0.0,0.0,0.0,0,0,vystymas_tiesiogiai_galimas
551800080067,551800080067,16.259,162591.22,ZU_F,83.52,MI_F,16.27,0,1,0,0,0,0,0,0.0,0.0,0.0,0.0,0.0,0.0,0.0,0.0,16.39,0.0,0.0,0.0,0.0,0.0,77.91,0.0,0.0,2,0,vystymas_galimas_su_salygomis
551800080264,440030986380,2.7,27315.67,H_F,49.86,H_F,46.56,0,0,0,1,0,0,0,0.0,0.0,0.0,0.0,11.98,0.0,0.0,0.0,0.46,0.0,0.0,0.0,0.0,0.0,1.11,0.0,0.0,3,0,vystymas_labai_apribotas
551800090216,440007418539,0.856,8560.39,ZU_F,99.81,U_GG_M_F,0.19,0,1,0,0,0,0,0,0.0,0.0,0.0,0.0,0.0,0.0,0.0,0.0,0.0,0.0,0.0,0.0,0.0,0.0,0.0,0.0,0.0,0,0,vystymas_galimas_su_salygomis
551800090284,440018196160,0.5389,5389.33,U_GG_M_F,100.0,,0.0,1,0,0,0,0,0,0,0.0,0.0,0.0,0.0,0.0,0.0,0.0,0.0,0.0,0.0,0.0,0.0,0.0,0.0,0.0,0.0,0.0,0,0,vystymas_tiesiogiai_galimas
552000010135,552000010135,0.1276,1276.24,U_GG_V_F,100.0,,0.0,1,0,0,0,0,0,0,0.0,0.0,0.0,0.0,0.0,0.0,0.0,0.0,0.0,0.0,0.0,0.0,0.0,0.0,100.0,0.0,0.0,1,0,vystymas_galimas_su_salygomis
552000010162,440022991331,0.0722,722.45,U_GG_V_F,100.0,,0.0,1,0,0,0,0,0,0,0.0,0.0,0.0,0.0,0.0,0.0,0.0,0.0,0.0,0.0,0.0,0.0,0.0,0.0,100.0,0.0,0.0,1,0,vystymas_galimas_su_salygomis
552000010172,440015475762,0.19,1900.1,U_GG_V_F,100.0,,0.0,1,0,0,0,0,0,0,0.0,0.0,0.0,0.0,0.0,0.0,0.0,0.0,0.0,0.0,0.0,0.0,0.0,0.0,0.0,0.0,0.0,0,0,vystymas_tiesiogiai_galimas
552000010528,440042528376,0.0826,826.27,U_GG_V_F,100.0,,0.0,1,0,0,0,0,0,0,0.0,0.0,0.0,0.0,0.0,0.0,0.0,0.0,0.0,0.0,0.0,0.0,0.0,0.0,65.76,0.0,0.0,1,0,vystymas_galimas_su_salygomis
552000010529,440042526416,0.4562,4561.54,U_GG_V_F,100.0,,0.0,1,0,0,0,0,0,0,0.0,0.0,0.0,0.0,0.0,0.0,0.0,0.0,0.0,0.0,0.0,0.0,0.0,0.0,40.07,0.0,0.0,1,0,vystymas_galimas_su_salygomis
552000010601,440009108456,0.09,938.39,U_GG_V_F,100.0,,0.0,1,0,0,0,0,0,0,0.0,0.0,0.0,0.0,0.0,0.0,0.0,0.0,0.0,0.0,0.0,0.0,0.0,0.0,0.0,0.0,0.0,0,0,vystymas_tiesiogiai_galimas
552000010769,440031692696,0.0612,611.62,U_GG_V_F,100.0,,0.0,1,0,0,0,0,0,0,0.0,0.0,0.0,0.0,0.0,0.0,0.0,0.0,0.0,0.0,0.0,0.0,0.0,0.0,0.0,0.0,0.0,0,0,vystymas_tiesiogiai_galimas
552000010801,440041401969,0.1812,1811.69,U_GG_I_F,100.0,,0.0,1,0,0,0,0,0,0,0.0,0.0,0.0,0.0,0.0,0.0,0.0,0.0,0.0,0.0,0.0,0.0,0.0,0.0,0.0,0.0,0.0,0,0,vystymas_tiesiogiai_galimas
552000020040,552000020040,0.2526,2526.88,U_GG_V_F,100.0,,0.0,1,0,0,0,0,0,0,0.0,0.0,0.0,0.0,0.0,0.0,0.0,0.0,0.0,0.0,0.0,0.0,0.0,0.0,0.0,0.0,0.0,0,0,vystymas_tiesiogiai_galimas
552000040035,552000040035,0.2341,2341.51,U_GG_V_F,100.0,,0.0,1,0,0,0,0,0,0,0.0,0.0,0.0,0.0,0.0,0.0,0.0,0.0,0.0,0.0,0.0,0.0,0.0,0.0,0.0,0.0,0.0,0,0,vystymas_tiesiogiai_galimas
552000050079,552000050079,0.1078,1082.61,U_GG_I_F,100.0,,0.0,1,0,0,0,0,0,0,0.0,0.0,0.0,0.0,0.0,0.0,0.0,0.0,0.0,0.0,0.0,0.0,0.0,0.0,0.0,0.0,0.0,0,0,vystymas_tiesiogiai_galimas
552000050117,440047279241,0.1,1000.01,U_GG_V_F,100.0,,0.0,1,0,0,0,0,0,0,0.0,0.0,0.0,0.0,0.0,0.0,0.0,0.0,0.0,0.0,0.0,0.0,0.0,0.0,0.0,0.0,0.0,0,0,vystymas_tiesiogiai_galimas
552000070009,440027009998,0.1305,1304.78,U_GG_I_F,100.0,,0.0,1,0,0,0,0,0,0,0.0,0.0,0.0,0.0,0.0,0.0,0.0,0.0,0.0,0.0,0.0,0.0,0.0,0.0,0.0,0.0,0.0,0,0,vystymas_tiesiogiai_galimas
552000070177,552000070177,0.2099,2099.75,U_GG_I_F,100.0,,0.0,1,0,0,0,0,0,0,0.0,0.0,0.0,0.0,0.0,0.0,0.0,0.0,0.0,0.0,0.0,0.0,0.0,0.0,0.0,0.0,0.0,0,0,vystymas_tiesiogiai_galimas
552000070248,440021797984,0.058,579.88,U_GG_I_F,100.0,,0.0,1,0,0,0,0,0,0,0.0,0.0,0.0,0.0,0.0,0.0,0.0,0.0,0.0,0.0,0.0,0.0,0.0,0.0,0.0,0.0,0.0,0,0,vystymas_tiesiogiai_galimas
552000080001,552000080001,0.066,665.3,U_GG_I_F,100.0,,0.0,1,0,0,0,0,0,0,0.0,0.0,0.0,0.0,0.0,0.0,0.0,0.0,0.0,0.0,0.0,0.0,0.0,0.0,0.0,0.0,0.0,0,0,vystymas_tiesiogiai_galimas
552000080140,440004923906,0.1011,1011.09,U_GG_I_F,100.0,,0.0,1,0,0,0,0,0,0,0.0,0.0,0.0,0.0,0.0,0.0,0.0,0.0,0.0,0.0,0.0,0.0,0.0,0.0,0.0,0.0,0.0,0,0,vystymas_tiesiogiai_galimas
552000090124,440012141160,0.0841,840.91,U_GG_V_F,100.0,,0.0,1,0,0,0,0,0,0,0.0,0.0,0.0,0.0,0.0,0.0,0.0,0.0,0.0,0.0,0.0,0.0,0.0,0.0,100.0,0.0,0.0,1,0,vystymas_galimas_su_salygomis
552000090151,440012089128,0.1108,1108.04,U_GG_V_F,100.0,,0.0,1,0,0,0,0,0,0,0.0,0.0,0.0,0.0,0.0,0.0,0.0,0.0,0.0,0.0,0.0,0.0,0.0,0.0,100.0,86.64,0.0,2,0,vystymas_galimas_su_salygomis
552000090179,440012156331,0.1274,1273.88,U_GG_V_F,100.0,,0.0,1,0,0,0,0,0,0,0.0,0.0,0.0,0.0,0.0,0.0,0.0,0.0,0.0,0.0,0.0,0.0,0.0,0.0,100.0,0.0,0.0,1,0,vystymas_galimas_su_salygomis
552000090289,551000050087,1.7869,17869.1,U_GG_V_F,100.0,,0.0,1,0,0,0,0,0,0,0.0,0.0,0.0,0.0,0.0,0.0,0.0,0.0,0.0,0.0,0.0,0.0,0.0,0.0,100.0,0.0,0.0,1,0,vystymas_galimas_su_salygomis
552000090317,440008681818,0.1253,1252.92,U_GG_V_F,100.0,,0.0,1,0,0,0,0,0,0,0.0,0.0,0.0,0.0,0.0,0.0,0.0,0.0,0.0,0.0,0.0,0.0,0.0,0.0,0.0,0.0,0.0,0,0,vystymas_tiesiogiai_galimas
552000090356,551000050018,12.0,119409.36,U_GG_V_F,100.0,U_GG_E_F,0.0,1,0,0,0,0,0,0,0.0,0.0,0.0,0.0,0.0,0.0,0.0,0.0,0.0,0.0,0.0,0.0,0.0,0.0,0.0,0.0,0.0,0,0,vystymas_tiesiogiai_galimas
552000090474,440030547145,0.029,289.81,U_GG_V_F,100.0,,0.0,1,0,0,0,0,0,0,0.0,0.0,0.0,0.0,0.0,0.0,0.0,0.0,0.0,0.0,0.0,0.0,0.0,0.0,100.0,0.0,0.0,1,0,vystymas_galimas_su_salygomis
552000090487,440032218523,0.1135,1134.51,U_GG_V_F,100.0,,0.0,1,0,0,0,0,0,0,0.0,0.0,0.0,0.0,0.0,0.0,0.0,0.0,0.0,0.0,0.0,0.0,0.0,0.0,86.83,0.0,0.0,1,0,vystymas_galimas_su_salygomis
552000100038,552000100038,0.1095,1094.62,U_GG_I_F,100.0,,0.0,1,0,0,0,0,0,0,0.0,0.0,0.0,0.0,0.0,0.0,0.0,0.0,0.0,0.0,0.0,0.0,0.0,0.0,0.0,0.0,0.0,0,0,vystymas_tiesiogiai_galimas
552000100063,552000100063,0.0927,927.49,U_GG_I_F,100.0,,0.0,1,0,0,0,0,0,0,0.0,0.0,0.0,0.0,0.0,0.0,0.0,0.0,0.0,0.0,0.0,0.0,0.0,0.0,0.0,0.0,0.0,0,0,vystymas_tiesiogiai_galimas
552000100070,552000100070,0.112,1120.41,U_GG_I_F,100.0,,0.0,1,0,0,0,0,0,0,0.0,0.0,0.0,0.0,0.0,0.0,0.0,0.0,0.0,0.0,0.0,0.0,0.0,0.0,0.0,0.0,0.0,0,0,vystymas_tiesiogiai_galimas
552000100086,552000100086,0.0761,761.55,U_GG_I_F,100.0,,0.0,1,0,0,0,0,0,0,0.0,0.0,0.0,0.0,0.0,0.0,0.0,0.0,0.0,0.0,0.0,0.0,0.0,0.0,0.0,0.0,0.0,0,0,vystymas_tiesiogiai_galimas
552000100105,440020772401,0.0853,852.72,U_GG_I_F,100.0,,0.0,1,0,0,0,0,0,0,0.0,0.0,0.0,0.0,0.0,0.0,0.0,0.0,0.0,0.0,0.0,0.0,0.0,0.0,0.0,0.0,0.0,0,0,vystymas_tiesiogiai_galimas
552000110209,440004795431,0.08,800.32,U_GG_I_F,100.0,,0.0,1,0,0,0,0,0,0,0.0,0.0,0.0,0.0,0.0,0.0,0.0,0.0,0.0,0.0,0.0,0.0,0.0,0.0,0.0,0.0,0.0,0,0,vystymas_tiesiogiai_galimas
552000140021,552000140021,0.1274,1274.6,U_GG_I_F,100.0,,0.0,1,0,0,0,0,0,0,0.0,0.0,0.0,0.0,0.0,0.0,0.0,0.0,0.0,0.0,0.0,0.0,0.0,0.0,0.0,0.0,0.0,0,0,vystymas_tiesiogiai_galimas
552000140084,552000140084,0.7595,7600.64,U_GG_I_F,100.0,U_GG_E_F,0.0,1,0,0,0,0,0,0,0.0,0.0,0.0,0.0,0.0,0.0,0.0,0.0,0.0,0.0,0.0,0.0,0.0,0.0,0.0,0.0,0.0,0,0,vystymas_tiesiogiai_galimas
552000150150,552000150150,0.0598,543.88,U_GG_E_F,100.0,,0.0,1,0,0,0,0,0,0,0.0,0.0,0.0,0.0,0.0,0.0,0.0,0.0,0.0,0.0,0.0,0.0,0.0,0.0,0.0,0.0,0.0,0,0,vystymas_tiesiogiai_galimas
552000150224,440029598290,0.0118,118.03,U_BZ_F,58.43,U_GG_E_F,41.57,0,0,0,0,0,0,1,58.43,0.0,0.0,0.0,100.0,0.0,0.0,0.0,0.0,0.0,0.0,0.0,0.0,0.0,0.0,0.0,0.0,2,1,vystymas_labai_apribotas
552000150260,552000150260,0.0495,494.87,U_GG_E_F,100.0,,0.0,1,0,0,0,0,0,0,0.0,0.0,0.0,0.0,0.0,0.0,0.0,0.0,0.0,0.0,0.0,0.0,0.0,0.0,0.0,0.0,0.0,0,0,vystymas_tiesiogiai_galimas
552000170259,552000140212,0.1576,1575.77,U_GG_E_F,100.0,U_GG_I_F,0.0,1,0,0,0,0,0,0,0.0,0.0,0.0,0.0,0.0,0.0,0.0,0.0,0.0,0.0,0.0,0.0,0.0,0.0,0.0,0.0,0.0,0,0,vystymas_tiesiogiai_galimas
552000180027,552000180027,0.0582,582.26,U_GG_E_F,100.0,,0.0,1,0,0,0,0,0,0,0.0,0.0,0.0,0.0,0.0,0.0,0.0,0.0,0.0,0.0,0.0,0.0,0.0,0.0,0.0,0.0,0.0,0,0,vystymas_tiesiogiai_galimas
552000180086,552000180086,0.05,500.42,U_GG_E_F,100.0,,0.0,1,0,0,0,0,0,0,0.0,0.0,0.0,0.0,0.0,0.0,0.0,0.0,0.0,0.0,0.0,0.0,0.0,0.0,0.0,0.0,0.0,0,0,vystymas_tiesiogiai_galimas
552000180105,552000180105,0.05,510.87,U_GG_E_F,100.0,,0.0,1,0,0,0,0,0,0,0.0,0.0,0.0,0.0,0.0,0.0,0.0,0.0,0.0,0.0,0.0,0.0,0.0,0.0,0.0,0.0,0.0,0,0,vystymas_tiesiogiai_galimas
552000180177,552000180177,0.0998,1000.3,U_GG_E_F,100.0,,0.0,1,0,0,0,0,0,0,0.0,0.0,0.0,0.0,0.0,0.0,0.0,0.0,0.0,0.0,0.0,0.0,0.0,0.0,0.0,0.0,0.0,0,0,vystymas_tiesiogiai_galimas
552000180237,552000180237,0.0431,430.97,U_GG_E_F,100.0,,0.0,1,0,0,0,0,0,0,0.0,0.0,0.0,0.0,0.0,0.0,0.0,0.0,0.0,0.0,0.0,0.0,0.0,0.0,0.0,0.0,0.0,0,0,vystymas_tiesiogiai_galimas
552000180318,552000180318,0.0428,395.25,U_GG_E_F,100.0,,0.0,1,0,0,0,0,0,0,0.0,0.0,0.0,0.0,0.0,0.0,0.0,0.0,0.0,0.0,0.0,0.0,0.0,0.0,0.0,0.0,0.0,0,0,vystymas_tiesiogiai_galimas
552000190002,552000190002,5.9336,4224.99,U_PS_F,100.0,,0.0,0,0,0,0,1,0,0,0.0,0.0,0.0,0.0,0.0,0.0,0.0,0.0,0.0,0.0,0.0,0.0,0.0,0.0,0.0,0.0,0.0,0,0,vystymas_tiesiogiai_galimas
552000190084,440039673046,0.1269,1268.54,U_PS_F,100.0,,0.0,0,0,0,0,1,0,0,0.0,0.0,0.0,0.0,0.0,0.0,0.0,0.0,0.0,0.0,0.0,0.0,0.0,0.0,0.0,0.0,0.0,0,0,vystymas_tiesiogiai_galimas
552000200135,552000200135,0.05,515.3,U_GG_M_F,100.0,,0.0,1,0,0,0,0,0,0,0.0,0.0,0.0,0.0,0.0,0.0,0.0,0.0,0.0,0.0,0.0,0.0,0.0,0.0,100.0,0.0,0.0,1,0,vystymas_galimas_su_salygomis
552300020095,552300020095,0.15,1500.55,U_GG_V_F,100.0,,0.0,1,0,0,0,0,0,0,0.0,0.0,0.0,0.0,0.0,0.0,0.0,0.0,0.0,0.0,0.0,0.0,0.0,0.0,100.0,0.0,0.0,1,0,vystymas_galimas_su_salygomis
552300020097,552300020097,0.15,1500.48,U_GG_V_F,100.0,,0.0,1,0,0,0,0,0,0,0.0,0.0,0.0,0.0,0.0,0.0,0.0,0.0,0.0,0.0,0.0,0.0,0.0,0.0,100.0,0.0,0.0,1,0,vystymas_galimas_su_salygomis
552300020126,552300020126,0.2267,2266.8,U_GG_V_F,100.0,,0.0,1,0,0,0,0,0,0,0.0,0.0,0.0,0.0,0.0,0.0,0.0,0.0,0.0,0.0,0.0,0.0,0.0,0.0,4.62,21.24,0.0,2,0,vystymas_galimas_su_salygomis
552300020318,440002053572,0.162,1620.12,U_GG_V_F,100.0,,0.0,1,0,0,0,0,0,0,0.0,0.0,0.0,0.0,0.0,0.0,0.0,0.0,0.0,0.0,0.0,0.0,0.0,0.0,100.0,0.0,0.0,1,0,vystymas_galimas_su_salygomis
552300020345,440002592560,1.53,15300.33,U_PS_F,100.0,,0.0,0,0,0,0,1,0,0,0.0,0.0,0.0,0.0,0.0,0.0,0.0,0.0,0.0,0.0,0.0,0.0,0.0,0.0,100.0,9.68,0.0,2,0,vystymas_galimas_su_salygomis
552300020525,440008861081,0.1207,1207.38,U_GG_V_F,100.0,,0.0,1,0,0,0,0,0,0,0.0,0.0,0.0,0.0,0.0,0.0,0.0,0.0,0.0,0.0,0.0,0.0,0.0,0.0,6.82,44.33,0.0,2,0,vystymas_galimas_su_salygomis
552300020750,440017835578,0.0701,700.57,U_GG_V_F,100.0,,0.0,1,0,0,0,0,0,0,0.0,0.0,0.0,0.0,0.0,0.0,0.0,0.0,0.0,0.0,0.0,0.0,0.0,0.0,0.0,0.0,0.0,0,0,vystymas_tiesiogiai_galimas
552300020791,440019754559,0.1878,1878.17,U_GG_V_F,100.0,,0.0,1,0,0,0,0,0,0,0.0,0.0,0.0,0.0,0.0,0.0,0.0,0.0,0.0,0.0,0.0,0.0,0.0,0.0,100.0,42.16,0.0,2,0,vystymas_galimas_su_salygomis
552300021011,440030065388,0.1105,1104.71,U_GG_V_F,100.0,,0.0,1,0,0,0,0,0,0,0.0,0.0,0.0,0.0,0.0,0.0,0.0,0.0,0.0,0.0,0.0,0.0,0.0,0.0,0.36,15.6,0.0,2,0,vystymas_galimas_su_salygomis
552300021040,440039126146,0.0848,848.22,U_GG_V_F,100.0,,0.0,1,0,0,0,0,0,0,0.0,0.0,0.0,0.0,0.0,0.0,0.0,0.0,0.0,0.0,0.0,0.0,0.0,0.0,100.0,75.2,0.0,2,0,vystymas_galimas_su_salygomis
552300030518,440015427397,0.06,600.18,U_GG_V_F,100.0,,0.0,1,0,0,0,0,0,0,0.0,0.0,0.0,0.0,0.0,0.0,0.0,0.0,0.0,0.0,0.0,0.0,0.0,0.0,100.0,0.0,0.0,1,0,vystymas_galimas_su_salygomis
552300030626,440019972815,0.1616,1616.17,U_GG_V_F,100.0,,0.0,1,0,0,0,0,0,0,0.0,0.0,0.0,0.0,0.0,0.0,0.0,0.0,0.0,0.0,0.0,0.0,0.0,0.0,52.69,0.0,0.0,1,0,vystymas_galimas_su_salygomis
552300030654,440020626168,0.08,799.94,U_GG_M_F,100.0,,0.0,1,0,0,0,0,0,0,0.0,0.0,0.0,0.0,0.0,0.0,0.0,0.0,0.0,0.0,0.0,0.0,0.0,0.0,100.0,0.0,0.0,1,0,vystymas_galimas_su_salygomis
552300030661,440020628973,0.241,2410.15,U_GG_M_F,100.0,,0.0,1,0,0,0,0,0,0,0.0,0.0,0.0,0.0,0.0,0.0,0.0,0.0,0.0,0.0,0.0,0.0,0.0,0.0,100.0,40.79,0.0,2,0,vystymas_galimas_su_salygomis
552300030677,440020629505,0.0825,824.91,U_GG_M_F,100.0,,0.0,1,0,0,0,0,0,0,0.0,0.0,0.0,0.0,0.0,0.0,0.0,0.0,0.0,0.0,0.0,0.0,0.0,0.0,100.0,0.0,0.0,1,0,vystymas_galimas_su_salygomis
552300030795,440032193698,0.0928,927.46,U_GG_M_F,100.0,,0.0,1,0,0,0,0,0,0,0.0,0.0,0.0,0.0,0.0,0.0,0.0,0.0,0.0,0.0,0.0,0.0,0.0,0.0,100.0,0.0,0.0,1,0,vystymas_galimas_su_salygomis
552300030872,440039387478,0.124,1239.8,U_GG_V_F,100.0,,0.0,1,0,0,0,0,0,0,0.0,0.0,0.0,0.0,0.0,0.0,0.0,0.0,0.0,0.0,0.0,0.0,0.0,0.0,100.0,0.0,0.0,1,0,vystymas_galimas_su_salygomis
552300030874,440039388886,0.1271,1270.83,U_GG_V_F,100.0,,0.0,1,0,0,0,0,0,0,0.0,0.0,0.0,0.0,0.0,0.0,0.0,0.0,0.0,0.0,0.0,0.0,0.0,0.0,100.0,0.0,0.0,1,0,vystymas_galimas_su_salygomis
552300040085,552300040085,1.08,10800.24,U_GG_V_F,100.0,,0.0,1,0,0,0,0,0,0,0.0,0.0,0.0,0.0,0.0,0.0,0.0,0.0,0.0,0.0,0.0,0.0,0.0,0.0,28.82,0.85,0.0,2,0,vystymas_galimas_su_salygomis
552300040170,440004160583,0.6801,6800.41,U_GG_V_F,100.0,,0.0,1,0,0,0,0,0,0,0.0,0.0,0.0,0.0,0.0,0.0,0.0,0.0,0.0,0.0,0.0,0.0,0.0,0.0,0.0,0.0,0.0,0,0,vystymas_tiesiogiai_galimas
552300040450,440016268318,0.1415,1415.06,U_GG_V_F,100.0,,0.0,1,0,0,0,0,0,0,0.0,0.0,0.0,0.0,0.0,0.0,0.0,0.0,0.0,0.0,0.0,0.0,0.0,0.0,0.0,0.0,0.0,0,0,vystymas_tiesiogiai_galimas
552300040459,440017943767,0.0902,901.55,U_GG_V_F,100.0,,0.0,1,0,0,0,0,0,0,0.0,0.0,0.0,0.0,0.0,0.0,0.0,0.0,0.0,0.0,0.0,0.0,0.0,0.0,0.0,0.0,0.0,0,0,vystymas_tiesiogiai_galimas
552300040603,440022069183,0.0746,745.56,U_GG_V_F,100.0,,0.0,1,0,0,0,0,0,0,0.0,0.0,0.0,0.0,0.0,0.0,0.0,0.0,0.0,0.0,0.0,0.0,0.0,0.0,0.0,0.0,0.0,0,0,vystymas_tiesiogiai_galimas
552300040689,440024653204,0.29,2845.95,U_GG_M_F,100.0,,0.0,1,0,0,0,0,0,0,0.0,0.0,0.0,0.0,0.0,0.0,0.0,0.0,0.0,0.0,0.0,0.0,0.0,0.0,99.81,0.0,0.0,1,0,vystymas_galimas_su_salygomis
552300040732,440029191719,1.0,9999.6,U_GG_V_F,100.0,,0.0,1,0,0,0,0,0,0,0.0,0.0,0.0,0.0,0.0,0.0,0.0,0.0,0.0,0.0,0.0,0.0,0.0,0.0,0.0,0.0,0.0,0,0,vystymas_tiesiogiai_galimas
552300040765,440030782657,0.2728,2724.32,U_GG_V_F,100.0,,0.0,1,0,0,0,0,0,0,0.0,0.0,0.0,0.0,0.0,0.0,0.0,0.0,0.0,0.0,0.0,0.0,0.0,0.0,100.0,0.0,0.0,1,0,vystymas_galimas_su_salygomis
552300040776,440030783476,0.0707,707.38,U_GG_V_F,100.0,,0.0,1,0,0,0,0,0,0,0.0,0.0,0.0,0.0,0.0,0.0,0.0,0.0,0.0,0.0,0.0,0.0,0.0,0.0,100.0,0.0,0.0,1,0,vystymas_galimas_su_salygomis
552300040891,440046164836,0.0903,902.76,U_GG_V_F,100.0,,0.0,1,0,0,0,0,0,0,0.0,0.0,0.0,0.0,0.0,0.0,0.0,0.0,0.0,0.0,0.0,0.0,0.0,0.0,0.0,0.0,0.0,0,0,vystymas_tiesiogiai_galimas
552300040940,440047112910,0.0861,860.83,U_GG_V_F,100.0,,0.0,1,0,0,0,0,0,0,0.0,0.0,0.0,0.0,0.0,0.0,0.0,0.0,0.0,0.0,0.0,0.0,0.0,0.0,0.0,0.0,0.0,0,0,vystymas_tiesiogiai_galimas
552300040964,440047868997,0.1,999.89,U_GG_V_F,100.0,,0.0,1,0,0,0,0,0,0,0.0,0.0,0.0,0.0,0.0,0.0,0.0,0.0,0.0,0.0,0.0,0.0,0.0,0.0,0.04,0.0,0.0,1,0,vystymas_galimas_su_salygomis
552300050055,440002072080,4.4052,44052.11,U_GG_E_F,100.0,,0.0,1,0,0,0,0,0,0,0.0,0.0,0.0,0.0,0.0,0.0,0.0,0.0,0.0,0.0,0.0,0.0,0.0,0.0,100.0,20.87,0.0,2,0,vystymas_galimas_su_salygomis
552300050170,552300050170,2.88,28370.68,U_GG_M_F,100.0,,0.0,1,0,0,0,0,0,0,0.0,0.0,0.0,0.0,0.0,0.0,0.0,0.0,0.0,0.0,0.0,0.0,0.0,0.0,100.0,13.03,0.0,2,0,vystymas_galimas_su_salygomis
552300050197,440049820713,0.5832,5832.58,U_GG_E_F,100.0,,0.0,1,0,0,0,0,0,0,0.0,0.0,0.0,0.0,0.0,0.0,0.0,0.0,0.0,0.0,0.0,0.0,0.0,0.0,100.0,33.9,0.0,2,0,vystymas_galimas_su_salygomis
552300050369,440023983657,0.1529,1529.31,U_GG_E_F,100.0,,0.0,1,0,0,0,0,0,0,0.0,0.0,0.0,0.0,0.0,0.0,0.0,0.0,0.0,0.0,0.0,0.0,0.0,0.0,100.0,0.0,0.0,1,0,vystymas_galimas_su_salygomis
552300050412,440050777094,0.1372,1371.96,U_GG_E_F,100.0,,0.0,1,0,0,0,0,0,0,0.0,0.0,0.0,0.0,0.0,0.0,0.0,0.0,0.0,0.0,0.0,0.0,0.0,0.0,100.0,24.8,0.0,2,0,vystymas_galimas_su_salygomis
552300060353,440012769947,0.12,1200.19,U_GG_M_F,100.0,,0.0,1,0,0,0,0,0,0,0.0,0.0,0.0,0.0,0.0,0.0,0.0,0.0,0.0,0.0,0.0,0.0,0.0,0.0,100.0,69.55,0.0,2,0,vystymas_galimas_su_salygomis
552300060449,440018623328,0.09,900.0,U_GG_M_F,100.0,,0.0,1,0,0,0,0,0,0,0.0,0.0,0.0,0.0,0.0,0.0,0.0,0.0,0.0,0.0,0.0,0.0,0.0,0.0,0.0,0.0,0.0,0,0,vystymas_tiesiogiai_galimas
552300060518,440022152969,0.0945,945.12,U_GG_M_F,100.0,,0.0,1,0,0,0,0,0,0,0.0,0.0,0.0,0.0,0.0,0.0,0.0,0.0,0.0,0.0,0.0,0.0,0.0,0.0,100.0,0.0,0.0,1,0,vystymas_galimas_su_salygomis
552300060540,440022172583,0.0973,972.66,U_GG_M_F,100.0,,0.0,1,0,0,0,0,0,0,0.0,0.0,0.0,0.0,0.0,0.0,0.0,0.0,0.0,0.0,0.0,0.0,0.0,0.0,100.0,14.1,0.0,2,0,vystymas_galimas_su_salygomis
552300060739,440051571387,0.0981,981.0,U_GG_M_F,100.0,,0.0,1,0,0,0,0,0,0,0.0,0.0,0.0,0.0,0.0,0.0,0.0,0.0,0.0,0.0,0.0,0.0,0.0,0.0,100.0,0.0,0.0,1,0,vystymas_galimas_su_salygomis
552300070019,552300070019,4.62,46237.62,U_GG_M_F,100.0,,0.0,1,0,0,0,0,0,0,0.0,0.0,0.0,0.0,0.0,0.0,0.0,0.0,0.0,0.0,9.12,0.0,0.0,0.0,100.0,6.09,0.0,3,1,vystymas_labai_apribotas
552300070098,440009826833,0.023,230.15,U_GG_M_F,100.0,,0.0,1,0,0,0,0,0,0,0.0,0.0,0.0,0.0,0.0,0.0,0.0,0.0,0.0,0.0,0.0,0.0,0.0,0.0,100.0,0.0,0.0,1,0,vystymas_galimas_su_salygomis
552300070100,440009826944,0.1,999.82,U_GG_M_F,100.0,,0.0,1,0,0,0,0,0,0,0.0,0.0,0.0,0.0,0.0,0.0,0.0,0.0,0.0,0.0,0.0,0.0,0.0,0.0,100.0,32.55,0.0,2,0,vystymas_galimas_su_salygomis
552300070273,440027562309,0.1219,1219.29,U_GG_M_F,100.0,,0.0,1,0,0,0,0,0,0,0.0,0.0,0.0,0.0,0.0,0.0,0.0,0.0,0.0,0.0,0.0,0.0,0.0,0.0,100.0,26.32,0.0,2,0,vystymas_galimas_su_salygomis
552300070342,440046063398,0.1044,1044.19,U_GG_M_F,100.0,,0.0,1,0,0,0,0,0,0,0.0,0.0,0.0,0.0,0.0,0.0,0.0,0.0,0.0,0.0,0.0,0.0,0.0,0.0,100.0,0.0,0.0,1,0,vystymas_galimas_su_salygomis
552300070351,440046061268,0.1062,1061.79,U_GG_M_F,100.0,,0.0,1,0,0,0,0,0,0,0.0,0.0,0.0,0.0,0.0,0.0,0.0,0.0,0.0,0.0,0.0,0.0,0.0,0.0,100.0,0.0,0.0,1,0,vystymas_galimas_su_salygomis
552300080064,552300080064,0.069,689.95,U_GG_M_F,100.0,,0.0,1,0,0,0,0,0,0,0.0,0.0,0.0,0.0,0.0,0.0,0.0,0.0,0.0,0.0,0.0,0.0,0.0,0.0,100.0,0.0,0.0,1,0,vystymas_galimas_su_salygomis
552300080134,552300080134,0.0612,611.86,U_GG_M_F,100.0,,0.0,1,0,0,0,0,0,0,0.0,0.0,0.0,0.0,0.0,0.0,0.0,0.0,0.0,0.0,0.0,0.0,0.0,0.0,100.0,0.0,0.0,1,0,vystymas_galimas_su_salygomis
552300080168,552300080168,0.06,598.21,U_GG_M_F,100.0,,0.0,1,0,0,0,0,0,0,0.0,0.0,0.0,0.0,0.0,0.0,0.0,0.0,0.0,0.0,0.0,0.0,0.0,0.0,100.0,0.0,0.0,1,0,vystymas_galimas_su_salygomis
552300090386,440052689320,0.3166,3166.29,U_GG_V_F,100.0,,0.0,1,0,0,0,0,0,0,0.0,0.0,0.0,0.0,0.0,0.0,0.0,0.0,0.0,0.0,0.0,0.0,0.0,0.0,100.0,0.0,0.0,1,0,vystymas_galimas_su_salygomis
552500010041,552500010041,5.73,9896.0,MI_F,63.67,ZU_F,36.33,0,0,1,0,0,0,0,0.0,0.0,0.0,0.0,0.0,0.0,0.0,0.0,11.61,0.0,0.0,0.0,0.0,0.0,82.55,4.94,0.0,3,0,vystymas_labai_apribotas
552500010132,440014591667,2.0,19999.81,ZU_F,100.0,,0.0,0,1,0,0,0,0,0,0.0,0.0,0.0,0.0,0.0,0.0,0.0,0.0,0.4,0.0,0.0,0.0,0.0,0.0,99.72,40.26,0.0,3,0,vystymas_galimas_su_salygomis
552500020195,440014694787,0.305,3052.26,U_GG_M_F,100.0,,0.0,1,0,0,0,0,0,0,0.0,0.0,0.0,0.0,0.0,0.0,0.0,0.0,0.0,0.0,0.0,0.0,0.0,0.0,0.19,0.0,0.0,1,0,vystymas_galimas_su_salygomis
552500020223,440016929274,0.38,3515.29,U_GG_M_F,100.0,,0.0,1,0,0,0,0,0,0,0.0,0.0,0.0,0.0,0.0,0.0,0.0,0.0,0.0,0.0,0.0,0.0,0.0,0.0,100.0,1.83,0.0,2,0,vystymas_galimas_su_salygomis
552500020241,440016958144,0.38,3647.83,U_GG_M_F,100.0,,0.0,1,0,0,0,0,0,0,0.0,0.0,0.0,0.0,0.0,0.0,0.0,0.0,0.0,0.0,0.0,0.0,0.0,0.0,0.0,3.87,0.0,1,0,vystymas_galimas_su_salygomis
552500020281,440024057460,5.1261,51261.17,ZU_F,100.0,,0.0,0,1,0,0,0,0,0,0.0,0.0,0.0,0.0,0.0,0.0,0.0,0.0,0.0,0.0,0.0,2.46,0.0,0.0,96.49,0.42,0.0,3,0,vystymas_galimas_su_salygomis
552500030061,440046225443,0.3987,3987.3,ZU_F,100.0,,0.0,0,1,0,0,0,0,0,0.0,0.0,0.0,0.0,0.0,0.0,0.0,0.0,0.0,0.0,0.0,0.0,0.0,0.0,100.0,10.49,0.0,2,0,vystymas_galimas_su_salygomis
552500040172,440007821714,1.0,10491.79,MI_F,93.73,ZU_F,3.57,0,0,1,0,0,0,0,93.92,0.0,0.0,0.0,41.56,0.0,0.0,0.0,93.73,0.0,0.0,0.0,0.0,0.0,0.81,0.0,0.0,4,1,vystymas_labai_apribotas
552500040198,440009579797,2.41,25347.47,ZU_F,76.13,ZU_F,23.4,0,1,0,0,0,0,0,21.43,0.0,0.0,0.0,30.84,0.0,0.0,0.0,0.47,0.0,0.0,0.0,0.0,0.0,77.78,7.16,0.0,5,1,vystymas_labai_apribotas
552500040251,440016964495,0.7,6784.74,ZU_F,100.0,,0.0,0,1,0,0,0,0,0,0.0,0.0,0.0,0.0,0.0,0.0,0.0,0.0,0.0,0.0,0.0,0.0,0.0,0.0,100.0,31.98,0.0,2,0,vystymas_galimas_su_salygomis
552500050040,552500050040,4.0,38141.95,MI_F,99.05,ZU_F,0.95,0,0,1,0,0,0,0,0.0,0.0,0.0,0.0,0.0,0.0,0.0,0.0,99.05,0.0,0.0,0.0,0.0,0.0,0.0,0.0,0.0,1,0,vystymas_galimas_su_salygomis
552500050075,552500050075,10.0,98785.13,MI_F,91.96,ZU_F,6.17,0,0,1,0,0,0,0,0.0,0.0,0.0,0.0,0.0,0.0,0.0,0.0,91.96,0.0,0.0,0.0,0.0,0.0,0.3,0.33,0.0,3,0,vystymas_labai_apribotas
552500050099,440003393406,13.59,133861.06,ZU_F,76.17,MI_F,20.17,0,1,0,0,0,0,0,0.0,0.0,0.0,0.0,0.11,0.0,0.0,0.0,22.18,0.0,0.0,1.83,0.0,0.0,0.0,0.0,0.0,3,0,vystymas_galimas_su_salygomis
552500050114,440004411952,0.86,8566.56,ZU_F,100.0,,0.0,0,1,0,0,0,0,0,0.0,0.0,0.0,0.0,0.0,0.0,0.0,0.0,0.0,0.0,0.0,0.0,0.0,0.0,100.0,0.0,0.0,1,0,vystymas_galimas_su_salygomis
552500050185,440016462514,4.150000000000001,40200.91,ZU_F,81.96,ZU_F,18.04,0,1,0,0,0,0,0,0.0,0.0,0.0,0.0,0.0,0.0,0.0,0.0,0.0,0.0,0.0,0.0,0.0,0.0,100.0,0.0,0.0,1,0,vystymas_galimas_su_salygomis
552500060131,440005932414,0.37,3577.52,U_GG_M_F,100.0,,0.0,1,0,0,0,0,0,0,0.0,0.0,0.0,0.0,0.0,0.0,0.0,0.0,0.0,0.0,0.0,0.0,0.0,0.0,4.28,0.0,0.0,1,0,vystymas_galimas_su_salygomis
552500070147,440009643632,0.72,7233.68,MI_F,100.0,,0.0,0,0,1,0,0,0,0,0.0,0.0,0.0,0.0,0.0,0.0,0.0,0.0,100.0,0.0,0.0,0.0,0.0,0.0,0.0,0.0,0.0,1,0,vystymas_galimas_su_salygomis
552500080042,552500080042,11.4346,114345.9,ZU_F,100.0,,0.0,0,1,0,0,0,0,0,0.0,0.0,0.0,0.0,0.0,0.0,0.0,0.0,0.0,0.0,0.0,0.0,0.0,0.0,100.0,8.05,0.0,2,0,vystymas_galimas_su_salygomis
552500080105,440003235716,2.9292,29291.94,ZU_F,99.51,MI_F,0.49,0,1,0,0,0,0,0,0.0,0.0,0.0,0.0,0.0,0.0,0.0,0.0,0.0,0.0,0.0,0.0,0.0,0.0,99.65,6.17,0.0,2,0,vystymas_galimas_su_salygomis
552500080115,440004155773,4.230000000000001,42236.96,MI_F,97.43,ZU_F,2.57,0,0,1,0,0,0,0,0.0,0.0,0.0,0.0,0.0,0.0,0.0,0.0,99.76,0.0,0.0,0.0,0.0,0.0,0.24,0.0,0.0,2,0,vystymas_labai_apribotas
552500080137,440006954450,0.87,8713.52,ZU_F,100.0,,0.0,0,1,0,0,0,0,0,0.0,0.0,0.0,0.0,0.0,0.0,0.0,0.0,0.0,0.0,0.0,0.0,0.0,0.0,100.0,0.0,0.0,1,0,vystymas_galimas_su_salygomis
552500080138,440007417852,2.47,24800.93,ZU_F,100.0,,0.0,0,1,0,0,0,0,0,0.0,0.0,0.0,0.0,0.0,0.0,0.0,0.0,0.0,0.0,0.0,0.0,0.0,0.0,100.0,22.75,0.0,2,0,vystymas_galimas_su_salygomis
552500080220,440016929520,1.85,17747.07,ZU_F,99.21,MI_F,0.79,0,1,0,0,0,0,0,0.0,0.0,0.0,0.0,0.0,0.0,0.0,0.0,0.79,0.0,0.0,0.0,0.0,0.0,100.0,0.0,0.0,2,0,vystymas_galimas_su_salygomis
552800010077,552800010077,0.8,7999.22,MI_F,78.78,U_GG_E_F,21.22,0,0,1,0,0,0,0,0.0,0.0,100.0,0.0,0.0,0.0,0.0,0.0,74.59,0.0,0.0,0.0,0.0,0.0,0.77,0.0,0.0,3,0,vystymas_labai_apribotas
552800010096,552800010096,0.2964,2965.05,ZU_F,95.01,MI_F,4.99,0,1,0,0,0,0,0,0.0,0.0,100.0,0.0,0.0,0.0,0.0,0.0,0.0,0.0,0.0,0.0,0.0,0.0,0.0,0.0,0.0,1,0,vystymas_galimas_su_salygomis
552800010170,552800010170,0.1216,1216.21,U_GG_E_F,100.0,,0.0,1,0,0,0,0,0,0,0.0,0.0,0.0,0.0,0.0,0.0,0.0,0.0,0.0,0.0,0.0,0.0,0.0,0.0,100.0,0.0,0.0,1,0,vystymas_galimas_su_salygomis
552800010253,552800010253,0.1217,1217.33,U_GG_E_F,100.0,,0.0,1,0,0,0,0,0,0,0.0,0.0,0.0,0.0,0.0,0.0,0.0,0.0,0.0,0.0,0.0,0.0,0.0,0.0,97.75,0.0,0.0,1,0,vystymas_galimas_su_salygomis
552800010282,552800010282,0.1443,1443.6,U_GG_E_F,100.0,,0.0,1,0,0,0,0,0,0,0.0,0.0,0.0,0.0,0.0,0.0,0.0,0.0,0.0,0.0,0.0,0.0,0.0,0.0,100.0,73.66,0.0,2,0,vystymas_galimas_su_salygomis
552800010294,552800010294,0.1216,1216.81,U_GG_E_F,100.0,,0.0,1,0,0,0,0,0,0,0.0,0.0,0.0,0.0,0.0,0.0,0.0,0.0,0.0,0.0,0.0,0.0,0.0,0.0,100.0,0.0,0.0,1,0,vystymas_galimas_su_salygomis
552800010299,552800010299,30.438,3797.48,U_GG_E_F,100.0,,0.0,1,0,0,0,0,0,0,0.0,0.0,0.0,0.0,0.0,0.0,0.0,0.0,0.0,1422.03,1063.41,0.0,0.0,0.0,87.87,10.26,0.0,4,1,vystymas_labai_apribotas
552800010369,552800010369,1.22,11367.14,ZU_F,100.0,,0.0,0,1,0,0,0,0,0,0.0,0.0,100.0,0.0,0.0,0.0,0.0,0.0,0.0,0.0,0.0,0.0,0.0,0.0,100.0,0.18,0.0,3,0,vystymas_galimas_su_salygomis
552800010592,440004831549,0.22,2111.7,ZU_F,100.0,,0.0,0,1,0,0,0,0,0,0.0,0.0,100.0,0.0,0.0,0.0,0.0,0.0,0.0,0.0,0.0,0.0,0.0,0.0,0.0,0.0,0.0,1,0,vystymas_galimas_su_salygomis
552800010793,440016030527,0.17,1699.87,U_GG_E_F,100.0,U_GG_M_F,0.0,1,0,0,0,0,0,0,0.0,0.0,0.0,0.0,0.0,0.0,0.0,0.0,0.0,0.0,0.0,0.0,0.0,0.0,0.0,0.0,0.0,0,0,vystymas_tiesiogiai_galimas
552800010818,440016482118,0.0937,936.57,U_GG_E_F,100.0,,0.0,1,0,0,0,0,0,0,0.0,0.0,0.0,0.0,0.0,0.0,0.0,0.0,0.0,0.0,0.0,0.0,0.0,0.0,100.0,0.0,0.0,1,0,vystymas_galimas_su_salygomis
552800010965,440023982981,0.0969,968.42,U_GG_M_F,100.0,,0.0,1,0,0,0,0,0,0,0.0,0.0,0.0,0.0,0.0,0.0,0.0,0.0,0.0,0.0,0.0,0.0,0.0,0.0,0.0,0.0,0.0,0,0,vystymas_tiesiogiai_galimas
552800011047,440051111330,1.1001,11000.52,ZU_F,100.0,,0.0,0,1,0,0,0,0,0,0.0,0.0,100.0,0.0,0.0,0.0,0.0,0.0,0.0,0.0,0.0,0.0,0.0,0.0,100.0,34.59,0.0,3,0,vystymas_galimas_su_salygomis
552800020128,552800020128,0.1493,1493.4,U_GG_E_F,100.0,,0.0,1,0,0,0,0,0,0,0.0,0.0,0.0,0.0,0.0,0.0,0.0,0.0,0.0,0.0,0.0,0.0,0.0,0.0,100.0,0.0,0.0,1,0,vystymas_galimas_su_salygomis
552800020322,440003616246,1.4,14000.38,U_GG_E_F,100.0,,0.0,1,0,0,0,0,0,0,0.0,0.0,0.0,0.0,0.0,0.0,0.0,0.0,0.0,0.0,0.0,0.0,0.0,0.0,100.0,0.0,0.0,1,0,vystymas_galimas_su_salygomis
552800020429,440012512056,0.1959,1962.11,U_GG_E_F,100.0,,0.0,1,0,0,0,0,0,0,0.0,0.0,0.0,0.0,0.0,0.0,0.0,0.0,0.0,0.0,0.0,0.0,0.0,0.0,100.0,0.0,0.0,1,0,vystymas_galimas_su_salygomis
552800020517,440016107347,0.228,2280.0,U_GG_E_F,100.0,,0.0,1,0,0,0,0,0,0,0.0,0.0,0.0,0.0,0.0,0.0,0.0,0.0,0.0,0.0,0.0,0.0,0.0,0.0,100.0,0.0,0.0,1,0,vystymas_galimas_su_salygomis
552800020656,440049995296,0.0378,377.76,U_GG_E_F,100.0,,0.0,1,0,0,0,0,0,0,0.0,0.0,0.0,0.0,0.0,0.0,0.0,0.0,0.0,0.0,0.0,0.0,0.0,0.0,100.0,0.0,0.0,1,0,vystymas_galimas_su_salygomis
552800040106,552800040106,2.79,30131.76,ZU_F,100.0,MI_F,0.0,0,1,0,0,0,0,0,100.0,0.0,100.0,0.0,0.0,0.0,0.0,0.0,0.0,0.0,0.0,0.0,0.0,23.62,0.0,0.0,0.0,3,1,vystymas_labai_apribotas
552800040127,552800040127,1.0,10877.24,ZU_F,86.6,MI_F,9.94,0,1,0,0,0,0,0,96.54,0.0,96.54,0.0,0.0,0.0,0.0,0.0,9.36,0.0,0.0,0.0,0.0,18.21,0.41,0.0,0.0,5,1,vystymas_labai_apribotas
552800040361,440006487943,0.29,2899.91,U_GG_E_F,100.0,,0.0,1,0,0,0,0,0,0,0.0,0.0,0.0,0.0,0.0,0.0,0.0,0.0,0.0,0.0,0.0,0.0,0.0,0.0,100.0,0.0,0.0,1,0,vystymas_galimas_su_salygomis
552800040385,440007560416,0.0511,511.13,U_GG_E_F,100.0,,0.0,1,0,0,0,0,0,0,0.0,0.0,0.0,0.0,0.0,0.0,0.0,0.0,0.0,0.0,0.0,0.0,0.0,0.0,100.0,77.28,0.0,2,0,vystymas_galimas_su_salygomis
552800040473,440009418760,0.2,2000.29,U_GG_E_F,100.0,,0.0,1,0,0,0,0,0,0,0.0,0.0,0.0,0.0,0.0,0.0,0.0,0.0,0.0,0.0,0.0,0.0,0.0,0.0,100.0,0.0,0.0,1,0,vystymas_galimas_su_salygomis
552800040724,440012354082,0.201,2009.74,U_GG_E_F,100.0,,0.0,1,0,0,0,0,0,0,0.0,0.0,0.0,0.0,0.0,0.0,0.0,0.0,0.0,0.0,0.0,0.0,0.0,0.0,100.0,0.0,0.0,1,0,vystymas_galimas_su_salygomis
552800040752,440012889346,1.3,13004.84,U_GG_E_F,100.0,,0.0,1,0,0,0,0,0,0,0.0,0.0,0.0,0.0,0.0,0.0,0.0,0.0,0.0,0.0,0.0,0.0,0.0,0.0,100.0,5.03,0.0,2,0,vystymas_galimas_su_salygomis
552800040764,440014792755,0.159,1589.98,U_GG_E_F,100.0,,0.0,1,0,0,0,0,0,0,0.0,0.0,0.0,0.0,0.0,0.0,0.0,0.0,0.0,0.0,0.0,0.0,0.0,0.0,100.0,0.0,0.0,1,0,vystymas_galimas_su_salygomis
552800040784,440014823751,0.2,1999.93,U_GG_E_F,100.0,,0.0,1,0,0,0,0,0,0,0.0,0.0,0.0,0.0,0.0,0.0,0.0,0.0,0.0,0.0,0.0,0.0,0.0,0.0,100.0,0.0,0.0,1,0,vystymas_galimas_su_salygomis
552800040789,440014883320,0.2,2000.21,U_GG_E_F,100.0,,0.0,1,0,0,0,0,0,0,0.0,0.0,0.0,0.0,0.0,0.0,0.0,0.0,0.0,0.0,0.0,0.0,0.0,0.0,100.0,0.0,0.0,1,0,vystymas_galimas_su_salygomis
552800040835,440015218785,0.2076,2075.61,U_GG_E_F,100.0,,0.0,1,0,0,0,0,0,0,0.0,0.0,0.0,0.0,0.0,0.0,0.0,0.0,0.0,0.0,0.0,0.0,0.0,0.0,100.0,0.0,0.0,1,0,vystymas_galimas_su_salygomis
552800040841,440015219517,0.2235,2235.15,U_GG_E_F,100.0,,0.0,1,0,0,0,0,0,0,0.0,0.0,0.0,0.0,0.0,0.0,0.0,0.0,0.0,0.0,0.0,0.0,0.0,0.0,100.0,38.19,0.0,2,0,vystymas_galimas_su_salygomis
552800041161,440044269129,0.5229,5228.84,U_PS_F,100.0,,0.0,0,0,0,0,1,0,0,0.0,0.0,0.0,0.0,0.0,0.0,0.0,0.0,0.0,0.0,0.0,0.0,0.0,0.0,100.0,10.26,0.0,2,0,vystymas_galimas_su_salygomis
552800041216,440048862586,0.1045,1044.53,U_GG_E_F,100.0,,0.0,1,0,0,0,0,0,0,0.0,0.0,0.0,0.0,0.0,0.0,0.0,0.0,0.0,0.0,0.0,0.0,0.0,0.0,100.0,8.65,0.0,2,0,vystymas_galimas_su_salygomis
552800060059,552800060059,1.3459,13459.19,U_GG_E_F,52.53,U_PS_F,47.47,1,0,0,0,0,0,0,0.0,0.0,0.0,0.0,0.0,0.0,0.0,0.0,0.0,0.0,0.0,0.0,0.0,0.0,100.0,3.82,0.0,2,0,vystymas_galimas_su_salygomis
552800060170,440041950809,0.0934,934.21,U_GG_M_F,100.0,,0.0,1,0,0,0,0,0,0,0.0,0.0,0.0,0.0,0.0,0.0,0.0,0.0,0.0,0.0,0.0,0.0,0.0,0.0,100.0,0.0,0.0,1,0,vystymas_galimas_su_salygomis
552800060194,440050362348,0.1204,1203.67,U_GG_M_F,100.0,,0.0,1,0,0,0,0,0,0,0.0,0.0,0.0,0.0,0.0,0.0,0.0,0.0,0.0,0.0,0.0,0.0,0.0,0.0,100.0,0.0,0.0,1,0,vystymas_galimas_su_salygomis
552800060249,440006158498,1.28,13441.67,U_GG_E_F,61.29,U_PS_F,38.71,1,0,0,0,0,0,0,0.0,0.0,0.0,0.0,0.0,0.0,0.0,0.0,0.0,0.0,0.0,0.0,0.0,0.0,92.04,7.37,0.0,2,0,vystymas_galimas_su_salygomis
552800060298,440008907328,0.15,1384.29,U_GG_M_F,100.0,,0.0,1,0,0,0,0,0,0,0.0,0.0,0.0,0.0,0.0,0.0,0.0,0.0,0.0,0.0,0.0,0.0,0.0,0.0,100.0,35.54,0.0,2,0,vystymas_galimas_su_salygomis
552800060401,440013702460,0.1501,1501.44,U_GG_M_F,100.0,,0.0,1,0,0,0,0,0,0,0.0,0.0,0.0,0.0,0.0,0.0,0.0,0.0,0.0,0.0,0.0,0.0,0.0,0.0,100.0,0.0,0.0,1,0,vystymas_galimas_su_salygomis
552800060457,440015632498,0.1359,1359.04,U_GG_M_F,100.0,,0.0,1,0,0,0,0,0,0,0.0,0.0,0.0,0.0,0.0,0.0,0.0,0.0,0.0,0.0,0.0,0.0,0.0,0.0,83.03,0.0,0.0,1,0,vystymas_galimas_su_salygomis
552800060568,440024366201,0.0848,847.37,U_GG_E_F,100.0,,0.0,1,0,0,0,0,0,0,0.0,0.0,0.0,0.0,0.0,0.0,0.0,0.0,0.0,0.0,0.0,0.0,0.0,0.0,100.0,0.07,0.0,2,0,vystymas_galimas_su_salygomis
552800070036,552800070036,0.8,8562.41,U_GG_M_F,100.0,,0.0,1,0,0,0,0,0,0,0.0,0.0,0.0,0.0,0.0,0.0,0.0,0.0,0.0,0.0,0.0,0.0,0.0,0.0,100.0,39.47,0.0,2,0,vystymas_galimas_su_salygomis
552800070169,440039305969,0.06,600.01,U_GG_M_F,100.0,,0.0,1,0,0,0,0,0,0,0.0,0.0,0.0,0.0,0.0,0.0,0.0,0.0,0.0,0.0,0.0,0.0,0.0,0.0,100.0,0.0,0.0,1,0,vystymas_galimas_su_salygomis
552800070372,552800070372,1.7348,17348.13,U_GG_E_F,100.0,,0.0,1,0,0,0,0,0,0,0.0,0.0,0.0,0.0,0.0,0.0,0.0,0.0,0.0,0.0,0.0,0.0,0.0,0.0,81.2,0.0,0.0,1,0,vystymas_galimas_su_salygomis
552800070597,440014910226,0.0368,367.86,U_GG_E_F,100.0,,0.0,1,0,0,0,0,0,0,0.0,0.0,0.0,0.0,0.0,0.0,0.0,0.0,0.0,0.0,0.0,0.0,0.0,0.0,100.0,65.26,0.0,2,0,vystymas_galimas_su_salygomis
552800070609,440014911445,0.0438,437.95,U_GG_E_F,100.0,,0.0,1,0,0,0,0,0,0,0.0,0.0,0.0,0.0,0.0,0.0,0.0,0.0,0.0,0.0,0.0,0.0,0.0,0.0,100.0,64.62,0.0,2,0,vystymas_galimas_su_salygomis
552800070615,440014910091,0.15,1499.87,U_GG_E_F,100.0,,0.0,1,0,0,0,0,0,0,0.0,0.0,0.0,0.0,0.0,0.0,0.0,0.0,0.0,0.0,0.0,0.0,0.0,0.0,100.0,0.0,0.0,1,0,vystymas_galimas_su_salygomis
552800070643,440014910259,0.1071,1070.98,U_GG_E_F,100.0,,0.0,1,0,0,0,0,0,0,0.0,0.0,0.0,0.0,0.0,0.0,0.0,0.0,0.0,0.0,0.0,0.0,0.0,0.0,100.0,0.0,0.0,1,0,vystymas_galimas_su_salygomis
552800070751,440018007495,0.163,1623.13,U_GG_M_F,100.0,,0.0,1,0,0,0,0,0,0,0.0,0.0,0.0,0.0,0.0,0.0,0.0,0.0,0.0,0.0,0.0,0.0,0.0,0.0,52.99,0.0,0.0,1,0,vystymas_galimas_su_salygomis
552800080070,552800080070,2.4785,24785.18,U_GG_E_F,99.38,MI_F,0.62,1,0,0,0,0,0,0,0.0,0.0,0.0,0.0,0.0,0.0,0.0,0.0,0.63,0.0,0.0,0.0,0.0,0.0,3.1,0.0,0.0,2,0,vystymas_galimas_su_salygomis
552800080168,440009020997,1.29,14038.83,U_GG_E_F,100.0,,0.0,1,0,0,0,0,0,0,0.0,0.0,0.0,0.0,0.0,0.0,0.0,0.0,0.0,0.0,0.0,0.0,0.0,0.0,99.47,0.35,0.0,2,0,vystymas_galimas_su_salygomis
552800080225,440020487452,2.2601,22600.24,ZU_F,100.0,,0.0,0,1,0,0,0,0,0,0.0,0.0,0.0,0.0,0.0,0.0,0.0,0.0,0.0,0.0,0.0,0.0,0.0,0.0,100.0,18.35,0.0,2,0,vystymas_galimas_su_salygomis
552800090117,440010645291,0.0772,772.17,ZU_F,100.0,,0.0,0,1,0,0,0,0,0,0.0,0.0,0.0,0.0,0.0,0.0,0.0,0.0,0.0,0.0,0.0,0.0,0.0,0.0,100.0,84.46,0.0,2,0,vystymas_galimas_su_salygomis
552800090153,440010646794,0.1011,1011.44,ZU_F,100.0,,0.0,0,1,0,0,0,0,0,0.0,0.0,0.0,0.0,0.0,0.0,0.0,0.0,0.0,0.0,0.0,0.0,0.0,0.0,100.0,0.0,0.0,1,0,vystymas_galimas_su_salygomis
552800090160,440010647000,0.0819,819.38,ZU_F,100.0,,0.0,0,1,0,0,0,0,0,0.0,0.0,0.0,0.0,0.0,0.0,0.0,0.0,0.0,0.0,0.0,0.0,0.0,0.0,100.0,0.0,0.0,1,0,vystymas_galimas_su_salygomis
552800090201,440010654080,0.0617,616.5,ZU_F,100.0,,0.0,0,1,0,0,0,0,0,0.0,0.0,0.0,0.0,0.0,0.0,0.0,0.0,0.0,0.0,0.0,0.0,0.0,0.0,100.0,0.0,0.0,1,0,vystymas_galimas_su_salygomis
552800090204,440010654190,0.0614,613.94,ZU_F,100.0,,0.0,0,1,0,0,0,0,0,0.0,0.0,0.0,0.0,0.0,0.0,0.0,0.0,0.0,0.0,0.0,0.0,0.0,0.0,100.0,0.0,0.0,1,0,vystymas_galimas_su_salygomis
552800090205,440010654236,82.3678,5157.92,ZU_F,100.0,,0.0,0,1,0,0,0,0,0,0.0,0.0,0.0,0.0,0.0,0.0,0.0,0.0,0.0,0.0,0.0,0.0,0.0,0.0,96.22,8.73,0.0,2,0,vystymas_galimas_su_salygomis
552800100023,552800100023,0.06,577.32,U_GG_M_F,100.0,,0.0,1,0,0,0,0,0,0,0.0,0.0,100.0,0.0,0.0,0.0,0.0,0.0,0.0,0.0,0.0,0.0,0.0,0.0,0.0,0.0,0.0,1,0,vystymas_galimas_su_salygomis
552800100113,552800100113,0.0633,632.63,U_GG_M_F,100.0,,0.0,1,0,0,0,0,0,0,0.0,0.0,100.0,0.0,0.0,0.0,0.0,0.0,0.0,0.0,0.0,0.0,0.0,0.0,0.0,0.0,0.0,1,0,vystymas_galimas_su_salygomis
553000010101,553000010101,1.0016,10013.94,U_PS_F,100.0,,0.0,0,0,0,0,1,0,0,0.0,0.0,0.0,0.0,0.0,0.0,0.0,0.0,0.0,0.0,0.0,0.0,0.0,0.0,0.0,0.0,0.0,0,0,vystymas_tiesiogiai_galimas
553000010157,440001972065,1.66,16600.41,U_GG_V_F,100.0,,0.0,1,0,0,0,0,0,0,0.0,0.0,0.0,0.0,0.0,0.0,0.0,0.0,0.0,0.0,0.0,0.0,0.0,0.0,99.61,0.0,0.0,1,0,vystymas_galimas_su_salygomis
553000010273,440020129193,0.1083,1082.88,U_GG_V_F,100.0,,0.0,1,0,0,0,0,0,0,0.0,0.0,0.0,0.0,0.0,0.0,0.0,0.0,0.0,0.0,0.0,0.0,0.0,0.0,100.0,0.0,0.0,1,0,vystymas_galimas_su_salygomis
553000020128,440011240530,1.1741,11741.33,U_GG_M_F,100.0,,0.0,1,0,0,0,0,0,0,0.0,0.0,0.0,0.0,0.0,0.0,0.0,0.0,0.0,0.0,0.0,0.0,0.0,0.0,29.0,0.0,0.0,1,0,vystymas_galimas_su_salygomis
553000030110,440003015476,2.88,29619.99,U_GG_M_F,100.0,,0.0,1,0,0,0,0,0,0,0.0,0.0,0.0,0.0,0.0,0.0,0.0,0.0,0.0,0.0,0.0,0.0,0.0,0.0,100.0,7.52,0.0,2,0,vystymas_galimas_su_salygomis
553000030389,440015048718,0.0985,985.09,U_GG_M_F,100.0,,0.0,1,0,0,0,0,0,0,0.0,0.0,0.0,0.0,0.0,0.0,0.0,0.0,0.0,0.0,0.0,0.0,0.0,0.0,100.0,0.0,0.0,1,0,vystymas_galimas_su_salygomis
553000030417,440015051277,0.1066,1066.47,U_GG_M_F,100.0,,0.0,1,0,0,0,0,0,0,0.0,0.0,0.0,0.0,0.0,0.0,0.0,0.0,0.0,0.0,0.0,0.0,0.0,0.0,100.0,0.0,0.0,1,0,vystymas_galimas_su_salygomis
553000030475,440024736370,0.15,1500.27,U_GG_M_F,100.0,,0.0,1,0,0,0,0,0,0,0.0,0.0,0.0,0.0,0.0,0.0,0.0,0.0,0.0,0.0,0.0,0.0,0.0,0.0,100.0,0.0,0.0,1,0,vystymas_galimas_su_salygomis
553000040008,553000040008,0.1099,1099.24,U_GG_V_F,100.0,,0.0,1,0,0,0,0,0,0,0.0,0.0,0.0,0.0,0.0,0.0,0.0,0.0,0.0,0.0,0.0,0.0,0.0,0.0,0.0,0.0,0.0,0,0,vystymas_tiesiogiai_galimas
553000040014,553000040014,0.1098,1099.83,U_GG_V_F,100.0,,0.0,1,0,0,0,0,0,0,0.0,0.0,0.0,0.0,0.0,0.0,0.0,0.0,0.0,0.0,0.0,0.0,0.0,0.0,0.0,0.0,0.0,0,0,vystymas_tiesiogiai_galimas
553000040203,553000040203,0.15,1542.56,U_GG_V_F,100.0,,0.0,1,0,0,0,0,0,0,0.0,0.0,0.0,0.0,0.0,0.0,0.0,0.0,0.0,0.0,0.0,0.0,0.0,0.0,0.0,0.0,0.0,0,0,vystymas_tiesiogiai_galimas
553000050261,553000050261,6.13,61299.95,U_PS_F,99.66,U_GG_V_F,0.34,0,0,0,0,1,0,0,0.0,0.0,0.0,0.0,0.0,0.0,0.0,0.0,0.0,0.0,0.0,0.0,0.0,0.0,0.0,0.0,0.0,0,0,vystymas_tiesiogiai_galimas
553000050560,440003808046,0.12,1200.13,U_GG_V_F,100.0,,0.0,1,0,0,0,0,0,0,0.0,0.0,0.0,0.0,0.0,0.0,0.0,0.0,0.0,0.0,0.0,0.0,0.0,0.0,52.57,0.0,0.0,1,0,vystymas_galimas_su_salygomis
553000050612,440004860508,0.9,8999.61,U_GG_V_F,100.0,,0.0,1,0,0,0,0,0,0,0.0,0.0,0.0,0.0,0.0,0.0,0.0,0.0,0.0,0.0,0.0,0.0,0.0,0.0,100.0,10.18,0.0,2,0,vystymas_galimas_su_salygomis
553000050820,440014957947,1.2831,12831.33,U_GG_V_F,100.0,,0.0,1,0,0,0,0,0,0,0.0,0.0,0.0,0.0,0.0,0.0,0.0,0.0,0.0,0.0,0.0,0.0,0.0,0.0,100.0,6.26,0.0,2,0,vystymas_galimas_su_salygomis
553000050917,440017996536,0.1502,1501.84,U_GG_V_F,100.0,,0.0,1,0,0,0,0,0,0,0.0,0.0,0.0,0.0,0.0,0.0,0.0,0.0,0.0,0.0,0.0,0.0,0.0,0.0,0.0,0.0,0.0,0,0,vystymas_tiesiogiai_galimas
553000050962,440020620284,0.004,39.66,U_GG_V_F,100.0,,0.0,1,0,0,0,0,0,0,0.0,0.0,0.0,0.0,0.0,0.0,0.0,0.0,0.0,0.0,0.0,0.0,0.0,0.0,100.0,0.0,0.0,1,0,vystymas_galimas_su_salygomis
553000051062,440021964029,0.1156,1156.41,U_GG_V_F,100.0,,0.0,1,0,0,0,0,0,0,0.0,0.0,0.0,0.0,0.0,0.0,0.0,0.0,0.0,0.0,0.0,0.0,0.0,0.0,0.0,0.0,0.0,0,0,vystymas_tiesiogiai_galimas
553000051083,440021980432,0.0803,803.12,U_GG_V_F,100.0,,0.0,1,0,0,0,0,0,0,0.0,0.0,0.0,0.0,0.0,0.0,0.0,0.0,0.0,0.0,0.0,0.0,0.0,0.0,0.0,0.0,0.0,0,0,vystymas_tiesiogiai_galimas
553300010002,553300010002,5.2585,52584.91,MI_F,97.87,ZU_F,2.13,0,0,1,0,0,0,0,0.0,0.0,0.0,0.0,0.0,0.0,0.0,0.0,97.9,0.0,0.0,0.0,0.0,0.0,8.83,2.97,0.0,3,0,vystymas_labai_apribotas
553300010079,553300010079,0.86,8316.58,ZU_F,100.0,,0.0,0,1,0,0,0,0,0,0.0,0.0,0.0,0.0,0.0,0.0,0.0,0.0,0.0,0.0,0.0,0.0,0.0,0.0,100.0,0.0,0.0,1,0,vystymas_galimas_su_salygomis
553300010161,440026043316,1.9,19000.01,ZU_F,95.17,MI_F,4.83,0,1,0,0,0,0,0,0.0,0.0,0.0,0.0,0.0,0.0,0.0,0.0,4.83,0.0,0.0,0.0,0.0,0.0,0.0,0.0,0.0,1,0,vystymas_galimas_su_salygomis
553300010290,440026043409,12.1369,121368.61,ZU_F,100.0,,0.0,0,1,0,0,0,0,0,0.0,0.0,0.0,0.0,0.0,0.0,0.0,0.0,0.0,0.0,0.0,0.0,0.0,0.0,100.0,2.67,0.0,2,0,vystymas_galimas_su_salygomis
553300020164,440004178936,2.56,25616.21,ZU_F,100.0,,0.0,0,1,0,0,0,0,0,0.0,0.0,0.0,0.0,0.0,0.0,0.0,0.0,0.0,0.0,0.0,0.0,0.0,0.0,100.0,1.91,0.0,2,0,vystymas_galimas_su_salygomis
553300020250,440014947830,0.39,4196.4,ZU_F,100.0,,0.0,0,1,0,0,0,0,0,0.0,0.0,0.0,0.0,0.0,0.0,0.0,0.0,0.0,0.0,0.0,0.0,0.0,0.0,100.0,0.0,0.0,1,0,vystymas_galimas_su_salygomis
553300020342,440042447287,1.6312,16311.7,MI_F,100.0,,0.0,0,0,1,0,0,0,0,90.02,0.0,0.0,0.0,95.11,0.0,0.0,0.0,100.0,0.0,0.0,0.0,0.21,0.0,0.0,0.0,0.0,4,1,vystymas_labai_apribotas
553300030105,440001695422,0.25,2502.89,U_GG_M_F,100.0,,0.0,1,0,0,0,0,0,0,0.0,0.0,0.0,0.0,0.0,0.0,0.0,0.0,0.0,0.0,0.0,0.0,0.0,0.0,100.0,79.42,0.0,2,0,vystymas_galimas_su_salygomis
553300030169,440003836640,0.78,7654.7,MI_F,65.15,U_GG_M_F,34.6,0,0,1,0,0,0,0,0.0,0.0,0.0,0.0,0.0,0.0,0.0,0.0,65.15,0.0,0.0,0.0,0.0,0.0,32.28,29.23,0.0,3,0,vystymas_labai_apribotas
553300030460,440005884406,0.38,4085.24,U_GG_M_F,99.51,U_GG_V_F,0.49,1,0,0,0,0,0,0,0.0,0.0,0.0,0.0,0.0,0.0,0.0,0.0,0.0,0.0,0.0,0.0,0.0,0.0,100.0,0.0,0.0,1,0,vystymas_galimas_su_salygomis
553300030478,440007173922,1.02,10199.51,U_GG_M_F,100.0,,0.0,1,0,0,0,0,0,0,0.0,0.0,0.0,0.0,0.0,0.0,0.0,0.0,0.0,0.0,0.0,0.0,0.0,0.0,100.0,13.65,0.0,2,0,vystymas_galimas_su_salygomis
553300030574,440022010717,0.23,2369.82,U_GG_M_F,100.0,,0.0,1,0,0,0,0,0,0,0.0,0.0,0.0,0.0,0.0,0.0,0.0,0.0,0.0,0.0,0.0,0.0,0.0,0.0,100.0,23.68,0.0,2,0,vystymas_galimas_su_salygomis
553300040203,553300040203,1.31,12806.78,MI_F,95.49,ZU_F,4.51,0,0,1,0,0,0,0,0.0,0.0,0.0,0.0,0.0,0.0,0.0,0.0,95.49,0.0,0.0,0.0,0.0,0.0,5.48,9.77,0.0,3,0,vystymas_labai_apribotas
553300040208,553300040208,0.85,9361.7,MI_F,99.92,ZU_F,0.08,0,0,1,0,0,0,0,0.0,0.0,0.0,0.0,0.0,0.0,0.0,0.0,99.92,0.0,0.0,0.0,0.0,0.0,3.08,0.0,0.0,2,0,vystymas_labai_apribotas
553300040369,440017402730,0.3,2894.99,U_GG_M_F,100.0,,0.0,1,0,0,0,0,0,0,0.0,0.0,0.0,0.0,0.0,0.0,0.0,0.0,0.0,0.0,0.0,0.0,0.0,0.0,100.0,0.0,0.0,1,0,vystymas_galimas_su_salygomis
553300040378,440020263769,6.9315,69315.19,ZU_F,97.18,MI_F,2.82,0,1,0,0,0,0,0,0.0,0.0,0.0,0.0,0.0,0.0,0.0,0.0,0.0,100.0,0.0,0.0,0.0,0.0,61.93,0.0,0.0,2,1,vystymas_galimas_su_salygomis
553300050089,553300050089,3.2,33040.37,U_GG_M_F,97.77,MI_F,2.23,1,0,0,0,0,0,0,0.0,0.0,0.0,0.0,0.0,0.0,0.0,0.0,2.23,0.0,0.0,0.0,0.0,0.0,98.6,10.7,0.0,3,0,vystymas_galimas_su_salygomis
553300050213,440003844353,1.54,15913.47,U_GG_M_F,100.0,,0.0,1,0,0,0,0,0,0,0.0,0.0,0.0,0.0,0.0,0.0,0.0,0.0,0.0,0.0,0.0,0.0,0.0,0.0,100.0,16.86,0.0,2,0,vystymas_galimas_su_salygomis
553300050223,440027942374,6.7634,67635.18,MI_F,100.0,,0.0,0,0,1,0,0,0,0,0.0,0.0,0.0,0.0,100.0,0.0,0.0,0.0,100.0,0.0,0.0,0.0,0.0,0.0,0.0,0.0,0.0,2,0,vystymas_labai_apribotas
553300050357,553300050357,2.14,21440.93,MI_F,94.33,ZU_F,5.67,0,0,1,0,0,0,0,0.0,0.0,0.0,0.0,0.0,0.0,0.0,0.0,97.49,0.0,0.0,0.0,0.0,0.0,5.65,2.33,0.0,3,0,vystymas_labai_apribotas
553300050465,440010214836,1.53,15018.92,U_GG_M_F,100.0,,0.0,1,0,0,0,0,0,0,0.0,0.0,0.0,0.0,0.0,0.0,0.0,0.0,0.0,0.0,0.0,0.0,0.0,0.0,70.29,0.02,0.0,2,0,vystymas_galimas_su_salygomis
553300050468,440010338124,2.0,21104.39,ZU_F,100.0,,0.0,0,1,0,0,0,0,0,0.0,0.0,0.0,0.0,0.0,0.0,0.0,0.0,0.0,0.0,0.0,0.0,0.0,0.0,100.0,0.01,0.0,2,0,vystymas_galimas_su_salygomis
553300050498,440014715010,0.29,3092.53,U_GG_M_F,100.0,,0.0,1,0,0,0,0,0,0,0.0,0.0,0.0,0.0,0.0,0.0,0.0,0.0,0.0,0.0,0.0,0.0,0.0,0.0,100.0,55.09,0.0,2,0,vystymas_galimas_su_salygomis
553300050505,440014871439,0.32,3170.57,U_GG_M_F,100.0,,0.0,1,0,0,0,0,0,0,0.0,0.0,0.0,0.0,0.0,0.0,0.0,0.0,0.0,0.0,0.0,0.0,0.0,0.0,98.96,0.0,0.0,1,0,vystymas_galimas_su_salygomis
553500020137,553500020137,0.25,2500.43,U_GG_V_F,100.0,,0.0,1,0,0,0,0,0,0,0.0,0.0,0.0,0.0,0.0,0.0,0.0,0.0,0.0,0.0,0.0,0.0,0.0,0.0,100.0,51.31,0.0,2,0,vystymas_galimas_su_salygomis
553500020189,553500020189,0.519,5190.2,ZU_F,100.0,,0.0,0,1,0,0,0,0,0,0.0,0.0,0.0,0.0,0.0,0.0,0.0,0.0,0.0,0.0,0.0,0.0,0.0,0.0,100.0,38.71,0.0,2,0,vystymas_galimas_su_salygomis
553500020268,553500020268,0.813,8129.0,ZU_F,99.99,MI_F,0.01,0,1,0,0,0,0,0,0.0,0.0,0.0,0.0,0.0,0.0,0.0,0.0,0.01,0.0,100.0,0.0,0.0,0.0,85.31,0.0,0.0,3,1,vystymas_labai_apribotas
553500020269,440048180418,0.1758,1757.91,U_GG_V_F,100.0,,0.0,1,0,0,0,0,0,0,0.0,0.0,0.0,0.0,0.0,0.0,0.0,0.0,0.0,0.0,0.0,0.0,0.0,0.0,100.0,15.13,0.0,2,0,vystymas_galimas_su_salygomis
553500020405,440006552822,0.25,2499.92,U_GG_V_F,100.0,,0.0,1,0,0,0,0,0,0,0.0,0.0,0.0,0.0,0.0,0.0,0.0,0.0,0.0,0.0,0.0,0.0,0.0,0.0,85.16,0.0,0.0,1,0,vystymas_galimas_su_salygomis
553500020414,440006981159,0.08,759.41,MI_F,85.54,MI_F,14.46,0,0,1,0,0,0,0,0.0,0.0,0.0,0.0,0.0,0.0,0.0,0.0,14.46,0.0,0.0,0.0,0.0,0.0,0.0,0.0,0.0,1,0,vystymas_galimas_su_salygomis
553500020418,440007110096,0.075,749.55,U_GG_V_F,100.0,,0.0,1,0,0,0,0,0,0,0.0,0.0,0.0,0.0,0.0,0.0,0.0,0.0,0.0,0.0,0.0,0.0,0.0,0.0,100.0,0.0,0.0,1,0,vystymas_galimas_su_salygomis
553500020432,440007766312,1.28,12598.58,ZU_F,100.0,ZU_F,0.0,0,1,0,0,0,0,0,0.0,0.0,0.0,0.0,0.0,0.0,0.0,0.0,0.0,0.0,0.0,0.0,0.0,9.16,100.0,28.8,0.0,3,0,vystymas_galimas_su_salygomis
553500030098,553500030098,6.2,68909.38,MI_F,97.96,ZU_F,2.04,0,0,1,0,0,0,0,0.0,0.0,0.0,0.0,0.0,0.0,0.0,0.0,98.69,0.0,0.0,0.0,0.0,0.0,1.22,0.33,0.0,3,0,vystymas_labai_apribotas
553500030121,553500030121,4.21,42562.98,ZU_F,51.27,MI_F,35.49,0,1,0,0,0,0,0,0.0,0.0,0.0,0.0,0.0,0.0,0.0,0.0,40.45,0.0,0.0,0.0,0.0,0.0,43.56,0.03,0.0,3,0,vystymas_galimas_su_salygomis
553500030179,440030031399,0.4899,4899.4,MI_F,80.36,U_GG_E_F,19.37,0,0,1,0,0,0,0,0.0,0.0,0.0,0.0,0.0,0.0,0.0,0.0,80.36,0.0,0.0,0.0,0.0,0.0,0.0,0.0,0.0,1,0,vystymas_galimas_su_salygomis
553500030267,440006100761,0.11,1258.13,ZU_F,100.0,,0.0,0,1,0,0,0,0,0,0.0,0.0,0.0,0.0,0.0,0.0,0.0,0.0,0.0,0.0,0.0,0.0,0.0,0.0,0.0,0.0,0.0,0,0,vystymas_galimas_su_salygomis
553500030334,440008669703,1.95,19499.79,U_GG_E_F,100.0,,0.0,1,0,0,0,0,0,0,0.0,0.0,0.0,0.0,0.0,0.0,0.0,0.0,0.0,0.0,0.0,0.0,0.0,0.0,89.25,16.57,0.0,2,0,vystymas_galimas_su_salygomis
553500030337,440008669990,2.68,26799.63,U_GG_E_F,100.0,,0.0,1,0,0,0,0,0,0,0.0,0.0,0.0,0.0,0.0,0.0,0.0,0.0,0.0,0.0,0.0,0.0,0.0,0.0,90.59,0.0,0.0,1,0,vystymas_galimas_su_salygomis
553500030378,440010210403,0.93,9555.4,ZU_F,97.0,MI_F,3.0,0,1,0,0,0,0,0,0.0,0.0,0.0,0.0,0.0,0.0,0.0,0.0,3.0,0.0,0.0,0.0,0.0,0.0,100.0,0.0,0.0,2,0,vystymas_galimas_su_salygomis
553500030505,440026447178,0.1018,1018.2,U_GG_E_F,100.0,,0.0,1,0,0,0,0,0,0,0.0,0.0,0.0,0.0,0.0,0.0,0.0,0.0,0.0,0.0,0.0,0.0,0.0,0.0,100.0,0.0,0.0,1,0,vystymas_galimas_su_salygomis
553500040023,553500040023,0.2247,2247.64,U_PS_F,100.0,,0.0,0,0,0,0,1,0,0,0.0,0.0,0.0,0.0,0.0,0.0,0.0,0.0,0.0,0.0,0.0,0.0,0.0,0.0,100.0,0.0,0.0,1,0,vystymas_tiesiogiai_galimas
553500040319,440005327518,3.0,29999.97,U_GG_E_F,100.0,,0.0,1,0,0,0,0,0,0,0.0,0.0,0.0,0.0,0.0,0.0,0.0,0.0,0.0,0.0,0.0,0.0,0.0,0.0,100.0,25.3,0.0,2,0,vystymas_galimas_su_salygomis
553500040456,440008341035,0.15,1500.29,U_GG_E_F,100.0,,0.0,1,0,0,0,0,0,0,0.0,0.0,0.0,0.0,0.0,0.0,0.0,0.0,0.0,0.0,0.0,0.0,0.0,0.0,11.65,0.0,0.0,1,0,vystymas_galimas_su_salygomis
553500040545,440010635419,0.3869,3869.17,U_GG_M_F,100.0,,0.0,1,0,0,0,0,0,0,0.0,0.0,0.0,0.0,0.0,0.0,0.0,0.0,0.0,0.0,0.0,0.0,0.0,0.0,80.87,0.0,0.0,1,0,vystymas_galimas_su_salygomis
553500040603,440013176219,0.112,1120.05,U_GG_E_F,100.0,,0.0,1,0,0,0,0,0,0,0.0,0.0,0.0,0.0,0.0,0.0,0.0,0.0,0.0,0.0,0.0,0.0,0.0,0.0,100.0,76.94,0.0,2,0,vystymas_galimas_su_salygomis
553500040721,440015810447,0.1041,1040.91,U_GG_E_F,100.0,,0.0,1,0,0,0,0,0,0,0.0,0.0,0.0,0.0,0.0,0.0,0.0,0.0,0.0,0.0,0.0,0.0,0.0,0.0,100.0,0.0,0.0,1,0,vystymas_galimas_su_salygomis
553500040803,440021173486,0.1,857.35,U_GG_V_F,100.0,,0.0,1,0,0,0,0,0,0,0.0,0.0,0.0,0.0,0.0,0.0,0.0,0.0,0.0,0.0,0.0,0.0,0.0,0.0,87.02,0.0,0.0,1,0,vystymas_galimas_su_salygomis
553500040808,440021268017,0.0831,830.83,U_GG_V_F,100.0,,0.0,1,0,0,0,0,0,0,0.0,0.0,0.0,0.0,0.0,0.0,0.0,0.0,0.0,0.0,0.0,0.0,0.0,0.0,100.0,0.0,0.0,1,0,vystymas_galimas_su_salygomis
553500040998,440044872271,0.2339,2338.76,U_GG_E_F,100.0,,0.0,1,0,0,0,0,0,0,0.0,0.0,0.0,0.0,0.0,0.0,0.0,0.0,0.0,0.0,0.0,0.0,0.0,0.0,100.0,64.83,0.0,2,0,vystymas_galimas_su_salygomis
553500041041,440049776738,0.1016,1015.76,U_BZ_F,100.0,,0.0,0,0,0,0,0,0,1,0.0,0.0,0.0,0.0,0.0,0.0,0.0,0.0,0.0,0.0,20.73,0.0,0.0,0.0,100.0,0.0,0.0,2,1,vystymas_labai_apribotas
553500050001,553500050001,1.4,14701.26,U_GG_E_F,100.0,,0.0,1,0,0,0,0,0,0,0.0,0.0,0.0,0.0,0.0,0.0,0.0,0.0,0.0,0.0,0.0,0.0,0.0,0.0,100.0,0.0,0.0,1,0,vystymas_galimas_su_salygomis
553500050057,553500050057,1.7508,17507.13,U_GG_E_F,99.99,MI_F,0.01,1,0,0,0,0,0,0,0.0,0.0,0.0,0.0,0.0,0.0,0.0,0.0,0.0,0.0,0.0,0.0,0.0,0.0,100.0,2.06,0.0,2,0,vystymas_galimas_su_salygomis
553500050128,553500050128,2.9396,29396.05,U_GG_E_F,100.0,,0.0,1,0,0,0,0,0,0,0.0,0.0,0.0,0.0,0.0,0.0,0.0,0.0,0.0,0.0,0.0,0.0,0.0,0.0,100.0,11.2,0.0,2,0,vystymas_galimas_su_salygomis
553500050257,440004319580,0.1103,1103.36,U_GG_E_F,100.0,,0.0,1,0,0,0,0,0,0,0.0,0.0,0.0,0.0,0.0,0.0,0.0,0.0,0.0,0.0,0.0,0.0,0.0,0.0,100.0,0.0,0.0,1,0,vystymas_galimas_su_salygomis
553500050560,440018204750,0.0932,932.12,U_GG_E_F,100.0,,0.0,1,0,0,0,0,0,0,0.0,0.0,0.0,0.0,0.0,0.0,0.0,0.0,0.0,0.0,0.0,0.0,0.0,0.0,100.0,0.0,0.0,1,0,vystymas_galimas_su_salygomis
553800010084,553800010084,0.087,773.32,U_GG_M_F,100.0,,0.0,1,0,0,0,0,0,0,0.0,0.0,0.0,0.0,0.0,0.0,0.0,0.0,0.0,0.0,0.0,0.0,0.0,0.0,0.0,0.0,0.0,0,0,vystymas_tiesiogiai_galimas
553800010104,553800010104,0.06,605.08,U_GG_M_F,100.0,,0.0,1,0,0,0,0,0,0,0.0,0.0,0.0,0.0,0.0,0.0,0.0,0.0,0.0,0.0,0.0,0.0,0.0,0.0,0.0,0.0,0.0,0,0,vystymas_tiesiogiai_galimas
553800010233,440015025722,0.0652,652.44,U_GG_M_F,100.0,,0.0,1,0,0,0,0,0,0,0.0,0.0,0.0,0.0,0.0,0.0,0.0,0.0,0.0,0.0,0.0,0.0,0.0,0.0,0.0,0.0,0.0,0,0,vystymas_tiesiogiai_galimas
553800010312,553800010312,0.06,609.0,U_GG_M_F,100.0,,0.0,1,0,0,0,0,0,0,0.0,0.0,0.0,0.0,0.0,0.0,0.0,0.0,0.0,0.0,0.0,0.0,0.0,0.0,0.0,0.0,0.0,0,0,vystymas_tiesiogiai_galimas
553800010351,553800010351,0.0631,630.77,U_GG_M_F,100.0,,0.0,1,0,0,0,0,0,0,0.0,0.0,0.0,0.0,0.0,0.0,0.0,0.0,0.0,0.0,0.0,0.0,0.0,0.0,0.0,0.0,0.0,0,0,vystymas_tiesiogiai_galimas
553800010458,553800010458,0.061,610.0,U_GG_M_F,100.0,,0.0,1,0,0,0,0,0,0,0.0,0.0,0.0,0.0,0.0,0.0,0.0,0.0,0.0,0.0,0.0,0.0,0.0,0.0,0.0,0.0,0.0,0,0,vystymas_tiesiogiai_galimas
553800020104,440040789920,0.06,599.92,U_GG_M_F,100.0,,0.0,1,0,0,0,0,0,0,0.0,0.0,0.0,0.0,0.0,0.0,0.0,0.0,0.0,0.0,0.0,0.0,0.0,0.0,0.0,0.0,0.0,0,0,vystymas_tiesiogiai_galimas
553800020279,553800020279,0.0648,648.24,U_GG_M_F,100.0,,0.0,1,0,0,0,0,0,0,0.0,0.0,0.0,0.0,0.0,0.0,0.0,0.0,0.0,0.0,0.0,0.0,0.0,0.0,0.0,0.0,0.0,0,0,vystymas_tiesiogiai_galimas
553800020282,553800020282,0.0709,708.95,U_GG_M_F,100.0,,0.0,1,0,0,0,0,0,0,0.0,0.0,0.0,0.0,0.0,0.0,0.0,0.0,0.0,0.0,0.0,0.0,0.0,0.0,0.0,0.0,0.0,0,0,vystymas_tiesiogiai_galimas
553800020385,553800020385,0.06,632.98,U_GG_M_F,100.0,,0.0,1,0,0,0,0,0,0,0.0,0.0,0.0,0.0,0.0,0.0,0.0,0.0,0.0,0.0,0.0,0.0,0.0,0.0,0.0,0.0,0.0,0,0,vystymas_tiesiogiai_galimas
553800020447,440002993728,0.06,599.78,U_GG_M_F,100.0,,0.0,1,0,0,0,0,0,0,0.0,0.0,0.0,0.0,0.0,0.0,0.0,0.0,0.0,0.0,0.0,0.0,0.0,0.0,0.0,0.0,0.0,0,0,vystymas_tiesiogiai_galimas
553800020464,553800020464,0.06,776.49,U_GG_M_F,100.0,,0.0,1,0,0,0,0,0,0,0.0,0.0,0.0,0.0,0.0,0.0,0.0,0.0,0.0,0.0,0.0,0.0,0.0,0.0,0.0,0.0,0.0,0,0,vystymas_tiesiogiai_galimas
553800020529,553800020529,0.06,583.74,U_GG_M_F,100.0,,0.0,1,0,0,0,0,0,0,0.0,0.0,0.0,0.0,0.0,0.0,0.0,0.0,0.0,0.0,0.0,0.0,0.0,0.0,0.0,0.0,0.0,0,0,vystymas_tiesiogiai_galimas
553800020632,553800020632,0.06,602.89,U_GG_M_F,100.0,,0.0,1,0,0,0,0,0,0,0.0,0.0,0.0,0.0,0.0,0.0,0.0,0.0,0.0,0.0,0.0,0.0,0.0,0.0,0.0,0.0,0.0,0,0,vystymas_tiesiogiai_galimas
553800030121,553800030121,0.096,959.86,U_GG_M_F,100.0,,0.0,1,0,0,0,0,0,0,0.0,0.0,0.0,0.0,0.0,0.0,0.0,0.0,0.0,0.0,0.0,0.0,0.0,0.0,0.0,0.0,0.0,0,0,vystymas_tiesiogiai_galimas
553800030168,553800030168,0.06,623.35,U_GG_M_F,100.0,,0.0,1,0,0,0,0,0,0,0.0,0.0,0.0,0.0,0.0,0.0,0.0,0.0,0.0,0.0,0.0,0.0,0.0,0.0,0.0,0.0,0.0,0,0,vystymas_tiesiogiai_galimas
553800030392,440002629050,0.12,1200.21,U_GG_M_F,100.0,,0.0,1,0,0,0,0,0,0,0.0,0.0,0.0,0.0,0.0,0.0,0.0,0.0,0.0,0.0,0.0,0.0,0.0,0.0,0.0,0.0,0.0,0,0,vystymas_tiesiogiai_galimas
553800030420,553800030420,0.06,599.81,U_GG_M_F,100.0,,0.0,1,0,0,0,0,0,0,0.0,0.0,0.0,0.0,0.0,0.0,0.0,0.0,0.0,0.0,0.0,0.0,0.0,0.0,0.0,0.0,0.0,0,0,vystymas_tiesiogiai_galimas
553800030437,440004431301,0.06,592.82,U_GG_M_F,100.0,,0.0,1,0,0,0,0,0,0,0.0,0.0,0.0,0.0,0.0,0.0,0.0,0.0,0.0,0.0,0.0,0.0,0.0,0.0,0.0,0.0,0.0,0,0,vystymas_tiesiogiai_galimas
553800040020,440004464262,0.12,1219.49,U_GG_M_F,100.0,,0.0,1,0,0,0,0,0,0,0.0,0.0,0.0,0.0,0.0,0.0,0.0,0.0,0.0,0.0,0.0,0.0,0.0,0.0,0.0,0.0,0.0,0,0,vystymas_tiesiogiai_galimas
553800040061,553800040061,0.12,1200.23,U_GG_M_F,100.0,,0.0,1,0,0,0,0,0,0,0.0,0.0,0.0,0.0,0.0,0.0,0.0,0.0,0.0,0.0,0.0,0.0,0.0,0.0,0.0,0.0,0.0,0,0,vystymas_tiesiogiai_galimas
553800040101,553800040101,0.153,1530.02,U_GG_M_F,100.0,,0.0,1,0,0,0,0,0,0,0.0,0.0,0.0,0.0,0.0,0.0,0.0,0.0,0.0,0.0,0.0,0.0,0.0,0.0,0.0,0.0,0.0,0,0,vystymas_tiesiogiai_galimas
553800040278,440009299164,0.06,596.26,U_GG_M_F,100.0,,0.0,1,0,0,0,0,0,0,0.0,0.0,0.0,0.0,0.0,0.0,0.0,0.0,0.0,0.0,0.0,0.0,0.0,0.0,0.0,0.0,0.0,0,0,vystymas_tiesiogiai_galimas
553800050095,553800050095,0.06,593.35,U_GG_M_F,100.0,,0.0,1,0,0,0,0,0,0,0.0,0.0,0.0,0.0,0.0,0.0,0.0,0.0,0.0,0.0,0.0,0.0,0.0,0.0,0.0,0.0,0.0,0,0,vystymas_tiesiogiai_galimas
553800050176,553800050176,0.06,607.04,U_GG_M_F,100.0,,0.0,1,0,0,0,0,0,0,0.0,0.0,0.0,0.0,0.0,0.0,0.0,0.0,0.0,0.0,0.0,0.0,0.0,0.0,0.0,0.0,0.0,0,0,vystymas_tiesiogiai_galimas
553800050395,440005519616,0.06,602.41,U_GG_M_F,100.0,,0.0,1,0,0,0,0,0,0,0.0,0.0,0.0,0.0,0.0,0.0,0.0,0.0,0.0,0.0,0.0,0.0,0.0,0.0,0.0,0.0,0.0,0,0,vystymas_tiesiogiai_galimas
553800110021,440003832430,0.7,6999.55,ZU_F,99.95,U_GG_E_F,0.05,0,1,0,0,0,0,0,0.0,0.0,0.0,0.0,0.0,0.0,0.0,0.0,0.0,0.0,0.0,0.0,0.0,0.0,100.0,3.34,0.0,2,0,vystymas_galimas_su_salygomis
553800110197,440011653900,1.45,14046.41,ZU_F,100.0,,0.0,0,1,0,0,0,0,0,0.0,0.0,0.0,0.0,0.0,0.0,0.0,0.0,0.0,0.0,0.0,0.0,0.0,0.0,100.0,0.0,0.0,1,0,vystymas_galimas_su_salygomis
553800120094,553800120094,1.57,15217.77,ZU_F,94.93,ZU_F,5.05,0,1,0,0,0,0,0,5.07,0.0,0.0,0.0,5.07,0.0,0.0,0.0,0.02,0.0,0.51,0.0,0.0,0.0,52.63,0.58,0.0,6,1,vystymas_labai_apribotas
553800120221,440012889279,0.033,329.68,ZU_F,73.45,MI_F,26.55,0,1,0,0,0,0,0,0.0,0.0,0.0,0.0,0.0,0.0,0.0,0.0,26.55,0.0,0.0,0.0,0.0,0.0,0.0,0.0,0.0,1,0,vystymas_galimas_su_salygomis
553800130132,440010469406,0.45,4383.14,MI_F,96.4,U_PS_F,3.6,0,0,1,0,0,0,0,0.0,0.0,0.0,0.0,0.0,0.0,0.0,0.0,96.4,0.0,0.0,0.0,0.0,0.0,0.0,0.0,0.0,1,0,vystymas_galimas_su_salygomis
553800130146,440015162622,0.122,1219.95,U_GG_E_F,100.0,,0.0,1,0,0,0,0,0,0,0.0,0.0,0.0,0.0,0.0,0.0,0.0,0.0,0.0,0.0,0.0,0.0,0.0,0.0,100.0,0.0,0.0,1,0,vystymas_galimas_su_salygomis
553800130209,440019589565,0.1257,1257.16,U_GG_E_F,100.0,,0.0,1,0,0,0,0,0,0,0.0,0.0,0.0,0.0,0.0,0.0,0.0,0.0,0.0,0.0,0.0,0.0,0.0,0.0,100.0,0.0,0.0,1,0,vystymas_galimas_su_salygomis
553800130270,440045025436,1.0425,10425.61,U_GG_E_F,100.0,,0.0,1,0,0,0,0,0,0,0.0,0.0,0.0,0.0,0.0,0.0,0.0,0.0,0.0,0.0,0.0,0.0,0.0,0.0,100.0,0.0,0.0,1,0,vystymas_galimas_su_salygomis
553800140407,440004335339,0.19,1900.34,U_GG_V_F,100.0,,0.0,1,0,0,0,0,0,0,0.0,0.0,0.0,0.0,0.0,0.0,0.0,0.0,0.0,0.0,0.0,0.0,0.0,0.0,100.0,11.54,0.0,2,0,vystymas_galimas_su_salygomis
553800140650,440022041036,0.0925,925.06,U_GG_M_F,100.0,,0.0,1,0,0,0,0,0,0,0.0,0.0,0.0,0.0,0.0,0.0,0.0,0.0,0.0,0.0,0.0,0.0,0.0,0.0,100.0,0.0,0.0,1,0,vystymas_galimas_su_salygomis
553800150009,553800150009,1.0574,10574.29,U_GG_V_F,100.0,,0.0,1,0,0,0,0,0,0,0.0,0.0,0.0,0.0,0.0,0.0,0.0,0.0,0.0,0.0,0.0,0.0,0.0,0.0,100.0,22.45,0.0,2,0,vystymas_galimas_su_salygomis
553800150077,553800150077,0.2,2034.0,U_GG_V_F,100.0,,0.0,1,0,0,0,0,0,0,0.0,0.0,0.0,0.0,0.0,0.0,0.0,0.0,0.0,0.0,0.0,0.0,0.0,0.0,100.0,7.46,0.0,2,0,vystymas_galimas_su_salygomis
553800150085,553800150085,0.28,2800.39,U_GG_V_F,100.0,,0.0,1,0,0,0,0,0,0,0.0,0.0,0.0,0.0,0.0,0.0,0.0,0.0,0.0,0.0,0.0,0.0,0.0,0.0,100.0,0.0,0.0,1,0,vystymas_galimas_su_salygomis
553800150149,553800150149,0.7548,7549.49,ZU_F,100.0,,0.0,0,1,0,0,0,0,0,0.0,0.0,0.0,0.0,0.0,0.0,0.0,0.0,0.0,0.0,0.0,0.0,0.0,0.0,100.0,10.07,0.0,2,0,vystymas_galimas_su_salygomis
553800150156,440041614860,0.2985,2985.05,U_GG_V_F,100.0,,0.0,1,0,0,0,0,0,0,0.0,0.0,0.0,0.0,0.0,0.0,0.0,0.0,0.0,0.0,0.0,0.0,0.0,0.0,100.0,0.0,0.0,1,0,vystymas_galimas_su_salygomis
553800150259,553800150259,3.14,29175.28,ZU_F,91.9,MI_F,8.1,0,1,0,0,0,0,0,25.92,0.0,0.0,0.0,16.98,98.75,0.0,0.0,8.1,0.0,0.0,0.0,0.0,43.99,0.0,0.0,0.0,5,1,vystymas_labai_apribotas
553800150263,553800150263,1.1774,11774.44,ZU_F,100.0,,0.0,0,1,0,0,0,0,0,0.0,0.0,0.0,0.0,0.0,0.0,0.0,0.0,0.0,0.0,0.0,0.0,0.0,0.0,100.0,0.0,0.0,1,0,vystymas_galimas_su_salygomis
553800150438,440020412104,0.0474,473.59,U_GG_M_F,100.0,,0.0,1,0,0,0,0,0,0,0.0,0.0,0.0,0.0,0.0,0.0,0.0,0.0,0.0,0.0,0.0,0.0,0.0,0.0,100.0,0.0,0.0,1,0,vystymas_galimas_su_salygomis
553800150444,440020412704,0.0608,607.98,U_GG_M_F,100.0,,0.0,1,0,0,0,0,0,0,0.0,0.0,0.0,0.0,0.0,0.0,0.0,0.0,0.0,0.0,0.0,0.0,0.0,0.0,100.0,0.0,0.0,1,0,vystymas_galimas_su_salygomis
554300010052,554300010052,4.37,41294.18,MI_F,99.72,ZU_F,0.28,0,0,1,0,0,0,0,0.0,0.0,0.0,0.0,99.48,0.0,0.0,0.0,99.83,0.0,0.0,0.0,0.0,0.0,0.0,0.0,0.0,2,0,vystymas_labai_apribotas
554300010099,554300010099,2.51,26002.93,ZU_F,99.51,MI_F,0.47,0,1,0,0,0,0,0,99.98,0.0,0.0,0.0,99.98,0.0,0.0,0.0,0.47,0.0,0.0,0.0,0.0,0.0,74.01,19.22,0.0,5,1,vystymas_labai_apribotas
554300010127,554300010127,2.05,20591.17,ZU_F,99.98,H_F,0.02,0,1,0,0,0,0,0,100.03,0.0,0.0,0.0,100.0,19.26,0.0,0.0,0.0,0.0,0.0,0.0,0.0,40.33,0.0,0.0,0.0,4,1,vystymas_labai_apribotas
554300020161,554300020161,1.26,12760.29,ZU_F,100.0,,0.0,0,1,0,0,0,0,0,0.0,0.0,0.0,0.0,0.0,0.0,0.0,0.0,0.0,0.0,0.0,0.0,0.0,0.0,100.0,5.05,0.0,2,0,vystymas_galimas_su_salygomis
554300030044,440029214790,0.52,5199.64,U_GG_M_F,100.0,,0.0,1,0,0,0,0,0,0,0.0,0.0,0.0,0.0,0.0,0.0,0.0,0.0,0.0,0.0,0.0,0.0,0.0,0.0,100.0,21.7,0.0,2,0,vystymas_galimas_su_salygomis
554300030203,440003094671,2.76,25987.96,ZU_F,99.65,ZU_F,0.35,0,1,0,0,0,0,0,0.0,0.0,0.0,0.0,0.0,0.0,0.0,0.0,0.0,0.0,0.0,0.0,0.0,0.0,99.85,25.76,0.0,2,0,vystymas_galimas_su_salygomis
554300030212,440010354393,0.2663,2663.34,U_GG_M_F,100.0,,0.0,1,0,0,0,0,0,0,0.0,0.0,0.0,0.0,0.0,0.0,0.0,0.0,0.0,0.0,0.0,0.0,0.0,0.0,100.0,70.28,0.0,2,0,vystymas_galimas_su_salygomis
554300040026,554300040026,2.04,20393.2,ZU_F,75.29,MI_F,24.71,0,1,0,0,0,0,0,0.0,0.0,0.0,0.0,0.0,0.0,0.0,0.0,24.71,0.0,0.0,0.0,0.0,0.0,32.45,0.0,0.0,2,0,vystymas_galimas_su_salygomis
554300050006,554300050006,2.1142,21142.23,ZU_F,100.0,,0.0,0,1,0,0,0,0,0,0.0,0.0,0.0,0.0,0.0,0.0,0.0,0.0,0.0,0.0,0.0,0.0,0.0,0.0,100.0,15.79,0.0,2,0,vystymas_galimas_su_salygomis
554300050027,554300050027,6.69,65517.8,ZU_F,99.84,MI_F,0.16,0,1,0,0,0,0,0,0.0,0.0,0.0,0.0,0.03,0.0,0.0,0.0,0.0,0.0,0.0,0.0,0.0,0.0,100.0,0.0,0.0,2,0,vystymas_galimas_su_salygomis
554300050062,554300050062,1.5,15156.95,MI_F,99.47,ZU_F,0.53,0,0,1,0,0,0,0,100.0,0.0,0.0,0.0,100.0,0.0,0.0,0.0,99.47,0.0,0.0,0.0,0.0,0.0,1.65,0.0,0.0,4,1,vystymas_labai_apribotas
554300050073,554300050073,0.31,3100.37,MI_F,69.71,ZU_F,30.29,0,0,1,0,0,0,0,100.0,0.0,0.0,0.0,100.0,0.0,0.0,0.0,0.0,0.0,0.0,0.0,0.0,0.0,0.0,0.0,0.0,2,1,vystymas_labai_apribotas
554300050128,554300050128,0.56,6205.42,U_GG_M_F,100.0,,0.0,1,0,0,0,0,0,0,0.0,0.0,0.0,0.0,0.0,0.0,0.0,0.0,0.0,0.0,0.0,0.0,0.0,0.0,100.0,7.18,0.0,2,0,vystymas_galimas_su_salygomis
554300050143,554300050143,1.01,10276.62,ZU_F,100.0,,0.0,0,1,0,0,0,0,0,0.0,0.0,0.0,0.0,0.0,0.0,0.0,0.0,0.0,0.0,0.0,0.0,0.0,0.0,100.0,11.73,0.0,2,0,vystymas_galimas_su_salygomis
554300050262,554300050262,5.21,52829.42,ZU_F,100.0,,0.0,0,1,0,0,0,0,0,0.0,0.0,0.0,0.0,0.0,0.0,0.0,0.0,0.0,0.0,0.0,0.0,0.0,0.0,100.0,15.26,0.0,2,0,vystymas_galimas_su_salygomis
554300050294,554300050294,3.99,41851.48,ZU_F,99.8,MI_F,0.2,0,1,0,0,0,0,0,0.0,0.0,0.0,0.0,0.0,0.0,0.0,0.0,0.2,0.0,0.0,0.0,0.0,0.0,87.5,0.31,0.0,3,0,vystymas_galimas_su_salygomis
554300050487,440015486312,1.54,17008.3,ZU_F,99.74,U_GG_M_F,0.26,0,1,0,0,0,0,0,0.0,0.0,0.0,0.0,0.0,0.0,0.0,0.0,0.0,0.0,0.0,0.0,0.0,0.0,100.0,3.16,0.0,2,0,vystymas_galimas_su_salygomis
554300050493,440016130555,0.17,1759.81,U_GG_M_F,100.0,,0.0,1,0,0,0,0,0,0,0.0,0.0,0.0,0.0,0.0,0.0,0.0,0.0,0.0,0.0,0.0,0.0,0.0,0.0,0.0,0.0,0.0,0,0,vystymas_tiesiogiai_galimas
554300050506,440017198471,0.6,6055.03,U_GG_M_F,100.0,,0.0,1,0,0,0,0,0,0,0.0,0.0,0.0,0.0,0.0,0.0,0.0,0.0,0.0,0.0,0.0,0.0,0.0,0.0,100.0,45.19,0.0,2,0,vystymas_galimas_su_salygomis
554400020078,554400020078,4.844,48439.98,MI_F,100.0,,0.0,0,0,1,0,0,0,0,0.0,0.0,0.0,0.0,0.0,0.0,0.0,0.0,100.0,0.0,0.0,0.0,0.0,0.0,0.02,0.0,0.0,2,0,vystymas_labai_apribotas
554400020101,554400020101,3.73,36655.19,MI_F,100.0,,0.0,0,0,1,0,0,0,0,0.0,0.0,0.0,0.0,0.0,0.0,0.0,0.0,100.0,0.0,0.0,0.0,0.0,0.0,0.0,0.0,0.0,1,0,vystymas_galimas_su_salygomis
554400020246,440025368112,0.1061,1060.86,U_GG_E_F,100.0,,0.0,1,0,0,0,0,0,0,0.0,0.0,0.0,0.0,0.0,0.0,0.0,0.0,0.0,0.0,0.0,0.0,0.0,0.0,60.95,0.0,0.0,1,0,vystymas_galimas_su_salygomis
554400020418,440003371738,0.2485,2485.08,U_GG_M_F,100.0,,0.0,1,0,0,0,0,0,0,0.0,0.0,0.0,0.0,0.0,0.0,0.0,0.0,0.0,0.0,0.0,0.0,0.0,0.0,100.0,0.0,0.0,1,0,vystymas_galimas_su_salygomis
554400020559,440009448728,0.1754,1753.83,U_GG_E_F,100.0,,0.0,1,0,0,0,0,0,0,0.0,0.0,0.0,0.0,0.0,0.0,0.0,0.0,0.0,0.0,0.0,0.0,0.0,0.0,100.0,0.0,0.0,1,0,vystymas_galimas_su_salygomis
554400020597,440010166539,0.13,1383.17,U_GG_E_F,100.0,,0.0,1,0,0,0,0,0,0,0.0,0.0,0.0,0.0,0.0,0.0,0.0,0.0,0.0,100.0,0.0,0.0,0.0,0.0,0.0,0.0,0.0,1,1,vystymas_galimas_su_salygomis
554400020609,440010314786,0.0829,828.77,U_GG_M_F,100.0,,0.0,1,0,0,0,0,0,0,0.0,0.0,0.0,0.0,0.0,0.0,0.0,0.0,0.0,0.0,0.0,0.0,0.0,0.0,100.0,3.42,0.0,2,0,vystymas_galimas_su_salygomis
554400020621,440010315648,0.0025,25.2,U_GG_M_F,100.0,,0.0,1,0,0,0,0,0,0,0.0,0.0,0.0,0.0,0.0,0.0,0.0,0.0,0.0,0.0,0.0,0.0,0.0,0.0,100.0,0.0,0.0,1,0,vystymas_galimas_su_salygomis
554400020690,440014818230,1.83,19132.06,U_GG_M_F,100.0,,0.0,1,0,0,0,0,0,0,0.0,0.0,0.0,0.0,0.0,0.0,0.0,0.0,0.0,0.0,0.0,0.0,0.0,0.0,98.76,7.7,0.0,2,0,vystymas_galimas_su_salygomis
554400020745,440018364957,0.5,5000.14,U_GG_E_F,100.0,,0.0,1,0,0,0,0,0,0,0.0,0.0,0.0,0.0,0.0,0.0,0.0,0.0,0.0,0.0,0.0,0.0,0.0,0.0,100.0,0.0,0.0,1,0,vystymas_galimas_su_salygomis
554400020749,440019457831,1.2229,12229.2,U_GG_E_F,100.0,,0.0,1,0,0,0,0,0,0,0.0,0.0,0.0,0.0,0.0,0.0,0.0,0.0,0.0,0.0,0.0,0.0,0.0,0.0,100.0,15.37,0.0,2,0,vystymas_galimas_su_salygomis
554400021026,440039787305,0.66,6599.83,U_GG_E_F,100.0,,0.0,1,0,0,0,0,0,0,0.0,0.0,0.0,0.0,0.0,0.0,0.0,0.0,0.0,0.0,0.0,0.0,0.0,0.0,100.0,0.0,0.0,1,0,vystymas_galimas_su_salygomis
554400030162,554400030162,0.3,3030.94,U_GG_M_F,100.0,,0.0,1,0,0,0,0,0,0,0.0,0.0,0.0,0.0,0.0,0.0,0.0,0.0,0.0,0.0,0.0,0.0,0.0,0.0,100.0,0.0,0.0,1,0,vystymas_galimas_su_salygomis
554400030336,440029945622,0.2542,2541.57,U_GG_V_F,100.0,,0.0,1,0,0,0,0,0,0,0.0,0.0,0.0,0.0,0.0,0.0,0.0,0.0,0.0,0.0,0.0,0.0,0.0,0.0,100.0,11.69,0.0,2,0,vystymas_galimas_su_salygomis
554400030483,440008655283,0.94,10406.51,U_GG_E_F,100.0,,0.0,1,0,0,0,0,0,0,0.0,0.0,0.0,0.0,0.0,0.0,0.0,0.0,0.0,0.0,0.0,0.0,0.0,0.0,100.0,22.04,0.0,2,0,vystymas_galimas_su_salygomis
554400030501,440009491807,0.3984,3983.85,U_GG_M_F,100.0,,0.0,1,0,0,0,0,0,0,0.0,0.0,0.0,0.0,0.0,0.0,0.0,0.0,0.0,0.0,0.0,0.0,0.0,0.0,93.84,26.09,0.0,2,0,vystymas_galimas_su_salygomis
554400030673,440022826859,0.292,2920.37,U_GG_E_F,100.0,,0.0,1,0,0,0,0,0,0,0.0,0.0,0.0,0.0,0.0,0.0,0.0,0.0,0.0,0.0,0.0,0.0,0.0,0.0,100.0,20.15,0.0,2,0,vystymas_galimas_su_salygomis
554400030685,440023023798,0.1338,1338.31,U_GG_E_F,100.0,,0.0,1,0,0,0,0,0,0,0.0,0.0,0.0,0.0,0.0,0.0,0.0,0.0,0.0,0.0,0.0,0.0,0.0,0.0,88.11,0.0,0.0,1,0,vystymas_galimas_su_salygomis
554400030817,440043277680,0.1604,1604.6,U_GG_V_F,100.0,,0.0,1,0,0,0,0,0,0,0.0,0.0,0.0,0.0,0.0,0.0,0.0,0.0,0.0,0.0,0.0,0.0,0.0,0.0,0.0,0.0,0.0,0,0,vystymas_tiesiogiai_galimas
554400030827,440043596750,0.268,2682.08,U_GG_E_F,100.0,,0.0,1,0,0,0,0,0,0,0.0,0.0,0.0,0.0,0.0,0.0,0.0,0.0,0.0,0.0,0.0,0.0,0.0,0.0,100.0,0.0,0.0,1,0,vystymas_galimas_su_salygomis
554400040031,554400040031,2.91,27633.88,ZU_F,76.91,U_GG_M_F,22.82,0,1,0,0,0,0,0,0.0,0.0,0.0,0.0,0.0,61.18,0.0,0.0,0.0,0.0,0.0,0.0,0.0,9.14,55.64,11.15,0.0,4,0,vystymas_galimas_su_salygomis
554400040388,440037946602,0.5633,5633.02,ZU_F,100.0,,0.0,0,1,0,0,0,0,0,0.0,0.0,0.0,0.0,0.0,97.52,0.0,0.0,0.0,0.0,0.0,0.0,0.0,56.84,74.22,14.8,0.0,4,0,vystymas_galimas_su_salygomis
554400040429,440046167739,0.1452,1452.16,U_GG_E_F,100.0,,0.0,1,0,0,0,0,0,0,0.0,0.0,0.0,0.0,0.0,0.0,0.0,0.0,0.0,0.0,0.0,0.0,0.0,0.0,100.0,0.0,0.0,1,0,vystymas_galimas_su_salygomis
554400050024,554400050024,6.17,63105.08,ZU_F,100.0,,0.0,0,1,0,0,0,0,0,0.0,0.0,0.0,0.0,0.0,0.0,0.0,0.0,0.0,0.0,0.0,0.0,0.0,0.0,100.0,0.0,0.0,1,0,vystymas_galimas_su_salygomis
554400050184,554400050184,6.6935,66935.49,ZU_F,100.0,,0.0,0,1,0,0,0,0,0,0.0,0.0,0.0,0.0,0.0,0.0,0.0,0.0,0.0,0.0,0.0,0.0,0.0,0.0,99.88,6.77,0.0,2,0,vystymas_galimas_su_salygomis
554400050275,554400050275,1.9416,19416.37,U_GG_M_F,100.0,,0.0,1,0,0,0,0,0,0,0.0,0.0,0.0,0.0,0.0,0.0,0.0,0.0,0.0,0.0,0.0,0.0,0.0,0.0,100.0,46.57,39.24,3,1,vystymas_labai_apribotas
554400050320,554400050320,2.0,20004.72,ZU_F,100.0,,0.0,0,1,0,0,0,0,0,0.0,0.0,0.0,0.0,0.0,0.0,0.0,0.0,0.0,0.0,0.0,0.0,0.0,0.0,100.0,23.05,0.0,2,0,vystymas_galimas_su_salygomis
554400050469,440000905266,2.55,26208.71,U_GG_E_F,100.0,,0.0,1,0,0,0,0,0,0,0.0,0.0,0.0,0.0,0.0,0.0,0.0,0.0,0.0,0.0,0.0,0.0,0.0,0.0,99.91,7.96,0.0,2,0,vystymas_galimas_su_salygomis
554400050579,440031017495,1.1612,11612.15,MI_F,94.04,ZU_F,5.5,0,0,1,0,0,0,0,0.0,0.0,0.0,0.0,0.0,0.0,0.0,0.0,65.95,0.0,0.0,0.0,0.0,0.0,1.87,0.0,0.0,2,0,vystymas_labai_apribotas
554400050853,440010131674,1.08,10800.08,ZU_F,100.0,,0.0,0,1,0,0,0,0,0,0.0,0.0,0.0,0.0,0.0,0.0,0.0,0.0,0.0,0.0,0.0,0.0,0.0,0.0,100.0,1.36,0.0,2,0,vystymas_galimas_su_salygomis
554400051079,440016138088,0.11,1100.03,U_GG_M_F,100.0,,0.0,1,0,0,0,0,0,0,0.0,0.0,0.0,0.0,0.0,0.0,0.0,0.0,0.0,0.0,0.0,0.0,0.0,0.0,100.0,0.0,0.0,1,0,vystymas_galimas_su_salygomis
554400051092,440017021888,1.9647,19646.56,ZU_F,100.0,,0.0,0,1,0,0,0,0,0,0.0,0.0,0.0,0.0,0.0,0.0,0.0,0.0,0.0,0.0,0.0,0.0,0.0,0.0,100.0,0.18,0.0,2,0,vystymas_galimas_su_salygomis
554400051113,440018127972,0.78,7800.18,U_GG_E_F,100.0,U_GG_M_F,0.0,1,0,0,0,0,0,0,0.0,0.0,0.0,0.0,0.0,0.0,0.0,0.0,0.0,0.0,0.0,0.0,0.0,0.0,100.0,5.22,0.0,2,0,vystymas_galimas_su_salygomis
554400051368,440051314966,0.2676,2676.11,ZU_F,100.0,,0.0,0,1,0,0,0,0,0,0.0,0.0,0.0,0.0,0.0,0.0,0.0,0.0,0.0,0.0,0.0,0.0,0.0,83.51,100.0,0.0,0.0,2,0,vystymas_galimas_su_salygomis
554400060082,554400060082,0.3133,3132.7,U_GG_M_F,100.0,,0.0,1,0,0,0,0,0,0,0.0,0.0,0.0,0.0,0.0,0.0,0.0,0.0,0.0,0.0,0.0,0.0,0.0,0.0,73.77,0.0,0.0,1,0,vystymas_galimas_su_salygomis
554400060294,440010728520,0.1612,1611.74,U_GG_M_F,100.0,,0.0,1,0,0,0,0,0,0,0.0,0.0,0.0,0.0,0.0,0.0,0.0,0.0,0.0,0.0,0.0,0.0,0.0,0.0,100.0,0.0,0.0,1,0,vystymas_galimas_su_salygomis
554400060473,440051795049,0.14,1399.73,U_GG_M_F,99.91,MI_F,0.09,1,0,0,0,0,0,0,0.0,0.0,0.0,0.0,0.0,0.0,0.0,0.0,0.09,0.0,0.0,0.0,0.0,0.0,100.0,0.0,0.0,2,0,vystymas_galimas_su_salygomis
554400060474,440051778359,0.15,1500.43,U_GG_M_F,100.0,,0.0,1,0,0,0,0,0,0,0.0,0.0,0.0,0.0,0.0,0.0,0.0,0.0,0.0,0.0,0.0,0.0,0.0,0.0,100.0,0.0,0.0,1,0,vystymas_galimas_su_salygomis
554400060480,440052167943,0.17,1700.2,ZU_F,100.0,,0.0,0,1,0,0,0,0,0,0.0,0.0,0.0,0.0,0.0,0.0,0.0,0.0,0.0,0.0,0.0,0.0,0.0,0.0,100.0,0.0,0.0,1,0,vystymas_galimas_su_salygomis
554400080213,554400080213,0.0705,704.62,U_GG_M_F,100.0,,0.0,1,0,0,0,0,0,0,0.0,0.0,0.0,0.0,0.0,0.0,0.0,0.0,0.0,0.0,0.0,0.0,0.0,0.0,0.0,0.0,0.0,0,0,vystymas_tiesiogiai_galimas
554400090086,554400090086,0.06,633.3,U_GG_M_F,100.0,,0.0,1,0,0,0,0,0,0,0.0,0.0,0.0,0.0,0.0,0.0,0.0,0.0,0.0,0.0,0.0,0.0,0.0,0.0,0.0,0.0,0.0,0,0,vystymas_tiesiogiai_galimas
554400090125,554400090125,0.082,836.63,U_GG_M_F,97.78,MI_F,2.22,1,0,0,0,0,0,0,0.0,0.0,0.0,0.0,0.0,0.0,0.0,0.0,2.22,0.0,0.0,0.0,0.0,0.0,0.0,0.0,0.0,1,0,vystymas_galimas_su_salygomis
554400100019,554400100019,0.0659,651.73,U_GG_M_F,100.0,,0.0,1,0,0,0,0,0,0,0.0,0.0,0.0,0.0,0.0,0.0,0.0,0.0,0.0,0.0,0.0,0.0,0.0,0.0,0.0,0.0,0.0,0,0,vystymas_tiesiogiai_galimas
554400100025,554400100025,0.0762,762.53,U_GG_M_F,100.0,,0.0,1,0,0,0,0,0,0,0.0,0.0,0.0,0.0,0.0,0.0,0.0,0.0,0.0,0.0,0.0,0.0,0.0,0.0,0.0,0.0,0.0,0,0,vystymas_tiesiogiai_galimas
554400130118,554400130118,0.0605,605.09,U_GG_M_F,100.0,,0.0,1,0,0,0,0,0,0,0.0,0.0,0.0,0.0,0.0,0.0,0.0,0.0,0.0,0.0,0.0,0.0,0.0,0.0,0.0,0.0,0.0,0,0,vystymas_tiesiogiai_galimas
554400130254,554400130254,0.06,600.35,U_GG_M_F,100.0,,0.0,1,0,0,0,0,0,0,0.0,0.0,0.0,0.0,0.0,0.0,0.0,0.0,0.0,0.0,0.0,0.0,0.0,0.0,0.0,0.0,0.0,0,0,vystymas_tiesiogiai_galimas
554400130559,554400130559,0.06,597.55,U_GG_M_F,100.0,,0.0,1,0,0,0,0,0,0,0.0,0.0,0.0,0.0,0.0,0.0,0.0,0.0,0.0,0.0,0.0,0.0,0.0,0.0,0.0,0.0,0.0,0,0,vystymas_tiesiogiai_galimas
554400140014,554400140014,0.06,599.92,U_GG_M_F,100.0,,0.0,1,0,0,0,0,0,0,0.0,0.0,0.0,0.0,0.0,0.0,0.0,0.0,0.0,0.0,0.0,0.0,0.0,0.0,100.0,0.0,0.0,1,0,vystymas_galimas_su_salygomis
554400140163,554400140163,0.06,599.98,U_GG_M_F,100.0,,0.0,1,0,0,0,0,0,0,0.0,0.0,0.0,0.0,0.0,0.0,0.0,0.0,0.0,0.0,0.0,0.0,0.0,0.0,100.0,0.0,0.0,1,0,vystymas_galimas_su_salygomis
554400160022,554400160022,0.06,600.09,U_GG_E_F,100.0,,0.0,1,0,0,0,0,0,0,0.0,0.0,0.0,0.0,0.0,0.0,0.0,0.0,0.0,0.0,0.0,0.0,0.0,0.0,100.0,0.0,0.0,1,0,vystymas_galimas_su_salygomis
554400160127,554400160127,0.0615,614.91,U_GG_E_F,100.0,,0.0,1,0,0,0,0,0,0,0.0,0.0,0.0,0.0,0.0,0.0,0.0,0.0,0.0,0.0,0.0,0.0,0.0,0.0,100.0,0.0,0.0,1,0,vystymas_galimas_su_salygomis
554400160168,440002604906,0.062,620.4,U_GG_E_F,100.0,,0.0,1,0,0,0,0,0,0,0.0,0.0,0.0,0.0,0.0,0.0,0.0,0.0,0.0,0.0,0.0,0.0,0.0,0.0,100.0,0.0,0.0,1,0,vystymas_galimas_su_salygomis
554400160191,554400160191,0.0601,600.75,U_GG_E_F,100.0,,0.0,1,0,0,0,0,0,0,0.0,0.0,0.0,0.0,0.0,0.0,0.0,0.0,0.0,0.0,0.0,0.0,0.0,0.0,100.0,0.0,0.0,1,0,vystymas_galimas_su_salygomis
554400160251,440005128538,0.0685,672.66,U_GG_E_F,100.0,,0.0,1,0,0,0,0,0,0,0.0,0.0,0.0,0.0,0.0,0.0,0.0,0.0,0.0,0.0,0.0,0.0,0.0,0.0,100.0,0.0,0.0,1,0,vystymas_galimas_su_salygomis
554400160271,554400160271,0.06,610.25,U_GG_E_F,100.0,,0.0,1,0,0,0,0,0,0,0.0,0.0,0.0,0.0,0.0,0.0,0.0,0.0,0.0,0.0,0.0,0.0,0.0,0.0,100.0,0.0,0.0,1,0,vystymas_galimas_su_salygomis
554400160280,554400160280,0.06,599.68,U_GG_E_F,100.0,,0.0,1,0,0,0,0,0,0,0.0,0.0,0.0,0.0,0.0,0.0,0.0,0.0,0.0,0.0,0.0,0.0,0.0,0.0,100.0,0.0,0.0,1,0,vystymas_galimas_su_salygomis
554400160284,554400160284,0.0593,593.25,U_GG_E_F,100.0,,0.0,1,0,0,0,0,0,0,0.0,0.0,0.0,0.0,0.0,0.0,0.0,0.0,0.0,0.0,0.0,0.0,0.0,0.0,100.0,0.0,0.0,1,0,vystymas_galimas_su_salygomis
554400170060,554400170060,0.06,601.87,U_GG_E_F,100.0,,0.0,1,0,0,0,0,0,0,0.0,0.0,0.0,0.0,0.0,0.0,0.0,0.0,0.0,0.0,0.0,0.0,0.0,0.0,59.93,0.0,0.0,1,0,vystymas_galimas_su_salygomis
554400180028,554400180028,0.06,627.79,U_GG_E_F,100.0,,0.0,1,0,0,0,0,0,0,0.0,0.0,0.0,0.0,0.0,0.0,0.0,0.0,0.0,0.0,0.0,0.0,0.0,0.0,100.0,0.0,0.0,1,0,vystymas_galimas_su_salygomis
554400180185,554400180185,0.0648,648.03,U_GG_E_F,100.0,,0.0,1,0,0,0,0,0,0,0.0,0.0,0.0,0.0,0.0,0.0,0.0,0.0,0.0,0.0,0.0,0.0,0.0,0.0,100.0,0.0,0.0,1,0,vystymas_galimas_su_salygomis
554400180252,440002289972,0.1427,1426.17,U_GG_E_F,100.0,,0.0,1,0,0,0,0,0,0,0.0,0.0,0.0,0.0,0.0,0.0,0.0,0.0,0.0,0.0,0.0,0.0,0.0,0.0,100.0,0.0,0.0,1,0,vystymas_galimas_su_salygomis
554400180256,440029165708,0.1134,1134.09,U_GG_E_F,100.0,,0.0,1,0,0,0,0,0,0,0.0,0.0,0.0,0.0,0.0,0.0,0.0,0.0,0.0,0.0,0.0,0.0,0.0,0.0,96.3,0.0,0.0,1,0,vystymas_galimas_su_salygomis
554400190145,554400190145,0.06,630.97,U_GG_M_F,100.0,,0.0,1,0,0,0,0,0,0,0.0,0.0,0.0,0.0,0.0,0.0,0.0,0.0,0.0,0.0,0.0,0.0,0.0,0.0,100.0,0.0,0.0,1,0,vystymas_galimas_su_salygomis
554400190185,554400190185,0.06,617.11,U_GG_M_F,100.0,,0.0,1,0,0,0,0,0,0,0.0,0.0,0.0,0.0,0.0,0.0,0.0,0.0,0.0,0.0,0.0,0.0,0.0,0.0,100.0,0.0,0.0,1,0,vystymas_galimas_su_salygomis
554400190254,554400190254,0.06,612.96,U_GG_M_F,100.0,,0.0,1,0,0,0,0,0,0,0.0,0.0,0.0,0.0,0.0,0.0,0.0,0.0,0.0,0.0,0.0,0.0,0.0,0.0,0.0,0.0,0.0,0,0,vystymas_tiesiogiai_galimas
554400200077,554400200077,0.06,639.62,U_GG_M_F,100.0,,0.0,1,0,0,0,0,0,0,0.0,0.0,0.0,0.0,0.0,0.0,0.0,0.0,0.0,0.0,0.0,0.0,0.0,0.0,100.0,0.0,0.0,1,0,vystymas_galimas_su_salygomis
554400200329,554400200329,0.0896,893.0,U_GG_M_F,100.0,,0.0,1,0,0,0,0,0,0,0.0,0.0,0.0,0.0,0.0,0.0,0.0,0.0,0.0,0.0,0.0,0.0,0.0,0.0,100.0,0.0,0.0,1,0,vystymas_galimas_su_salygomis
554400200355,554400200355,0.0896,929.65,U_GG_M_F,100.0,,0.0,1,0,0,0,0,0,0,0.0,0.0,0.0,0.0,0.0,0.0,0.0,0.0,0.0,0.0,0.0,0.0,0.0,0.0,100.0,0.0,0.0,1,0,vystymas_galimas_su_salygomis
554400200434,554400200434,0.0808,808.21,U_GG_M_F,100.0,,0.0,1,0,0,0,0,0,0,0.0,0.0,0.0,0.0,0.0,0.0,0.0,0.0,0.0,0.0,0.0,0.0,0.0,0.0,100.0,0.0,0.0,1,0,vystymas_galimas_su_salygomis
554400200462,554400200462,0.0896,895.96,U_GG_M_F,100.0,,0.0,1,0,0,0,0,0,0,0.0,0.0,0.0,0.0,0.0,0.0,0.0,0.0,0.0,0.0,0.0,0.0,0.0,0.0,100.0,0.0,0.0,1,0,vystymas_galimas_su_salygomis
554400260004,554400260004,0.0697,700.99,U_GG_M_F,100.0,,0.0,1,0,0,0,0,0,0,0.0,0.0,0.0,0.0,0.0,0.0,0.0,0.0,0.0,0.0,0.0,0.0,0.0,0.0,0.0,0.0,0.0,0,0,vystymas_tiesiogiai_galimas
554400270021,554400270021,0.059,568.83,U_GG_M_F,100.0,,0.0,1,0,0,0,0,0,0,0.0,0.0,0.0,0.0,0.0,0.0,0.0,0.0,0.0,0.0,0.0,0.0,0.0,0.0,0.0,0.0,0.0,0,0,vystymas_tiesiogiai_galimas
554400270057,554400270057,0.0635,634.74,U_GG_M_F,100.0,,0.0,1,0,0,0,0,0,0,0.0,0.0,0.0,0.0,0.0,0.0,0.0,0.0,0.0,0.0,0.0,0.0,0.0,0.0,0.0,0.0,0.0,0,0,vystymas_tiesiogiai_galimas
554500010051,554500010051,1.73,17303.58,ZU_F,99.9,MI_F,0.1,0,1,0,0,0,0,0,0.0,0.0,0.0,0.0,0.0,0.0,0.0,0.0,0.08,0.0,0.0,0.0,0.0,0.0,99.92,7.66,0.0,3,0,vystymas_galimas_su_salygomis
554500010256,554500010256,0.2346,2346.4,U_GG_V_F,100.0,,0.0,1,0,0,0,0,0,0,0.0,0.0,0.0,0.0,0.0,0.0,0.0,0.0,0.0,0.0,0.0,0.0,0.0,0.0,100.0,0.0,0.0,1,0,vystymas_galimas_su_salygomis
554500010345,440005263898,1.15,11550.19,ZU_F,100.0,,0.0,0,1,0,0,0,0,0,0.0,0.0,0.0,0.0,0.0,0.0,0.0,0.0,0.0,0.0,0.0,0.0,0.0,0.0,100.0,0.0,0.0,1,0,vystymas_galimas_su_salygomis
554500010376,440007384229,0.8425,8425.48,U_GG_M_F,100.0,,0.0,1,0,0,0,0,0,0,0.0,0.0,0.0,0.0,0.0,0.0,0.0,0.0,0.0,0.0,0.0,0.0,0.0,0.0,100.0,0.0,0.0,1,0,vystymas_galimas_su_salygomis
554500010395,440008821009,1.6272,16271.86,ZU_F,100.0,U_GG_M_F,0.0,0,1,0,0,0,0,0,0.0,0.0,0.0,0.0,0.0,0.0,0.0,0.0,0.0,0.0,0.0,0.0,0.0,0.0,100.0,0.0,0.0,1,0,vystymas_galimas_su_salygomis
554500020047,554500020047,0.8346,8346.69,ZU_F,100.0,,0.0,0,1,0,0,0,0,0,0.0,0.0,0.0,0.0,0.0,0.0,0.0,0.0,0.0,0.0,0.0,0.0,0.0,0.0,100.0,23.21,0.0,2,0,vystymas_galimas_su_salygomis
554500020238,554500020238,0.7638,7638.18,ZU_F,100.0,,0.0,0,1,0,0,0,0,0,0.0,0.0,0.0,0.0,0.0,0.0,0.0,0.0,0.0,0.0,0.0,0.0,0.0,0.0,45.5,0.0,0.0,1,0,vystymas_galimas_su_salygomis
554500020370,440009445269,3.2227,32227.38,ZU_F,100.0,,0.0,0,1,0,0,0,0,0,0.0,0.0,0.0,0.0,0.0,0.0,0.0,0.0,0.0,0.0,0.0,0.0,0.0,0.0,100.0,0.0,0.0,1,0,vystymas_galimas_su_salygomis
554500020377,440009543780,3.01,30923.86,MI_F,78.6,ZU_F,21.4,0,0,1,0,0,0,0,0.0,0.0,0.0,0.0,0.0,0.0,0.0,0.0,79.18,0.0,0.0,0.0,0.0,0.0,100.0,0.0,0.0,2,0,vystymas_labai_apribotas
554500020382,440009743760,1.17,11656.68,U_GG_M_F,100.0,,0.0,1,0,0,0,0,0,0,0.0,0.0,0.0,0.0,0.0,0.0,0.0,0.0,0.0,0.0,0.0,0.0,0.0,0.0,100.0,39.02,0.0,2,0,vystymas_galimas_su_salygomis
554500020501,440024328487,1.2998,12999.0,ZU_F,100.0,,0.0,0,1,0,0,0,0,0,0.0,0.0,0.0,0.0,0.0,0.0,0.0,0.0,0.0,0.0,0.0,0.0,0.0,0.0,100.0,24.45,0.0,2,0,vystymas_galimas_su_salygomis
554500030259,440046227792,0.2519,2518.13,ZU_F,100.0,,0.0,0,1,0,0,0,0,0,0.0,0.0,0.0,0.0,0.0,0.0,0.0,0.0,0.0,0.0,0.0,0.0,0.0,0.0,0.0,0.0,0.0,0,0,vystymas_galimas_su_salygomis
554500030300,554500030300,1.452,14519.51,U_GG_M_F,100.0,,0.0,1,0,0,0,0,0,0,0.0,0.0,0.0,0.0,0.0,0.0,0.0,0.0,0.0,0.0,0.0,0.0,0.0,0.0,100.0,23.29,0.0,2,0,vystymas_galimas_su_salygomis
554500030340,440051578779,1.0053,10053.22,U_GG_M_F,100.0,,0.0,1,0,0,0,0,0,0,0.0,0.0,0.0,0.0,0.0,0.0,0.0,0.0,0.0,0.0,0.0,0.0,0.0,0.0,100.0,0.0,0.0,1,0,vystymas_galimas_su_salygomis
554500030490,440008150454,0.36,3705.23,U_GG_E_F,100.0,,0.0,1,0,0,0,0,0,0,0.0,0.0,0.0,0.0,0.0,0.0,0.0,0.0,0.0,0.0,0.0,0.0,0.0,0.0,100.0,0.0,0.0,1,0,vystymas_galimas_su_salygomis
554500030503,440008897876,2.6788,26788.79,U_PS_F,100.0,,0.0,0,0,0,0,1,0,0,0.0,0.0,0.0,0.0,0.0,0.0,0.0,0.0,0.0,0.0,0.0,0.0,0.0,0.0,100.0,0.0,0.0,1,0,vystymas_tiesiogiai_galimas
554500030506,440008913757,0.43,4152.18,U_GG_M_F,100.0,,0.0,1,0,0,0,0,0,0,0.0,0.0,0.0,0.0,0.0,0.0,0.0,0.0,0.0,0.0,0.0,0.0,0.0,0.0,100.0,6.08,0.0,2,0,vystymas_galimas_su_salygomis
554500030557,440015185046,0.13,1240.66,U_GG_V_F,100.0,,0.0,1,0,0,0,0,0,0,0.0,0.0,0.0,0.0,0.0,0.0,0.0,0.0,0.0,0.0,0.0,0.0,0.0,0.0,100.0,1.56,0.0,2,0,vystymas_galimas_su_salygomis
554500040134,440002457176,2.19,23269.38,U_GG_E_F,99.44,U_GG_M_F,0.56,1,0,0,0,0,0,0,0.0,0.0,0.0,0.0,0.0,0.0,0.0,0.0,0.0,0.0,0.0,0.0,0.0,0.0,100.0,11.31,0.0,2,0,vystymas_galimas_su_salygomis
554500040230,440026952087,0.1062,1061.96,U_GG_M_F,100.0,,0.0,1,0,0,0,0,0,0,0.0,0.0,0.0,0.0,0.0,0.0,0.0,0.0,0.0,0.0,0.0,0.0,0.0,0.0,100.0,0.0,0.0,1,0,vystymas_galimas_su_salygomis
554500040304,440008772286,0.66,7300.56,U_GG_E_F,100.0,,0.0,1,0,0,0,0,0,0,0.0,0.0,0.0,0.0,0.0,0.0,0.0,0.0,0.0,0.0,0.0,0.0,0.0,0.0,100.0,0.0,0.0,1,0,vystymas_galimas_su_salygomis
554500040490,440017699324,0.1482,1482.43,U_GG_M_F,100.0,,0.0,1,0,0,0,0,0,0,0.0,0.0,0.0,0.0,0.0,0.0,0.0,0.0,0.0,0.0,0.0,0.0,0.0,0.0,100.0,0.0,0.0,1,0,vystymas_galimas_su_salygomis
554500040624,440041763640,0.5835,5835.21,U_GG_E_F,100.0,,0.0,1,0,0,0,0,0,0,0.0,0.0,0.0,0.0,0.0,0.0,0.0,0.0,0.0,0.0,0.0,0.0,0.0,0.0,100.0,14.23,0.0,2,0,vystymas_galimas_su_salygomis
554500040695,440051712875,2.0204,20203.66,U_GG_M_F,100.0,,0.0,1,0,0,0,0,0,0,0.0,0.0,0.0,0.0,0.0,0.0,0.0,0.0,0.0,0.0,0.0,0.0,0.0,0.0,100.0,9.73,0.0,2,0,vystymas_galimas_su_salygomis
554800020052,440010036532,0.1745,1745.1,U_GG_V_F,100.0,,0.0,1,0,0,0,0,0,0,0.0,0.0,0.0,0.0,0.0,0.0,0.0,0.0,0.0,0.0,0.0,0.0,0.0,0.0,0.0,0.0,0.0,0,0,vystymas_tiesiogiai_galimas
555000010045,555000010045,2.0,27872.91,MI_F,97.59,ZU_F,1.98,0,0,1,0,0,0,0,0.0,0.0,0.0,0.0,0.0,0.0,0.0,0.0,97.65,0.0,0.0,0.0,0.0,0.0,10.25,0.0,0.0,2,0,vystymas_labai_apribotas
555000010049,555000010049,3.37,34317.77,MI_F,100.0,,0.0,0,0,1,0,0,0,0,0.0,0.0,0.0,0.0,0.0,0.0,0.0,0.0,100.0,0.0,0.0,0.0,0.0,0.0,0.0,0.0,0.0,1,0,vystymas_galimas_su_salygomis
555000010166,440002865316,1.1924,11925.12,U_GG_M_F,100.0,,0.0,1,0,0,0,0,0,0,0.0,0.0,0.0,0.0,0.0,0.0,0.0,0.0,0.0,0.0,0.0,0.0,0.0,0.0,100.0,10.88,0.0,2,0,vystymas_galimas_su_salygomis
555000010203,440003647010,0.48,5185.93,ZU_F,100.0,,0.0,0,1,0,0,0,0,0,0.0,0.0,0.0,0.0,0.0,0.0,0.0,0.0,0.0,0.0,0.0,0.0,0.0,0.0,100.0,0.11,0.0,2,0,vystymas_galimas_su_salygomis
555000010262,440011243311,3.0,31472.15,ZU_F,100.0,,0.0,0,1,0,0,0,0,0,14.94,0.0,0.0,0.0,13.44,0.0,0.0,0.0,0.0,0.0,0.0,0.0,0.0,0.0,100.0,16.68,0.0,4,1,vystymas_labai_apribotas
555000010334,440018162593,2.61,25319.89,MI_F,100.0,,0.0,0,0,1,0,0,0,0,0.0,0.0,0.0,0.0,0.0,0.0,0.0,0.0,100.0,0.0,0.0,0.0,0.0,0.0,0.0,0.0,0.0,1,0,vystymas_galimas_su_salygomis
555000020008,555000020008,10.12,103570.42,MI_F,86.01,ZU_F,13.99,0,0,1,0,0,0,0,0.0,0.0,0.0,0.0,0.0,0.0,0.0,0.0,87.67,0.0,0.0,0.0,0.0,0.0,0.0,0.0,0.0,1,0,vystymas_galimas_su_salygomis
555000020167,440030557552,0.85,8585.39,U_GG_M_F,100.0,,0.0,1,0,0,0,0,0,0,0.0,0.0,0.0,0.0,0.0,0.0,0.0,0.0,0.0,0.0,0.0,0.0,0.0,0.0,0.0,0.0,0.0,0,0,vystymas_tiesiogiai_galimas
555000020177,555000020177,0.411,4110.78,U_GG_M_F,100.0,,0.0,1,0,0,0,0,0,0,0.0,0.0,0.0,0.0,0.0,0.0,0.0,0.0,0.0,0.0,0.0,0.0,0.0,0.0,100.0,0.0,0.0,1,0,vystymas_galimas_su_salygomis
555000030002,555000030002,7.24,73824.65,ZU_F,69.5,MI_F,21.01,0,1,0,0,0,0,0,10.16,0.0,0.0,0.0,9.77,0.0,0.0,0.0,21.22,0.0,0.0,0.0,0.0,0.0,62.35,9.25,0.0,5,1,vystymas_labai_apribotas
555000030039,555000030039,1.27,13159.93,U_GG_M_F,100.0,,0.0,1,0,0,0,0,0,0,0.0,0.0,0.0,0.0,0.0,0.0,0.0,0.0,0.0,0.0,0.0,0.0,0.0,0.0,0.0,0.0,0.0,0,0,vystymas_tiesiogiai_galimas
555000030148,440015432109,0.6,6389.37,MI_F,100.0,,0.0,0,0,1,0,0,0,0,0.0,0.0,0.0,0.0,0.0,0.0,0.0,0.0,99.87,0.0,0.0,0.0,0.0,0.0,0.0,0.0,0.0,1,0,vystymas_galimas_su_salygomis
555000030279,440021127171,0.2,2000.03,ZU_F,100.0,,0.0,0,1,0,0,0,0,0,0.0,0.0,0.0,0.0,0.0,0.0,0.0,0.0,0.0,0.03,299.92,0.0,0.0,0.0,0.0,0.0,0.0,2,1,vystymas_galimas_su_salygomis
555000040108,440020595593,0.9564,9564.03,ZU_F,100.0,,0.0,0,1,0,0,0,0,0,0.0,0.0,0.0,0.0,0.0,0.0,0.0,0.0,0.0,0.0,0.0,0.0,0.0,0.0,100.0,0.0,0.0,1,0,vystymas_galimas_su_salygomis
555000040214,440046088144,0.9047,9047.35,ZU_F,100.0,,0.0,0,1,0,0,0,0,0,0.0,0.0,0.0,0.0,0.0,0.0,0.0,0.0,0.0,0.0,0.0,0.0,0.0,0.0,100.0,0.0,0.0,1,0,vystymas_galimas_su_salygomis
555000060204,440024463105,4.0617,40617.48,ZU_F,100.0,,0.0,0,1,0,0,0,0,0,0.0,0.0,0.0,0.0,0.0,0.0,0.0,0.0,0.0,0.0,0.0,0.0,0.0,0.0,100.0,0.0,0.0,1,0,vystymas_galimas_su_salygomis
555000060207,440043123791,0.2846,2845.91,MI_F,100.0,,0.0,0,0,1,0,0,0,0,0.0,0.0,0.0,0.0,0.0,0.0,0.0,0.0,100.0,0.0,0.0,0.0,0.0,0.0,100.0,0.0,0.0,2,0,vystymas_labai_apribotas
555200010037,555200010037,281.8273,2942635.17,U_SK_F,73.1,U_SK_F,13.79,0,0,0,0,0,1,0,0.0,0.0,0.0,0.0,0.0,0.0,0.0,0.0,71.1,202.64,2.41,0.0,0.0,0.0,0.0,0.0,0.0,3,1,vystymas_labai_apribotas
555200010040,555200010040,28.5444,285443.59,U_GG_E_F,99.6,ZU_F,0.4,1,0,0,0,0,0,0,0.0,0.0,0.0,0.0,0.0,0.0,0.0,0.0,0.0,0.0,0.0,0.0,0.0,0.0,79.08,0.89,0.0,2,0,vystymas_galimas_su_salygomis
555200010076,555200010076,3.0,31590.3,U_GG_E_F,100.0,,0.0,1,0,0,0,0,0,0,0.0,0.0,0.0,0.0,0.0,0.0,0.0,0.0,0.0,0.0,0.0,0.0,0.0,0.0,100.0,18.8,0.0,2,0,vystymas_galimas_su_salygomis
555200010347,440018342348,0.0696,696.44,U_GG_E_F,100.0,,0.0,1,0,0,0,0,0,0,0.0,0.0,0.0,0.0,0.0,0.0,0.0,0.0,0.0,0.0,0.0,0.0,0.0,0.0,100.0,0.0,0.0,1,0,vystymas_galimas_su_salygomis
555200020102,440002525888,0.04,400.05,ZU_F,100.0,,0.0,0,1,0,0,0,0,0,0.0,0.0,0.0,0.0,0.0,0.0,0.0,0.0,0.0,0.0,0.0,0.0,0.0,0.0,13.05,0.0,0.0,1,0,vystymas_galimas_su_salygomis
555200020305,440046918030,0.0983,983.28,ZU_F,100.0,,0.0,0,1,0,0,0,0,0,0.0,0.0,0.0,0.0,0.0,0.0,0.0,0.0,0.0,0.0,0.0,0.0,0.0,0.0,82.99,72.7,0.0,2,0,vystymas_galimas_su_salygomis
555200020318,440050554537,0.405,4051.19,ZU_F,100.0,,0.0,0,1,0,0,0,0,0,0.0,0.0,0.0,0.0,0.0,0.0,0.0,0.0,0.0,0.0,0.0,0.0,0.0,0.0,100.0,93.58,0.0,2,0,vystymas_galimas_su_salygomis
555200030044,555200030044,0.803,8029.85,ZU_F,100.0,,0.0,0,1,0,0,0,0,0,0.0,0.0,0.0,0.0,0.0,0.0,0.0,0.0,0.0,0.0,0.0,0.0,0.0,0.0,87.49,0.0,0.0,1,0,vystymas_galimas_su_salygomis
555200030198,440009937088,2.23,22300.2,ZU_F,100.0,,0.0,0,1,0,0,0,0,0,0.0,0.0,0.0,0.0,0.0,0.0,0.0,0.0,0.0,0.0,0.0,0.0,0.0,0.0,99.9,3.95,0.0,2,0,vystymas_galimas_su_salygomis
555200030309,440029777748,0.0897,897.64,U_GG_M_F,100.0,,0.0,1,0,0,0,0,0,0,0.0,0.0,0.0,0.0,0.0,0.0,0.0,0.0,0.0,0.0,0.0,0.0,0.0,0.0,100.0,0.0,0.0,1,0,vystymas_galimas_su_salygomis
555200030328,440031233046,0.0223,223.24,ZU_F,100.0,,0.0,0,1,0,0,0,0,0,0.0,0.0,0.0,0.0,0.0,0.0,0.0,0.0,0.0,0.0,0.0,0.0,0.0,0.0,100.0,100.0,0.0,2,0,vystymas_galimas_su_salygomis
555200030355,440045171194,0.144,1440.37,ZU_F,100.0,,0.0,0,1,0,0,0,0,0,0.0,0.0,0.0,0.0,0.0,0.0,0.0,0.0,0.0,0.0,0.0,0.0,0.0,0.0,100.0,0.0,0.0,1,0,vystymas_galimas_su_salygomis
555200040188,440009837238,1.6165,16165.25,ZU_F,100.0,,0.0,0,1,0,0,0,0,0,0.0,0.0,0.0,0.0,0.0,0.0,0.0,0.0,0.0,0.0,0.0,0.0,0.0,0.0,100.0,0.74,0.0,2,0,vystymas_galimas_su_salygomis
555200040230,440020527064,0.8,8267.82,ZU_F,60.16,MI_F,39.84,0,1,0,0,0,0,0,0.0,0.0,0.0,0.0,0.0,0.0,0.0,0.0,29.88,0.0,0.0,0.0,0.0,0.0,100.0,0.0,0.0,2,0,vystymas_galimas_su_salygomis
555200040248,440024062570,5.457,54570.0,ZU_F,100.0,,0.0,0,1,0,0,0,0,0,0.0,0.0,0.0,0.0,0.0,0.0,0.0,0.0,0.0,0.0,0.0,0.0,0.0,0.0,99.55,39.28,0.0,2,0,vystymas_galimas_su_salygomis
555200050009,555200050009,2.5,24712.76,ZU_F,100.0,,0.0,0,1,0,0,0,0,0,0.0,0.0,0.0,0.0,0.0,0.0,0.0,0.0,0.0,0.0,0.0,0.0,0.0,0.0,55.0,10.22,0.0,2,0,vystymas_galimas_su_salygomis
555200050129,440004443582,0.77,7458.17,ZU_F,100.0,,0.0,0,1,0,0,0,0,0,0.0,0.0,0.0,0.0,0.0,0.0,0.0,0.0,0.0,0.0,0.0,0.0,0.0,0.0,100.0,3.59,0.0,2,0,vystymas_galimas_su_salygomis
555200050134,440004502670,2.17,21515.94,ZU_F,100.0,,0.0,0,1,0,0,0,0,0,0.0,0.0,0.0,0.0,0.0,0.0,0.0,0.0,0.0,0.0,0.0,0.0,0.0,0.0,98.38,0.0,0.0,1,0,vystymas_galimas_su_salygomis
555200050336,440010861164,0.4,5174.71,ZU_F,100.0,,0.0,0,1,0,0,0,0,0,0.0,0.0,0.0,0.0,0.0,0.0,0.0,0.0,0.0,0.0,0.0,0.0,0.0,0.0,100.0,0.0,0.0,1,0,vystymas_galimas_su_salygomis
555200050457,440038735134,0.3254,3254.09,ZU_F,100.0,,0.0,0,1,0,0,0,0,0,0.0,0.0,0.0,0.0,0.0,0.0,0.0,0.0,0.0,0.0,0.0,0.0,0.0,0.0,100.0,39.16,0.0,2,0,vystymas_galimas_su_salygomis
555200050484,440044955533,3.3501,33500.59,ZU_F,100.0,,0.0,0,1,0,0,0,0,0,0.0,0.0,0.0,0.0,0.0,0.0,0.0,0.0,0.0,0.0,0.0,9.84,0.0,0.0,0.0,0.0,0.0,1,0,vystymas_galimas_su_salygomis
555200060031,555200060031,2.1756,21756.47,ZU_F,100.0,,0.0,0,1,0,0,0,0,0,26.24,0.0,0.0,0.0,27.74,99.81,0.0,0.0,0.0,0.0,0.0,0.0,0.0,1.14,49.97,1.48,0.0,6,1,vystymas_labai_apribotas
555200060185,440052652538,1.4,14944.37,ZU_F,85.89,ZU_F,14.11,0,1,0,0,0,0,0,0.0,0.0,0.0,0.0,0.0,0.0,0.0,0.0,0.0,0.0,0.0,0.0,0.0,0.0,100.0,0.0,0.0,1,0,vystymas_galimas_su_salygomis
555200070081,440024768798,1.2891,12891.46,ZU_F,100.0,,0.0,0,1,0,0,0,0,0,0.0,0.0,0.0,0.0,0.0,0.0,0.0,0.0,0.0,0.0,0.0,0.0,0.0,0.0,100.0,0.0,0.0,1,0,vystymas_galimas_su_salygomis
555200070085,440043725672,2.0117,20117.48,ZU_F,99.46,H_F,0.54,0,1,0,0,0,0,0,97.96,0.0,0.0,0.0,78.75,0.0,0.0,0.0,0.0,0.0,0.0,0.0,0.0,0.0,0.0,0.0,0.0,2,1,vystymas_galimas_su_salygomis
555200080293,440024122214,1.55,16398.26,U_GG_M_F,100.0,,0.0,1,0,0,0,0,0,0,0.0,0.0,0.0,0.0,10.77,0.0,0.0,0.0,0.0,0.0,0.0,0.0,0.0,0.0,0.0,0.0,0.0,1,0,vystymas_galimas_su_salygomis
555200090072,555200090072,0.0752,752.46,U_GG_M_F,100.0,,0.0,1,0,0,0,0,0,0,0.0,0.0,0.0,0.0,0.0,0.0,0.0,0.0,0.0,0.0,0.0,0.0,0.0,0.0,92.35,0.0,0.0,1,0,vystymas_galimas_su_salygomis
555200090117,555200090117,0.24,3143.88,U_GG_M_F,100.0,,0.0,1,0,0,0,0,0,0,0.0,0.0,0.0,0.0,0.0,0.0,0.0,0.0,0.0,0.0,0.0,0.0,0.0,0.0,60.29,6.7,0.0,2,0,vystymas_galimas_su_salygomis
555200090335,440051771890,0.082,819.87,U_GG_M_F,100.0,,0.0,1,0,0,0,0,0,0,0.0,0.0,0.0,0.0,0.0,0.0,0.0,0.0,0.0,0.0,0.0,0.0,0.0,0.0,0.27,0.0,0.0,1,0,vystymas_galimas_su_salygomis
555200090395,555200090395,1.97,17891.64,ZU_F,100.0,,0.0,0,1,0,0,0,0,0,0.0,0.0,0.0,0.0,3.95,0.0,0.0,0.0,0.0,0.0,0.0,0.0,0.0,0.0,91.41,0.0,0.0,2,0,vystymas_galimas_su_salygomis
555200090517,440004446660,0.32,3428.0,U_GG_E_F,100.0,,0.0,1,0,0,0,0,0,0,0.0,0.0,0.0,0.0,0.0,0.0,0.0,0.0,0.0,0.0,0.0,0.0,0.0,0.0,94.08,0.0,0.0,1,0,vystymas_galimas_su_salygomis
555200090705,440012875460,1.15,12325.03,ZU_F,100.0,,0.0,0,1,0,0,0,0,0,0.0,0.0,0.0,0.0,17.67,0.0,0.0,0.0,0.0,0.0,0.0,0.0,0.0,0.0,83.43,0.0,0.0,2,0,vystymas_galimas_su_salygomis
555200090713,440012929752,0.53,5821.08,U_GG_E_F,100.0,,0.0,1,0,0,0,0,0,0,0.0,0.0,0.0,0.0,0.0,0.0,0.0,0.0,0.0,0.0,0.0,0.0,0.0,0.0,100.0,52.11,0.0,2,0,vystymas_galimas_su_salygomis
555200090715,440014593272,0.47,4716.57,U_GG_E_F,100.0,,0.0,1,0,0,0,0,0,0,0.0,0.0,0.0,0.0,0.0,0.0,0.0,0.0,0.0,0.0,0.0,0.0,0.0,0.0,100.0,15.78,0.0,2,0,vystymas_galimas_su_salygomis
555200100041,440027012982,0.32,3199.81,U_PS_F,100.0,,0.0,0,0,0,0,1,0,0,0.0,0.0,0.0,0.0,0.0,0.0,0.0,0.0,0.0,0.0,0.0,0.0,0.0,0.0,0.0,0.0,0.0,0,0,vystymas_tiesiogiai_galimas
555200100154,440003173588,1.3,13165.35,U_GG_E_F,100.0,,0.0,1,0,0,0,0,0,0,0.0,0.0,0.0,0.0,0.0,0.0,0.0,0.0,0.0,0.0,0.0,0.0,0.0,0.0,11.94,0.0,0.0,1,0,vystymas_galimas_su_salygomis
555200100189,440050072774,0.217,2169.93,U_GG_E_F,100.0,,0.0,1,0,0,0,0,0,0,0.0,0.0,0.0,0.0,58.23,0.0,0.0,0.0,0.0,0.0,0.0,0.0,0.0,0.0,0.0,0.0,0.0,1,0,vystymas_galimas_su_salygomis
555200100303,555200100303,0.3408,3408.33,ZU_F,100.0,,0.0,0,1,0,0,0,0,0,0.0,0.0,0.0,0.0,16.35,0.0,0.0,0.0,0.0,0.0,0.0,0.0,0.0,0.0,100.0,33.24,0.0,3,0,vystymas_galimas_su_salygomis
555200100369,440004875190,0.35,3256.09,U_PS_F,100.0,,0.0,0,0,0,0,1,0,0,0.0,0.0,0.0,0.0,0.0,0.0,0.0,0.0,0.0,0.0,0.0,0.0,0.0,0.0,96.6,0.0,0.0,1,0,vystymas_tiesiogiai_galimas
555200100389,440005270070,0.4,4000.06,ZU_F,100.0,,0.0,0,1,0,0,0,0,0,0.0,0.0,0.0,0.0,0.0,0.0,0.0,0.0,0.0,0.0,0.0,0.0,0.0,0.0,81.0,0.0,0.0,1,0,vystymas_galimas_su_salygomis
555200100402,440007418082,0.7208,7208.0,U_GG_E_F,100.0,,0.0,1,0,0,0,0,0,0,0.0,0.0,0.0,0.0,0.0,0.0,0.0,0.0,0.0,0.0,0.0,0.0,0.0,0.0,100.0,0.0,0.0,1,0,vystymas_galimas_su_salygomis
555200100522,440017524024,0.5208,5208.14,U_GG_E_F,99.98,ZU_F,0.02,1,0,0,0,0,0,0,0.0,0.0,0.0,0.0,0.0,67.16,0.0,0.0,0.0,0.0,0.0,0.0,0.0,58.1,0.5,0.0,0.0,3,0,vystymas_galimas_su_salygomis
555200110108,440006042824,0.52,5614.92,ZU_F,100.0,,0.0,0,1,0,0,0,0,0,0.0,0.0,0.0,0.0,0.0,0.0,0.0,0.0,0.0,0.0,0.0,0.0,0.0,0.0,100.0,0.0,0.0,1,0,vystymas_galimas_su_salygomis
555200110114,440006040836,1.55,15500.59,ZU_F,100.0,,0.0,0,1,0,0,0,0,0,0.0,0.0,0.0,0.0,0.0,0.0,0.0,0.0,0.0,0.0,0.0,0.0,0.0,0.0,100.0,12.87,0.0,2,0,vystymas_galimas_su_salygomis
555200110146,440014695595,0.54,5400.24,ZU_F,100.0,,0.0,0,1,0,0,0,0,0,0.0,0.0,0.0,0.0,0.0,0.0,0.0,0.0,0.0,0.0,0.0,0.0,0.0,0.0,100.0,0.0,0.0,1,0,vystymas_galimas_su_salygomis
555200110516,440040789153,0.086,860.02,ZU_F,100.0,,0.0,0,1,0,0,0,0,0,0.0,0.0,0.0,0.0,0.0,0.0,0.0,0.0,0.0,0.0,0.0,0.0,0.0,0.0,100.0,0.0,0.0,1,0,vystymas_galimas_su_salygomis
555200110519,440040789220,0.086,859.82,ZU_F,100.0,,0.0,0,1,0,0,0,0,0,0.0,0.0,0.0,0.0,0.0,0.0,0.0,0.0,0.0,0.0,0.0,0.0,0.0,0.0,100.0,0.0,0.0,1,0,vystymas_galimas_su_salygomis
555200110562,440045103344,0.0915,915.01,ZU_F,100.0,,0.0,0,1,0,0,0,0,0,0.0,0.0,0.0,0.0,0.0,0.0,0.0,0.0,0.0,0.0,0.0,0.0,0.0,0.0,100.0,0.0,0.0,1,0,vystymas_galimas_su_salygomis
555200110602,440052269122,0.25,2499.93,ZU_F,100.0,,0.0,0,1,0,0,0,0,0,0.0,0.0,0.0,0.0,0.0,0.0,0.0,0.0,0.0,0.0,0.0,0.0,0.0,0.0,100.0,7.2,0.0,2,0,vystymas_galimas_su_salygomis
555200120177,555200120177,0.0711,712.72,U_GG_M_F,100.0,,0.0,1,0,0,0,0,0,0,0.0,0.0,0.0,0.0,0.0,0.0,0.0,0.0,0.0,0.0,0.0,0.0,0.0,0.0,0.0,0.0,0.0,0,0,vystymas_tiesiogiai_galimas
555200120184,555200120184,0.0585,566.7,U_GG_M_F,100.0,,0.0,1,0,0,0,0,0,0,0.0,0.0,0.0,0.0,0.0,0.0,0.0,0.0,0.0,0.0,0.0,0.0,0.0,0.0,0.0,0.0,0.0,0,0,vystymas_tiesiogiai_galimas
555200120221,555200120221,0.0557,550.76,U_GG_M_F,100.0,,0.0,1,0,0,0,0,0,0,0.0,0.0,0.0,0.0,0.0,0.0,0.0,0.0,0.0,0.0,0.0,0.0,0.0,0.0,0.0,0.0,0.0,0,0,vystymas_tiesiogiai_galimas
555200120224,555200120224,0.06,599.27,U_GG_M_F,100.0,,0.0,1,0,0,0,0,0,0,0.0,0.0,0.0,0.0,0.0,0.0,0.0,0.0,0.0,0.0,0.0,0.0,0.0,0.0,0.0,0.0,0.0,0,0,vystymas_tiesiogiai_galimas
555200120279,555200120279,0.0573,584.04,U_GG_M_F,100.0,,0.0,1,0,0,0,0,0,0,0.0,0.0,0.0,0.0,0.0,0.0,0.0,0.0,0.0,0.0,0.0,0.0,0.0,0.0,0.0,0.0,0.0,0,0,vystymas_tiesiogiai_galimas
555200120418,555200120418,0.059,565.42,U_GG_M_F,100.0,,0.0,1,0,0,0,0,0,0,0.0,0.0,0.0,0.0,0.0,0.0,0.0,0.0,0.0,0.0,0.0,0.0,0.0,0.0,0.0,0.0,0.0,0,0,vystymas_tiesiogiai_galimas
555200120510,555200120510,0.06,604.81,U_GG_M_F,100.0,,0.0,1,0,0,0,0,0,0,0.0,0.0,0.0,0.0,0.0,0.0,0.0,0.0,0.0,0.0,0.0,0.0,0.0,0.0,0.0,0.0,0.0,0,0,vystymas_tiesiogiai_galimas
555200120627,555200120627,0.0512,536.32,U_GG_M_F,100.0,,0.0,1,0,0,0,0,0,0,0.0,0.0,0.0,0.0,0.0,0.0,0.0,0.0,0.0,0.0,0.0,0.0,0.0,0.0,0.0,0.0,0.0,0,0,vystymas_tiesiogiai_galimas
555200120811,555200120811,0.0798,820.06,U_GG_M_F,100.0,,0.0,1,0,0,0,0,0,0,0.0,0.0,0.0,0.0,0.0,0.0,0.0,0.0,0.0,0.0,0.0,0.0,0.0,0.0,0.0,0.0,0.0,0,0,vystymas_tiesiogiai_galimas
555200121065,555200121065,0.0842,842.23,U_GG_M_F,100.0,,0.0,1,0,0,0,0,0,0,0.0,0.0,0.0,0.0,0.0,0.0,0.0,0.0,0.0,0.0,0.0,0.0,0.0,0.0,0.0,0.0,0.0,0,0,vystymas_tiesiogiai_galimas
555200121142,555200121142,0.0588,600.31,U_GG_M_F,100.0,,0.0,1,0,0,0,0,0,0,0.0,0.0,0.0,0.0,0.0,0.0,0.0,0.0,0.0,0.0,0.0,0.0,0.0,0.0,0.0,0.0,0.0,0,0,vystymas_tiesiogiai_galimas
555200121178,555200121178,0.063,639.03,U_GG_M_F,100.0,,0.0,1,0,0,0,0,0,0,0.0,0.0,0.0,0.0,0.0,0.0,0.0,0.0,0.0,0.0,0.0,0.0,0.0,0.0,0.0,0.0,0.0,0,0,vystymas_tiesiogiai_galimas
555200121179,555200121179,0.0595,594.58,U_GG_M_F,100.0,,0.0,1,0,0,0,0,0,0,0.0,0.0,0.0,0.0,0.0,0.0,0.0,0.0,0.0,0.0,0.0,0.0,0.0,0.0,0.0,0.0,0.0,0,0,vystymas_tiesiogiai_galimas
555200130024,555200130024,0.045,448.96,U_GG_M_F,100.0,,0.0,1,0,0,0,0,0,0,0.0,0.0,0.0,0.0,0.0,0.0,0.0,0.0,0.0,0.0,0.0,0.0,0.0,0.0,0.0,0.0,0.0,0,0,vystymas_tiesiogiai_galimas
555200130154,555200130154,0.06,616.4,U_GG_M_F,100.0,,0.0,1,0,0,0,0,0,0,0.0,0.0,0.0,0.0,0.0,0.0,0.0,0.0,0.0,0.0,0.0,0.0,0.0,0.0,0.0,0.0,0.0,0,0,vystymas_tiesiogiai_galimas
555200130322,555200130322,0.0603,602.51,U_GG_M_F,100.0,,0.0,1,0,0,0,0,0,0,0.0,0.0,0.0,0.0,0.0,0.0,0.0,0.0,0.0,0.0,0.0,0.0,0.0,0.0,0.0,0.0,0.0,0,0,vystymas_tiesiogiai_galimas
555200130368,555200130368,0.0591,591.17,U_GG_M_F,100.0,,0.0,1,0,0,0,0,0,0,0.0,0.0,0.0,0.0,0.0,0.0,0.0,0.0,0.0,0.0,0.0,0.0,0.0,0.0,0.0,0.0,0.0,0,0,vystymas_tiesiogiai_galimas
555200130522,555200130522,0.06,575.15,U_GG_M_F,100.0,,0.0,1,0,0,0,0,0,0,0.0,0.0,0.0,0.0,0.0,0.0,0.0,0.0,0.0,0.0,0.0,0.0,0.0,0.0,0.0,0.0,0.0,0,0,vystymas_tiesiogiai_galimas
555200130741,555200130741,0.0592,577.82,U_GG_M_F,100.0,,0.0,1,0,0,0,0,0,0,0.0,0.0,0.0,0.0,0.0,0.0,0.0,0.0,0.0,0.0,0.0,0.0,0.0,0.0,0.0,0.0,0.0,0,0,vystymas_tiesiogiai_galimas
555270010005,440017952033,1.7378,17377.53,U_PS_F,99.99,U_GG_M_F,0.01,0,0,0,0,1,0,0,0.0,0.0,0.0,0.0,0.0,0.0,0.0,0.0,0.0,1.05,0.0,0.0,0.0,0.0,93.8,0.0,0.0,2,1,vystymas_galimas_su_salygomis
555300010049,555300010049,6.15,64194.72,MI_F,99.66,ZU_F,0.34,0,0,1,0,0,0,0,0.0,0.0,0.0,0.0,0.0,0.0,0.0,0.0,99.85,0.0,0.0,0.0,0.0,0.0,0.15,0.0,0.0,2,0,vystymas_labai_apribotas
555300010075,555300010075,0.47,4744.7,U_GG_M_F,98.81,MI_F,1.19,1,0,0,0,0,0,0,0.0,0.0,0.0,0.0,53.09,0.0,0.0,0.0,1.19,0.0,0.0,0.0,0.0,0.0,0.0,0.0,0.0,2,0,vystymas_galimas_su_salygomis
555300010171,440008608160,3.65,34437.32,MI_F,100.0,,0.0,0,0,1,0,0,0,0,0.0,0.0,0.0,0.0,0.0,0.0,0.0,0.0,99.77,0.0,0.0,0.0,0.0,0.0,0.0,0.0,0.0,1,0,vystymas_galimas_su_salygomis
555300010188,440010456272,6.14,62588.72,U_GG_M_F,99.61,MI_F,0.39,1,0,0,0,0,0,0,0.0,0.0,0.0,0.0,0.0,0.0,0.0,0.0,0.39,0.0,0.0,0.0,0.0,0.0,95.86,6.25,0.0,3,0,vystymas_galimas_su_salygomis
555300010267,440028298155,6.78,67800.21,ZU_F,100.0,,0.0,0,1,0,0,0,0,0,0.0,0.0,0.0,0.0,0.0,0.0,0.0,0.0,0.0,0.0,0.0,0.0,0.0,0.0,100.0,23.43,0.0,2,0,vystymas_galimas_su_salygomis
555300010269,440028345900,1.4655,14654.83,ZU_F,99.76,MI_F,0.24,0,1,0,0,0,0,0,0.0,0.0,0.0,0.0,0.0,0.0,0.0,0.0,0.24,0.0,0.0,0.0,0.0,0.0,100.0,0.0,0.0,2,0,vystymas_galimas_su_salygomis
555300020206,440050878670,1.1867,11866.71,ZU_F,100.0,,0.0,0,1,0,0,0,0,0,0.0,0.0,0.0,0.0,0.0,0.0,0.0,0.0,0.0,0.0,0.0,0.0,0.0,0.0,100.0,0.0,0.0,1,0,vystymas_galimas_su_salygomis
555300030064,555300030064,1.0,11849.71,MI_F,100.0,,0.0,0,0,1,0,0,0,0,100.0,0.0,0.0,0.0,100.0,0.0,0.0,0.0,100.0,0.0,0.0,0.0,0.0,0.0,0.0,0.0,0.0,3,1,vystymas_labai_apribotas
555300030290,440050447460,0.4729,4728.96,ZU_F,100.0,,0.0,0,1,0,0,0,0,0,100.0,0.0,0.0,0.0,100.0,0.0,0.0,0.0,0.0,0.0,0.0,0.0,0.0,1.12,48.98,0.0,0.0,4,1,vystymas_labai_apribotas
555300040003,555300040003,2.9,8023.56,ZU_F,54.02,MI_F,45.98,0,1,0,0,0,0,0,233.93,0.0,0.0,0.0,221.75,0.0,0.0,0.0,21.97,0.0,0.0,0.0,0.0,0.0,27.08,2.51,0.0,5,1,vystymas_labai_apribotas
555300040029,555300040029,4.24,41095.66,ZU_F,100.0,,0.0,0,1,0,0,0,0,0,0.0,0.0,0.0,0.0,0.0,0.0,0.0,0.0,0.0,0.0,0.0,0.0,0.0,0.0,100.0,0.0,0.0,1,0,vystymas_galimas_su_salygomis
555300040052,555300040052,14.0,60679.4,MI_F,78.44,U_GG_M_F,21.56,0,0,1,0,0,0,0,245.53,0.0,0.0,0.0,222.01,0.0,0.0,0.0,48.57,0.0,0.0,0.0,0.0,15.7,27.7,0.25,0.0,6,1,vystymas_labai_apribotas
555300040094,555300040094,1.47,14582.64,U_GG_M_F,99.25,ZU_F,0.74,1,0,0,0,0,0,0,0.0,0.0,0.0,0.0,0.0,0.0,0.0,0.0,0.0,0.0,0.0,0.0,0.0,0.0,100.0,30.25,0.0,2,0,vystymas_galimas_su_salygomis
555300040098,555300040098,1.3227,13226.85,U_GG_M_F,100.0,,0.0,1,0,0,0,0,0,0,0.0,0.0,0.0,0.0,0.0,0.0,0.0,0.0,0.0,0.0,0.0,0.0,0.0,0.0,99.61,0.0,0.0,1,0,vystymas_galimas_su_salygomis
555300040212,440028856137,0.2679,2678.77,ZU_F,100.0,,0.0,0,1,0,0,0,0,0,0.0,0.0,0.0,0.0,0.0,0.0,0.0,0.0,0.0,0.0,0.0,0.0,0.0,0.0,100.0,0.0,0.0,1,0,vystymas_galimas_su_salygomis
555500010040,555500010040,9.91,97602.84,ZU_F,100.0,,0.0,0,1,0,0,0,0,0,0.0,0.0,0.0,0.0,0.0,0.0,0.0,0.0,0.0,0.0,0.0,0.0,0.0,0.0,0.0,0.0,0.0,0,0,vystymas_galimas_su_salygomis
555500010044,555500010044,6.2,64912.58,ZU_F,100.0,,0.0,0,1,0,0,0,0,0,0.0,0.0,0.0,0.0,0.0,0.0,0.0,0.0,0.0,0.0,0.0,0.0,0.0,0.0,99.28,13.47,0.0,2,0,vystymas_galimas_su_salygomis
555500010312,440016170084,0.9238,9237.96,H_F,56.25,ZU_F,43.75,0,0,0,1,0,0,0,0.0,0.0,0.0,0.0,0.0,0.0,0.0,0.0,0.0,0.0,0.0,0.0,0.0,0.0,0.0,0.0,0.0,0,0,vystymas_labai_apribotas
555500020281,440045736874,0.2493,2493.27,U_GG_M_F,100.0,,0.0,1,0,0,0,0,0,0,0.0,0.0,0.0,0.0,0.0,0.0,0.0,0.0,0.0,0.0,0.0,0.0,0.0,0.0,100.0,0.0,0.0,1,0,vystymas_galimas_su_salygomis
555500020309,440052017299,5.4318,54317.93,ZU_F,99.95,MI_F,0.05,0,1,0,0,0,0,0,0.0,0.0,0.0,0.0,0.0,0.0,0.0,0.0,0.05,0.0,0.0,0.0,0.0,0.0,99.95,15.01,0.0,3,0,vystymas_galimas_su_salygomis
555500020318,440051957970,2.1603,21606.77,ZU_F,100.0,,0.0,0,1,0,0,0,0,0,0.0,0.0,0.0,0.0,0.0,0.0,0.0,0.0,0.0,0.0,0.0,0.0,0.0,0.0,100.0,16.6,0.0,2,0,vystymas_galimas_su_salygomis
555500020338,440052071917,4.1981,41981.22,U_GG_M_F,87.31,ZU_F,12.63,1,0,0,0,0,0,0,0.0,0.0,0.0,0.0,0.0,0.0,0.0,0.0,0.09,0.0,0.0,0.0,0.0,0.0,99.91,0.82,0.0,3,0,vystymas_galimas_su_salygomis
555500030069,555500030069,2.02,20200.41,ZU_F,100.0,,0.0,0,1,0,0,0,0,0,0.0,0.0,0.0,0.0,0.0,0.0,0.0,0.0,0.0,0.0,0.0,0.0,0.0,0.0,100.0,0.0,0.0,1,0,vystymas_galimas_su_salygomis
555500030100,440001066200,7.25,71353.29,MI_F,51.39,MI_F,38.24,0,0,1,0,0,0,0,0.0,0.0,0.0,0.0,0.0,0.0,0.0,0.0,88.91,0.0,0.0,0.0,0.0,0.0,0.0,0.0,0.0,1,0,vystymas_galimas_su_salygomis
555500030174,440015818386,0.43,5839.43,ZU_F,100.0,,0.0,0,1,0,0,0,0,0,0.0,0.0,0.0,0.0,0.0,0.0,0.0,0.0,0.0,0.0,0.0,0.0,0.0,0.0,0.0,0.0,0.0,0,0,vystymas_galimas_su_salygomis
555500030181,440019605486,0.3712,3709.58,ZU_F,100.0,,0.0,0,1,0,0,0,0,0,0.0,0.0,0.0,0.0,0.0,0.0,0.0,0.0,0.0,0.0,0.0,0.0,0.0,0.0,0.0,0.0,0.0,0,0,vystymas_galimas_su_salygomis
555500030228,440050811146,1.78,17799.86,ZU_F,100.0,,0.0,0,1,0,0,0,0,0,0.0,0.0,0.0,0.0,0.0,0.0,0.0,0.0,0.0,0.0,0.0,0.0,0.0,0.0,99.83,6.7,0.0,2,0,vystymas_galimas_su_salygomis
555500040053,440001401772,1.68,16799.89,U_GG_M_F,100.0,,0.0,1,0,0,0,0,0,0,0.0,0.0,0.0,0.0,0.0,0.0,0.0,0.0,0.0,0.0,0.0,0.0,0.0,0.0,0.0,1.89,0.0,1,0,vystymas_galimas_su_salygomis
555500040092,555500040092,2.58,24354.74,MI_F,96.46,ZU_F,3.54,0,0,1,0,0,0,0,0.0,0.0,0.0,0.0,0.0,0.0,0.0,0.0,96.47,0.0,0.0,0.0,0.0,0.0,0.0,0.0,0.0,1,0,vystymas_galimas_su_salygomis
555500040137,440029496884,1.3045,13049.43,U_GG_M_F,100.0,,0.0,1,0,0,0,0,0,0,0.0,0.0,0.0,0.0,0.0,0.0,0.0,0.0,0.0,0.0,0.0,0.0,0.0,0.0,0.0,2.51,0.0,1,0,vystymas_galimas_su_salygomis
555500040451,440006398330,0.311,3110.01,U_GG_M_F,100.0,,0.0,1,0,0,0,0,0,0,0.0,0.0,0.0,0.0,0.0,0.0,0.0,0.0,0.0,0.0,0.0,0.0,0.0,0.0,0.0,0.0,0.0,0,0,vystymas_tiesiogiai_galimas
555500040458,440007467712,0.27,2928.72,U_GG_M_F,100.0,,0.0,1,0,0,0,0,0,0,0.0,0.0,0.0,0.0,0.0,0.0,0.0,0.0,0.0,0.0,0.0,0.0,0.0,0.0,0.0,0.0,0.0,0,0,vystymas_tiesiogiai_galimas
555500040501,440015861378,0.06,595.0,U_GG_M_F,100.0,,0.0,1,0,0,0,0,0,0,0.0,0.0,0.0,0.0,0.0,0.0,0.0,0.0,0.0,0.0,0.0,0.0,0.0,0.0,0.0,0.0,0.0,0,0,vystymas_tiesiogiai_galimas
555500040528,440020644488,0.9448,9448.18,U_GG_M_F,100.0,,0.0,1,0,0,0,0,0,0,0.0,0.0,0.0,0.0,0.0,0.0,0.0,0.0,0.0,0.0,0.0,0.0,0.0,0.0,0.0,0.0,0.0,0,0,vystymas_tiesiogiai_galimas
555500040536,440022235712,0.25,2476.36,U_GG_M_F,100.0,,0.0,1,0,0,0,0,0,0,0.0,0.0,0.0,0.0,0.0,0.0,0.0,0.0,0.0,0.0,0.0,0.0,0.0,0.0,0.0,0.0,0.0,0,0,vystymas_tiesiogiai_galimas
555500050080,555500050080,0.0592,592.35,U_GG_M_F,87.63,MI_F,12.37,1,0,0,0,0,0,0,0.0,0.0,0.0,0.0,0.0,0.0,0.0,0.0,0.0,0.0,0.0,0.0,0.0,0.0,0.0,0.0,0.0,0,0,vystymas_tiesiogiai_galimas
555500050180,555500050180,0.06,594.72,U_GG_M_F,100.0,,0.0,1,0,0,0,0,0,0,0.0,0.0,0.0,0.0,0.0,0.0,0.0,0.0,0.0,0.0,0.0,0.0,0.0,0.0,0.0,0.0,0.0,0,0,vystymas_tiesiogiai_galimas
555500050405,555500050405,0.06,599.9,U_GG_M_F,100.0,,0.0,1,0,0,0,0,0,0,0.0,0.0,0.0,0.0,0.0,0.0,0.0,0.0,0.0,0.0,0.0,0.0,0.0,0.0,0.0,0.0,0.0,0,0,vystymas_tiesiogiai_galimas
555500050517,555500050517,0.06,599.7,U_GG_M_F,100.0,,0.0,1,0,0,0,0,0,0,0.0,0.0,0.0,0.0,0.0,0.0,0.0,0.0,0.0,0.0,0.0,0.0,0.0,0.0,0.0,0.0,0.0,0,0,vystymas_tiesiogiai_galimas
555500050606,555500050606,0.0648,648.06,U_GG_M_F,100.0,,0.0,1,0,0,0,0,0,0,0.0,0.0,0.0,0.0,0.0,0.0,0.0,0.0,0.0,0.0,0.0,0.0,0.0,0.0,0.0,0.0,0.0,0,0,vystymas_tiesiogiai_galimas
555500050645,555500050645,0.06,604.08,U_GG_M_F,100.0,,0.0,1,0,0,0,0,0,0,0.0,0.0,0.0,0.0,0.0,0.0,0.0,0.0,0.0,0.0,0.0,0.0,0.0,0.0,0.0,0.0,0.0,0,0,vystymas_tiesiogiai_galimas
555500050680,555500050680,0.06,610.73,U_GG_M_F,100.0,,0.0,1,0,0,0,0,0,0,0.0,0.0,0.0,0.0,0.0,0.0,0.0,0.0,0.0,0.0,0.0,0.0,0.0,0.0,0.0,0.0,0.0,0,0,vystymas_tiesiogiai_galimas
555500050719,555500050719,0.06,621.12,U_GG_M_F,100.0,,0.0,1,0,0,0,0,0,0,0.0,0.0,0.0,0.0,0.0,0.0,0.0,0.0,0.0,0.0,0.0,0.0,0.0,0.0,0.0,0.0,0.0,0,0,vystymas_tiesiogiai_galimas
555500050790,555500050790,0.06,602.32,U_GG_M_F,100.0,,0.0,1,0,0,0,0,0,0,0.0,0.0,0.0,0.0,0.0,0.0,0.0,0.0,0.0,0.0,0.0,0.0,0.0,0.0,0.0,0.0,0.0,0,0,vystymas_tiesiogiai_galimas
555500050854,440017206694,0.0643,642.92,U_GG_M_F,100.0,,0.0,1,0,0,0,0,0,0,0.0,0.0,0.0,0.0,0.0,0.0,0.0,0.0,0.0,0.0,0.0,0.0,0.0,0.0,0.0,0.0,0.0,0,0,vystymas_tiesiogiai_galimas
555800010031,555800010031,0.0667,605.8,U_GG_E_F,100.0,,0.0,1,0,0,0,0,0,0,0.0,0.0,0.0,0.0,0.0,0.0,0.0,0.0,0.0,0.0,0.0,0.0,0.0,0.0,0.0,0.0,0.0,0,0,vystymas_tiesiogiai_galimas
555800010149,555800010149,0.75,7684.8,U_PS_F,100.0,,0.0,0,0,0,0,1,0,0,0.0,0.0,0.0,0.0,0.0,0.0,0.0,0.0,0.0,0.0,0.0,0.0,0.0,0.0,100.0,35.64,0.0,2,0,vystymas_galimas_su_salygomis
555800010248,440008170258,0.119,1173.99,U_PS_F,100.0,,0.0,0,0,0,0,1,0,0,0.0,0.0,0.0,0.0,0.0,0.0,0.0,0.0,0.0,0.0,0.0,0.0,0.0,0.0,100.0,0.0,0.0,1,0,vystymas_tiesiogiai_galimas
555800020022,555800020022,1.12,11200.28,U_GG_E_F,100.0,,0.0,1,0,0,0,0,0,0,0.0,0.0,0.0,0.0,0.0,0.0,0.0,0.0,0.0,0.0,0.0,0.0,0.0,0.0,66.75,0.0,0.0,1,0,vystymas_galimas_su_salygomis
555800020637,440014744624,0.1,999.55,U_GG_E_F,100.0,,0.0,1,0,0,0,0,0,0,0.0,0.0,0.0,0.0,0.0,0.0,0.0,0.0,0.0,0.0,0.0,0.0,0.0,0.0,100.0,0.0,0.0,1,0,vystymas_galimas_su_salygomis
555800020655,440014753289,0.12,1200.17,U_GG_E_F,100.0,,0.0,1,0,0,0,0,0,0,0.0,0.0,0.0,0.0,0.0,0.0,0.0,0.0,0.0,0.0,0.0,0.0,0.0,0.0,100.0,0.0,0.0,1,0,vystymas_galimas_su_salygomis
555800020705,440015022996,0.1558,1558.0,U_GG_E_F,100.0,,0.0,1,0,0,0,0,0,0,0.0,0.0,0.0,0.0,0.0,0.0,0.0,0.0,0.0,0.0,0.0,0.0,0.0,0.0,76.35,0.0,0.0,1,0,vystymas_galimas_su_salygomis
555800021041,440017506148,0.053,530.03,U_GG_E_F,100.0,,0.0,1,0,0,0,0,0,0,0.0,0.0,0.0,0.0,0.0,0.0,0.0,0.0,0.0,0.0,0.0,0.0,0.0,0.0,100.0,95.41,0.0,2,0,vystymas_galimas_su_salygomis
555800021303,440030411966,0.1051,1051.14,U_GG_E_F,100.0,,0.0,1,0,0,0,0,0,0,0.0,0.0,0.0,0.0,0.0,0.0,0.0,0.0,0.0,0.0,0.0,0.0,0.0,0.0,100.0,0.0,0.0,1,0,vystymas_galimas_su_salygomis
555800021462,440044338005,0.0909,909.41,U_GG_E_F,100.0,,0.0,1,0,0,0,0,0,0,0.0,0.0,0.0,0.0,0.0,0.0,0.0,0.0,0.0,0.0,0.0,0.0,0.0,0.0,100.0,0.0,0.0,1,0,vystymas_galimas_su_salygomis
555800021470,440044352625,0.0862,861.54,U_GG_E_F,100.0,,0.0,1,0,0,0,0,0,0,0.0,0.0,0.0,0.0,0.0,0.0,0.0,0.0,0.0,0.0,0.0,0.0,0.0,0.0,100.0,0.0,0.0,1,0,vystymas_galimas_su_salygomis
555800030028,555800030028,1.011,10109.94,U_GG_M_F,100.0,,0.0,1,0,0,0,0,0,0,0.0,0.0,0.0,0.0,0.0,0.0,0.0,0.0,0.0,0.0,0.0,0.0,0.0,0.0,0.0,0.0,0.0,0,0,vystymas_tiesiogiai_galimas
555800030227,440005237776,0.1656,1656.61,U_GG_M_F,100.0,,0.0,1,0,0,0,0,0,0,0.0,0.0,0.0,0.0,0.0,0.0,0.0,0.0,0.0,0.0,0.0,0.0,0.0,0.0,15.34,0.0,0.0,1,0,vystymas_galimas_su_salygomis
555800030243,440006120732,0.2534,2533.59,U_GG_M_F,99.42,H_F,0.58,1,0,0,0,0,0,0,0.0,0.0,0.0,0.0,0.0,0.0,0.0,0.0,0.0,0.0,0.0,0.0,0.0,0.0,94.81,55.65,0.0,2,0,vystymas_galimas_su_salygomis
555800030361,440011257119,0.73,8193.88,U_GG_M_F,100.0,,0.0,1,0,0,0,0,0,0,0.0,0.0,0.0,0.0,0.0,0.0,0.0,0.0,0.0,0.0,0.0,0.0,0.0,0.0,100.0,0.0,0.0,1,0,vystymas_galimas_su_salygomis
555800030383,440011876820,0.1228,1228.46,U_GG_M_F,100.0,,0.0,1,0,0,0,0,0,0,0.0,0.0,0.0,0.0,0.0,0.0,0.0,0.0,0.0,0.0,0.0,0.0,0.0,0.0,100.0,0.0,0.0,1,0,vystymas_galimas_su_salygomis
555800030496,440015870747,0.1025,1025.01,U_GG_M_F,100.0,,0.0,1,0,0,0,0,0,0,0.0,0.0,0.0,0.0,0.0,0.0,0.0,0.0,0.0,0.0,0.0,0.0,0.0,0.0,100.0,0.0,0.0,1,0,vystymas_galimas_su_salygomis
555800030593,440021427290,0.097,970.15,U_GG_M_F,100.0,,0.0,1,0,0,0,0,0,0,0.0,0.0,0.0,0.0,0.0,0.0,0.0,0.0,0.0,0.0,0.0,0.0,0.0,0.0,100.0,0.0,0.0,1,0,vystymas_galimas_su_salygomis
555800030647,440022885272,0.1086,1085.77,U_GG_M_F,100.0,,0.0,1,0,0,0,0,0,0,0.0,0.0,0.0,0.0,0.0,0.0,0.0,0.0,0.0,0.0,0.0,0.0,0.0,0.0,100.0,0.0,0.0,1,0,vystymas_galimas_su_salygomis
555800030726,440038847097,0.0935,935.41,U_GG_M_F,100.0,,0.0,1,0,0,0,0,0,0,0.0,0.0,0.0,0.0,0.0,0.0,0.0,0.0,0.0,0.0,0.0,0.0,0.0,0.0,100.0,0.0,0.0,1,0,vystymas_galimas_su_salygomis
555800040136,555800040136,2.73,27572.9,U_GG_E_F,92.25,U_GG_M_F,7.75,1,0,0,0,0,0,0,0.0,0.0,0.0,0.0,0.0,0.0,0.0,0.0,0.0,0.0,0.0,0.0,0.0,0.0,100.0,22.84,0.0,2,0,vystymas_galimas_su_salygomis
555800040224,440005322412,1.1,11000.46,ZU_F,71.3,MI_F,28.7,0,1,0,0,0,0,0,0.0,0.0,0.0,0.0,0.0,0.0,0.0,0.0,28.7,0.0,0.0,0.0,0.0,0.0,49.44,0.0,0.0,2,0,vystymas_galimas_su_salygomis
555800040331,440009766345,0.1185,1184.94,U_GG_M_F,100.0,,0.0,1,0,0,0,0,0,0,0.0,0.0,0.0,0.0,0.0,0.0,0.0,0.0,0.0,0.0,0.0,0.0,0.0,0.0,100.0,13.31,0.0,2,0,vystymas_galimas_su_salygomis
555800040426,440010141449,3.8449,38449.13,U_GG_M_F,90.91,MI_F,9.09,1,0,0,0,0,0,0,0.0,0.0,0.0,0.0,0.0,0.0,0.0,0.0,9.09,0.0,0.0,0.0,0.0,0.0,16.58,0.92,0.0,3,0,vystymas_galimas_su_salygomis
555800040568,440012046329,1.4,14000.34,U_GG_E_F,100.0,,0.0,1,0,0,0,0,0,0,0.0,0.0,0.0,0.0,0.0,0.0,0.0,0.0,0.0,0.0,0.0,0.0,0.0,0.0,100.0,1.46,0.0,2,0,vystymas_galimas_su_salygomis
555800040597,440012056890,0.0769,769.23,U_GG_E_F,100.0,,0.0,1,0,0,0,0,0,0,0.0,0.0,0.0,0.0,0.0,0.0,0.0,0.0,0.0,0.0,0.0,0.0,0.0,0.0,100.0,100.0,0.0,2,0,vystymas_galimas_su_salygomis
555800040611,440014522946,0.0513,512.93,U_GG_E_F,100.0,,0.0,1,0,0,0,0,0,0,0.0,0.0,0.0,0.0,0.0,0.0,0.0,0.0,0.0,0.0,0.0,0.0,0.0,0.0,100.0,0.0,0.0,1,0,vystymas_galimas_su_salygomis
555800040627,440014825846,0.1,999.37,U_GG_E_F,100.0,,0.0,1,0,0,0,0,0,0,0.0,0.0,0.0,0.0,0.0,0.0,0.0,0.0,0.0,0.0,0.0,0.0,0.0,0.0,100.0,75.8,0.0,2,0,vystymas_galimas_su_salygomis
555800040697,440015912376,0.085,849.98,U_GG_E_F,100.0,,0.0,1,0,0,0,0,0,0,0.0,0.0,0.0,0.0,0.0,0.0,0.0,0.0,0.0,0.0,0.0,0.0,0.0,0.0,100.0,0.0,0.0,1,0,vystymas_galimas_su_salygomis
555800040722,440018181212,0.1001,1001.08,U_GG_M_F,100.0,,0.0,1,0,0,0,0,0,0,0.0,0.0,0.0,0.0,0.0,0.0,0.0,0.0,0.0,0.0,0.0,0.0,0.0,0.0,100.0,0.0,0.0,1,0,vystymas_galimas_su_salygomis
555800040727,440018180215,0.1389,1389.39,U_GG_M_F,100.0,,0.0,1,0,0,0,0,0,0,0.0,0.0,0.0,0.0,0.0,0.0,0.0,0.0,0.0,0.0,0.0,0.0,0.0,0.0,100.0,0.0,0.0,1,0,vystymas_galimas_su_salygomis
555800040772,440018493877,0.2519,2518.87,U_GG_M_F,100.0,,0.0,1,0,0,0,0,0,0,0.0,0.0,0.0,0.0,0.0,0.0,0.0,0.0,0.0,0.0,0.0,0.0,0.0,0.0,100.0,0.0,0.0,1,0,vystymas_galimas_su_salygomis
555800040829,440022044582,0.135,1349.82,U_GG_E_F,100.0,,0.0,1,0,0,0,0,0,0,0.0,0.0,0.0,0.0,0.0,0.0,0.0,0.0,0.0,0.0,0.0,0.0,0.0,0.0,100.0,0.0,0.0,1,0,vystymas_galimas_su_salygomis
555800040891,440028818035,5.2453,52453.01,U_GG_E_F,93.81,U_GG_M_F,6.19,1,0,0,0,0,0,0,0.0,0.0,0.0,0.0,0.0,0.0,0.0,0.0,0.0,0.0,0.0,0.0,0.0,0.0,100.0,5.3,0.0,2,0,vystymas_galimas_su_salygomis
555800040947,440039360839,0.1877,1877.41,U_GG_E_F,100.0,,0.0,1,0,0,0,0,0,0,0.0,0.0,0.0,0.0,0.0,0.0,0.0,0.0,0.0,0.0,0.0,0.0,0.0,0.0,100.0,2.36,0.0,2,0,vystymas_galimas_su_salygomis
555800040984,440040849810,0.4282,4281.83,U_GG_M_F,74.59,MI_F,25.41,1,0,0,0,0,0,0,0.0,0.0,0.0,0.0,0.0,0.0,0.0,0.0,25.41,0.0,0.0,0.0,0.0,0.0,51.46,27.84,0.0,3,0,vystymas_galimas_su_salygomis
555800040993,440042682900,0.0144,144.04,U_GG_E_F,100.0,,0.0,1,0,0,0,0,0,0,0.0,0.0,0.0,0.0,0.0,0.0,0.0,0.0,0.0,0.0,0.0,0.0,0.0,0.0,100.0,100.0,0.0,2,0,vystymas_galimas_su_salygomis
555800050025,555800050025,3.0,28884.05,U_GG_V_F,100.0,,0.0,1,0,0,0,0,0,0,0.0,0.0,0.0,0.0,0.0,0.0,0.0,0.0,0.0,0.0,0.0,0.0,0.0,0.0,100.0,2.01,0.0,2,0,vystymas_galimas_su_salygomis
555800050175,440000503224,0.1018,1018.02,U_GG_V_F,100.0,,0.0,1,0,0,0,0,0,0,0.0,0.0,0.0,0.0,0.0,0.0,0.0,0.0,0.0,0.0,0.0,0.0,0.0,0.0,100.0,0.0,0.0,1,0,vystymas_galimas_su_salygomis
555800050314,440003370132,0.12,1200.16,U_GG_M_F,100.0,,0.0,1,0,0,0,0,0,0,0.0,0.0,0.0,0.0,0.0,0.0,0.0,0.0,0.0,0.0,0.0,0.0,0.0,0.0,100.0,0.0,0.0,1,0,vystymas_galimas_su_salygomis
555800050382,440004130950,0.15,1499.79,U_GG_M_F,100.0,,0.0,1,0,0,0,0,0,0,0.0,0.0,0.0,0.0,0.0,0.0,0.0,0.0,0.0,0.0,0.0,0.0,0.0,0.0,100.0,88.23,0.0,2,0,vystymas_galimas_su_salygomis
555800050462,440005081683,0.1949,1948.7,U_GG_M_F,100.0,,0.0,1,0,0,0,0,0,0,0.0,0.0,0.0,0.0,0.0,0.0,0.0,0.0,0.0,0.0,0.0,0.0,0.0,0.0,100.0,0.0,0.0,1,0,vystymas_galimas_su_salygomis
555800050576,440005419336,0.1523,1523.41,U_GG_V_F,100.0,,0.0,1,0,0,0,0,0,0,0.0,0.0,0.0,0.0,0.0,0.0,0.0,0.0,0.0,0.0,0.0,0.0,0.0,0.0,100.0,0.0,0.0,1,0,vystymas_galimas_su_salygomis
555800050582,440005420688,0.099,989.96,U_GG_V_F,100.0,,0.0,1,0,0,0,0,0,0,0.0,0.0,0.0,0.0,0.0,0.0,0.0,0.0,0.0,0.0,0.0,0.0,0.0,0.0,100.0,54.34,0.0,2,0,vystymas_galimas_su_salygomis
555800050624,440005435150,0.0936,936.0,U_GG_V_F,100.0,,0.0,1,0,0,0,0,0,0,0.0,0.0,0.0,0.0,0.0,0.0,0.0,0.0,0.0,0.0,0.0,0.0,0.0,0.0,100.0,0.0,0.0,1,0,vystymas_galimas_su_salygomis
555800050726,440010543069,0.1219,1219.11,U_GG_M_F,100.0,,0.0,1,0,0,0,0,0,0,0.0,0.0,0.0,0.0,0.0,0.0,0.0,0.0,0.0,0.0,0.0,0.0,0.0,0.0,100.0,0.0,0.0,1,0,vystymas_galimas_su_salygomis
555800050834,440010577703,0.2596,2595.47,U_GG_V_F,100.0,,0.0,1,0,0,0,0,0,0,0.0,0.0,0.0,0.0,0.0,0.0,0.0,0.0,0.0,0.0,0.0,0.0,0.0,0.0,100.0,0.0,0.0,1,0,vystymas_galimas_su_salygomis
555800050959,440011568642,0.1371,1370.82,U_GG_V_F,100.0,,0.0,1,0,0,0,0,0,0,0.0,0.0,0.0,0.0,0.0,0.0,0.0,0.0,0.0,0.0,0.0,0.0,0.0,0.0,100.0,0.0,0.0,1,0,vystymas_galimas_su_salygomis
555800051022,440012072394,0.045,449.93,U_GG_V_F,100.0,,0.0,1,0,0,0,0,0,0,0.0,0.0,0.0,0.0,0.0,0.0,0.0,0.0,0.0,0.0,0.0,0.0,0.0,0.0,100.0,0.0,0.0,1,0,vystymas_galimas_su_salygomis
555800051083,440012141005,0.045,449.94,U_GG_V_F,100.0,,0.0,1,0,0,0,0,0,0,0.0,0.0,0.0,0.0,0.0,0.0,0.0,0.0,0.0,0.0,0.0,0.0,0.0,0.0,100.0,0.0,0.0,1,0,vystymas_galimas_su_salygomis
555800051507,440017898318,1.2062,2617.84,U_GG_V_F,100.0,,0.0,1,0,0,0,0,0,0,0.0,0.0,0.0,0.0,0.0,0.0,0.0,0.0,0.0,0.0,0.0,0.0,0.0,0.0,100.0,11.59,0.0,2,0,vystymas_galimas_su_salygomis
555800051670,440018040167,0.0582,582.19,U_GG_V_F,100.0,,0.0,1,0,0,0,0,0,0,0.0,0.0,0.0,0.0,0.0,0.0,0.0,0.0,0.0,0.0,0.0,0.0,0.0,0.0,100.0,9.22,0.0,2,0,vystymas_galimas_su_salygomis
555800051753,440020115920,0.118,1179.65,U_GG_M_F,100.0,,0.0,1,0,0,0,0,0,0,0.0,0.0,0.0,0.0,0.0,0.0,0.0,0.0,0.0,0.0,0.0,0.0,0.0,0.0,100.0,0.0,0.0,1,0,vystymas_galimas_su_salygomis
555800051771,440020653065,0.1086,1086.09,U_GG_V_F,100.0,,0.0,1,0,0,0,0,0,0,0.0,0.0,0.0,0.0,0.0,0.0,0.0,0.0,0.0,0.0,0.0,0.0,0.0,0.0,100.0,0.0,0.0,1,0,vystymas_galimas_su_salygomis
555800051849,440021722169,0.1159,1158.89,U_GG_M_F,100.0,,0.0,1,0,0,0,0,0,0,0.0,0.0,0.0,0.0,0.0,0.0,0.0,0.0,0.0,0.0,0.0,0.0,0.0,0.0,100.0,0.0,0.0,1,0,vystymas_galimas_su_salygomis
555800051913,440022625005,0.0758,758.3,U_GG_V_F,100.0,,0.0,1,0,0,0,0,0,0,0.0,0.0,0.0,0.0,0.0,0.0,0.0,0.0,0.0,0.0,0.0,0.0,0.0,0.0,100.0,0.0,0.0,1,0,vystymas_galimas_su_salygomis
555800051931,440022635489,0.0756,756.19,U_GG_V_F,100.0,,0.0,1,0,0,0,0,0,0,0.0,0.0,0.0,0.0,0.0,0.0,0.0,0.0,0.0,0.0,0.0,0.0,0.0,0.0,100.0,0.0,0.0,1,0,vystymas_galimas_su_salygomis
555800052008,440026189517,0.06,600.16,U_GG_V_F,100.0,,0.0,1,0,0,0,0,0,0,0.0,0.0,0.0,0.0,0.0,0.0,0.0,0.0,0.0,0.0,0.0,0.0,0.0,0.0,100.0,0.0,0.0,1,0,vystymas_galimas_su_salygomis
555800052079,440028227230,0.0859,859.28,U_GG_M_F,100.0,,0.0,1,0,0,0,0,0,0,0.0,0.0,0.0,0.0,0.0,0.0,0.0,0.0,0.0,0.0,0.0,0.0,0.0,0.0,100.0,0.0,0.0,1,0,vystymas_galimas_su_salygomis
555800052087,440028513408,0.014,140.02,U_GG_V_F,100.0,,0.0,1,0,0,0,0,0,0,0.0,0.0,0.0,0.0,0.0,0.0,0.0,0.0,0.0,0.0,0.0,0.0,0.0,0.0,100.0,0.0,0.0,1,0,vystymas_galimas_su_salygomis
555800052159,440029069856,0.0825,825.25,U_GG_M_F,100.0,,0.0,1,0,0,0,0,0,0,0.0,0.0,0.0,0.0,0.0,0.0,0.0,0.0,0.0,0.0,0.0,0.0,0.0,0.0,100.0,0.0,0.0,1,0,vystymas_galimas_su_salygomis
555800052161,440029069990,0.0825,825.04,U_GG_M_F,100.0,,0.0,1,0,0,0,0,0,0,0.0,0.0,0.0,0.0,0.0,0.0,0.0,0.0,0.0,0.0,0.0,0.0,0.0,0.0,100.0,0.0,0.0,1,0,vystymas_galimas_su_salygomis
555800052257,440031863320,0.0816,815.81,U_GG_V_F,100.0,,0.0,1,0,0,0,0,0,0,0.0,0.0,0.0,0.0,0.0,0.0,0.0,0.0,0.0,0.0,0.0,0.0,0.0,0.0,100.0,0.0,0.0,1,0,vystymas_galimas_su_salygomis
555800052342,440038508424,0.0356,355.58,U_GG_M_F,100.0,,0.0,1,0,0,0,0,0,0,0.0,0.0,0.0,0.0,0.0,0.0,0.0,0.0,0.0,0.0,0.0,0.0,0.0,0.0,100.0,0.0,0.0,1,0,vystymas_galimas_su_salygomis
555800052456,440045822384,0.0541,541.0,U_GG_V_F,100.0,,0.0,1,0,0,0,0,0,0,0.0,0.0,0.0,0.0,0.0,0.0,0.0,0.0,0.0,0.0,0.0,0.0,0.0,0.0,100.0,0.0,0.0,1,0,vystymas_galimas_su_salygomis
555800052559,440050189712,0.1,1000.12,U_GG_V_F,100.0,,0.0,1,0,0,0,0,0,0,0.0,0.0,0.0,0.0,0.0,0.0,0.0,0.0,0.0,0.0,0.0,0.0,0.0,0.0,100.0,0.0,0.0,1,0,vystymas_galimas_su_salygomis
555800060057,555800060057,0.25,2501.19,U_GG_V_F,100.0,,0.0,1,0,0,0,0,0,0,0.0,0.0,0.0,0.0,0.0,0.0,0.0,0.0,0.0,0.0,0.0,0.0,0.0,0.0,100.0,0.0,0.0,1,0,vystymas_galimas_su_salygomis
555800060100,555800060100,0.2528,2529.31,U_GG_V_F,100.0,,0.0,1,0,0,0,0,0,0,0.0,0.0,0.0,0.0,0.0,0.0,0.0,0.0,0.0,0.0,0.0,0.0,0.0,0.0,100.0,0.0,0.0,1,0,vystymas_galimas_su_salygomis
555800060509,440041526987,0.04,400.42,U_GG_V_F,100.0,,0.0,1,0,0,0,0,0,0,0.0,0.0,0.0,0.0,0.0,0.0,0.0,0.0,0.0,0.0,0.0,0.0,0.0,0.0,0.0,0.0,0.0,0,0,vystymas_tiesiogiai_galimas
555800060533,440043129310,0.04,400.34,U_GG_V_F,100.0,,0.0,1,0,0,0,0,0,0,0.0,0.0,0.0,0.0,0.0,0.0,0.0,0.0,0.0,0.0,0.0,0.0,0.0,0.0,100.0,0.0,0.0,1,0,vystymas_galimas_su_salygomis
555800060552,440047152729,0.125,1250.42,U_GG_V_F,100.0,,0.0,1,0,0,0,0,0,0,0.0,0.0,0.0,0.0,0.0,0.0,0.0,0.0,0.0,0.0,0.0,0.0,0.0,0.0,100.0,0.0,0.0,1,0,vystymas_galimas_su_salygomis
555800060586,440052197876,0.1034,1034.38,U_GG_V_F,100.0,,0.0,1,0,0,0,0,0,0,0.0,0.0,0.0,0.0,0.0,0.0,0.0,0.0,0.0,0.0,0.0,0.0,0.0,0.0,100.0,0.0,0.0,1,0,vystymas_galimas_su_salygomis
555800060589,440053141232,0.25,2500.3,U_GG_V_F,100.0,,0.0,1,0,0,0,0,0,0,0.0,0.0,0.0,0.0,0.0,0.0,0.0,0.0,0.0,0.0,0.0,0.0,0.0,0.0,100.0,0.0,0.0,1,0,vystymas_galimas_su_salygomis
555800070103,555800070103,0.388,3879.95,U_PS_F,100.0,,0.0,0,0,0,0,1,0,0,0.0,0.0,0.0,0.0,0.0,0.0,0.0,0.0,0.0,0.0,0.0,0.0,0.0,0.0,100.0,10.58,0.0,2,0,vystymas_galimas_su_salygomis
555800070260,440002981448,0.1671,1670.92,U_GG_V_F,100.0,,0.0,1,0,0,0,0,0,0,0.0,0.0,0.0,0.0,0.0,0.0,0.0,0.0,0.0,0.0,0.0,0.0,0.0,0.0,100.0,0.0,0.0,1,0,vystymas_galimas_su_salygomis
555800070351,440005314243,0.103,1029.83,U_GG_V_F,100.0,,0.0,1,0,0,0,0,0,0,0.0,0.0,0.0,0.0,0.0,0.0,0.0,0.0,0.0,0.0,0.0,0.0,0.0,0.0,100.0,0.0,0.0,1,0,vystymas_galimas_su_salygomis
555800070730,440012359169,0.0418,417.31,U_GG_V_F,100.0,,0.0,1,0,0,0,0,0,0,0.0,0.0,0.0,0.0,0.0,0.0,0.0,0.0,0.0,0.0,0.0,0.0,0.0,0.0,100.0,0.0,0.0,1,0,vystymas_galimas_su_salygomis
555800070806,440012513947,0.0602,601.15,U_GG_V_F,100.0,,0.0,1,0,0,0,0,0,0,0.0,0.0,0.0,0.0,0.0,0.0,0.0,0.0,0.0,0.0,0.0,0.0,0.0,0.0,100.0,0.0,0.0,1,0,vystymas_galimas_su_salygomis
555800070836,440014447462,0.1121,1121.08,U_GG_V_F,100.0,,0.0,1,0,0,0,0,0,0,0.0,0.0,0.0,0.0,0.0,0.0,0.0,0.0,0.0,0.0,0.0,0.0,0.0,0.0,100.0,40.29,0.0,2,0,vystymas_galimas_su_salygomis
555800070911,440016581092,0.0183,183.29,U_GG_V_F,100.0,,0.0,1,0,0,0,0,0,0,0.0,0.0,0.0,0.0,0.0,0.0,0.0,0.0,0.0,0.0,0.0,0.0,0.0,0.0,100.0,50.31,0.0,2,0,vystymas_galimas_su_salygomis
555800071058,440021059327,0.0891,890.86,U_GG_V_F,100.0,,0.0,1,0,0,0,0,0,0,0.0,0.0,0.0,0.0,0.0,0.0,0.0,0.0,0.0,0.0,0.0,0.0,0.0,0.0,100.0,0.0,0.0,1,0,vystymas_galimas_su_salygomis
555800071127,440021869874,0.0716,715.44,U_PS_F,100.0,,0.0,0,0,0,0,1,0,0,0.0,0.0,0.0,0.0,0.0,0.0,0.0,0.0,0.0,0.0,0.0,0.0,0.0,0.0,100.0,0.0,0.0,1,0,vystymas_tiesiogiai_galimas
555800071149,440022088468,0.1012,1012.49,U_GG_V_F,100.0,,0.0,1,0,0,0,0,0,0,0.0,0.0,0.0,0.0,0.0,0.0,0.0,0.0,0.0,0.0,0.0,0.0,0.0,0.0,100.0,84.96,0.0,2,0,vystymas_galimas_su_salygomis
555800071170,440022262082,0.1015,1015.44,U_GG_V_F,100.0,,0.0,1,0,0,0,0,0,0,0.0,0.0,0.0,0.0,0.0,0.0,0.0,0.0,0.0,0.0,0.0,0.0,0.0,0.0,100.0,0.0,0.0,1,0,vystymas_galimas_su_salygomis
555800071171,440022262128,0.1,999.72,U_GG_V_F,100.0,,0.0,1,0,0,0,0,0,0,0.0,0.0,0.0,0.0,0.0,0.0,0.0,0.0,0.0,0.0,0.0,0.0,0.0,0.0,100.0,0.0,0.0,1,0,vystymas_galimas_su_salygomis
555800071185,440022263280,0.1053,1053.23,U_GG_V_F,100.0,,0.0,1,0,0,0,0,0,0,0.0,0.0,0.0,0.0,0.0,0.0,0.0,0.0,0.0,0.0,0.0,0.0,0.0,0.0,100.0,0.0,0.0,1,0,vystymas_galimas_su_salygomis
555800071309,440037984576,0.1223,1223.22,U_GG_V_F,100.0,,0.0,1,0,0,0,0,0,0,0.0,0.0,0.0,0.0,0.0,0.0,0.0,0.0,0.0,0.0,0.0,0.0,0.0,0.0,100.0,0.0,0.0,1,0,vystymas_galimas_su_salygomis
555800071317,440037986486,0.0955,954.92,U_GG_V_F,100.0,,0.0,1,0,0,0,0,0,0,0.0,0.0,0.0,0.0,0.0,0.0,0.0,0.0,0.0,0.0,0.0,0.0,0.0,0.0,100.0,0.0,0.0,1,0,vystymas_galimas_su_salygomis
555800071353,440038154724,0.0907,906.86,U_GG_V_F,100.0,,0.0,1,0,0,0,0,0,0,0.0,0.0,0.0,0.0,0.0,0.0,0.0,0.0,0.0,0.0,0.0,0.0,0.0,0.0,100.0,0.0,0.0,1,0,vystymas_galimas_su_salygomis
555800071433,440043275730,0.0866,866.35,U_GG_V_F,76.99,U_PS_F,23.01,1,0,0,0,0,0,0,0.0,0.0,0.0,0.0,0.0,0.0,0.0,0.0,0.0,0.0,0.0,0.0,0.0,0.0,100.0,0.0,0.0,1,0,vystymas_galimas_su_salygomis
555800071476,440044358352,0.0937,936.94,U_GG_V_F,100.0,,0.0,1,0,0,0,0,0,0,0.0,0.0,0.0,0.0,0.0,0.0,0.0,0.0,0.0,0.0,0.0,0.0,0.0,0.0,100.0,67.92,0.0,2,0,vystymas_galimas_su_salygomis
555800130023,555800130023,0.06,600.0,U_GG_V_F,100.0,,0.0,1,0,0,0,0,0,0,0.0,0.0,0.0,0.0,0.0,0.0,0.0,0.0,0.0,0.0,0.0,0.0,0.0,0.0,0.0,0.0,0.0,0,0,vystymas_tiesiogiai_galimas
555800130050,555800130050,0.06,630.39,U_GG_V_F,100.0,,0.0,1,0,0,0,0,0,0,0.0,0.0,0.0,0.0,0.0,0.0,0.0,0.0,0.0,0.0,0.0,0.0,0.0,0.0,0.0,0.0,0.0,0,0,vystymas_tiesiogiai_galimas
555800130065,555800130065,0.0618,618.0,U_GG_V_F,100.0,,0.0,1,0,0,0,0,0,0,0.0,0.0,0.0,0.0,0.0,0.0,0.0,0.0,0.0,0.0,0.0,0.0,0.0,0.0,0.0,0.0,0.0,0,0,vystymas_tiesiogiai_galimas
555800130068,555800130068,0.06,625.41,U_GG_V_F,100.0,,0.0,1,0,0,0,0,0,0,0.0,0.0,0.0,0.0,0.0,0.0,0.0,0.0,0.0,0.0,0.0,0.0,0.0,0.0,0.0,0.0,0.0,0,0,vystymas_tiesiogiai_galimas
555800130217,440004670024,0.0582,582.35,U_GG_V_F,100.0,,0.0,1,0,0,0,0,0,0,0.0,0.0,0.0,0.0,0.0,0.0,0.0,0.0,0.0,0.0,0.0,0.0,0.0,0.0,0.0,0.0,0.0,0,0,vystymas_tiesiogiai_galimas
555800130294,555800130294,0.0773,772.38,U_GG_V_F,100.0,,0.0,1,0,0,0,0,0,0,0.0,0.0,0.0,0.0,0.0,0.0,0.0,0.0,0.0,0.0,0.0,0.0,0.0,0.0,44.92,0.0,0.0,1,0,vystymas_galimas_su_salygomis
555800130354,555800130354,0.12,1199.66,U_GG_V_F,98.14,U_PS_F,1.86,1,0,0,0,0,0,0,0.0,0.0,0.0,0.0,0.0,0.0,0.0,0.0,0.0,0.0,0.0,0.0,0.0,0.0,0.0,0.0,0.0,0,0,vystymas_tiesiogiai_galimas
555800130490,555800130490,0.06,600.06,U_GG_V_F,100.0,,0.0,1,0,0,0,0,0,0,0.0,0.0,0.0,0.0,0.0,0.0,0.0,0.0,0.0,0.0,0.0,0.0,0.0,0.0,0.0,0.0,0.0,0,0,vystymas_tiesiogiai_galimas
555800130645,440003121746,0.08,800.3,U_GG_V_F,99.87,MI_F,0.13,1,0,0,0,0,0,0,0.0,0.0,0.0,0.0,0.0,0.0,0.0,0.0,0.0,0.0,0.0,0.0,0.0,0.0,0.0,0.0,0.0,0,0,vystymas_tiesiogiai_galimas
555800130727,440007059661,0.1294,1293.94,U_GG_V_F,100.0,,0.0,1,0,0,0,0,0,0,0.0,0.0,0.0,0.0,0.0,0.0,0.0,0.0,0.0,0.0,0.0,0.0,0.0,0.0,0.0,0.0,0.0,0,0,vystymas_tiesiogiai_galimas
555800130948,440037923036,0.1118,1118.09,U_GG_V_F,100.0,,0.0,1,0,0,0,0,0,0,0.0,0.0,0.0,0.0,0.0,0.0,0.0,0.0,0.0,0.0,0.0,0.0,0.0,0.0,0.0,0.0,0.0,0,0,vystymas_tiesiogiai_galimas
555800130976,440039206049,1.4414,14413.61,U_PS_F,74.15,U_GG_V_F,25.85,0,0,0,0,1,0,0,0.0,0.0,0.0,0.0,0.0,0.0,0.0,0.0,0.0,0.0,0.0,0.0,0.0,0.0,0.0,0.0,0.0,0,0,vystymas_tiesiogiai_galimas
555800131059,440049296031,0.0716,716.31,U_GG_V_F,100.0,,0.0,1,0,0,0,0,0,0,0.0,0.0,0.0,0.0,0.0,0.0,0.0,0.0,0.0,0.0,0.0,0.0,0.0,0.0,0.0,0.0,0.0,0,0,vystymas_tiesiogiai_galimas
555800140040,440025164087,0.09,899.7,U_GG_V_F,100.0,,0.0,1,0,0,0,0,0,0,0.0,0.0,0.0,0.0,0.0,0.0,0.0,0.0,0.0,0.0,0.0,0.0,0.0,0.0,100.0,0.0,0.0,1,0,vystymas_galimas_su_salygomis
555800140309,440004132712,0.0273,272.79,U_GG_V_F,100.0,,0.0,1,0,0,0,0,0,0,0.0,0.0,0.0,0.0,0.0,0.0,0.0,0.0,0.0,0.0,0.0,0.0,0.0,0.0,100.0,0.53,0.0,2,0,vystymas_galimas_su_salygomis
555800140350,440008003369,0.1618,1617.3,U_GG_V_F,100.0,,0.0,1,0,0,0,0,0,0,0.0,0.0,0.0,0.0,0.0,0.0,0.0,0.0,0.0,0.0,0.0,0.0,0.0,0.0,100.0,79.19,0.0,2,0,vystymas_galimas_su_salygomis
555800140458,440012882421,0.1194,1194.33,U_GG_V_F,100.0,,0.0,1,0,0,0,0,0,0,0.0,0.0,0.0,0.0,0.0,0.0,0.0,0.0,0.0,0.0,0.0,0.0,0.0,0.0,100.0,7.51,0.0,2,0,vystymas_galimas_su_salygomis
555800140491,440016140940,0.0713,713.06,U_GG_V_F,100.0,,0.0,1,0,0,0,0,0,0,0.0,0.0,0.0,0.0,0.0,0.0,0.0,0.0,0.0,0.0,0.0,0.0,0.0,0.0,100.0,82.68,0.0,2,0,vystymas_galimas_su_salygomis
555800160126,555800160126,0.0608,610.1,U_GG_E_F,100.0,,0.0,1,0,0,0,0,0,0,0.0,0.0,0.0,0.0,0.0,0.0,0.0,0.0,0.0,0.0,0.0,0.0,0.0,0.0,100.0,0.0,0.0,1,0,vystymas_galimas_su_salygomis
555800160146,555800160146,0.075,754.62,U_GG_E_F,100.0,,0.0,1,0,0,0,0,0,0,0.0,0.0,0.0,0.0,0.0,0.0,0.0,0.0,0.0,0.0,0.0,0.0,0.0,0.0,100.0,0.0,0.0,1,0,vystymas_galimas_su_salygomis
555800160159,555800160159,0.06,603.16,U_GG_E_F,100.0,,0.0,1,0,0,0,0,0,0,0.0,0.0,0.0,0.0,0.0,0.0,0.0,0.0,0.0,0.0,0.0,0.0,0.0,0.0,100.0,0.0,0.0,1,0,vystymas_galimas_su_salygomis
555800160204,555800160204,0.086,859.79,U_GG_E_F,96.0,MI_F,4.0,1,0,0,0,0,0,0,0.0,0.0,0.0,0.0,0.0,0.0,0.0,0.0,0.0,0.0,0.0,0.0,0.0,0.0,0.0,0.0,0.0,0,0,vystymas_tiesiogiai_galimas
555800160288,440020234066,0.06,599.96,U_GG_E_F,100.0,,0.0,1,0,0,0,0,0,0,0.0,0.0,0.0,0.0,0.0,0.0,0.0,0.0,0.0,0.0,0.0,0.0,0.0,0.0,99.99,0.0,0.0,1,0,vystymas_galimas_su_salygomis
555900010035,555900010035,0.7,7500.17,ZU_F,100.0,,0.0,0,1,0,0,0,0,0,0.0,0.0,0.0,0.0,100.0,0.0,0.0,0.0,0.0,0.0,0.0,0.0,0.0,0.0,45.49,0.0,0.0,2,0,vystymas_galimas_su_salygomis
555900010056,555900010056,2.57,27624.18,ZU_F,100.0,,0.0,0,1,0,0,0,0,0,0.0,0.0,0.0,0.0,100.0,0.0,0.0,0.0,0.0,0.0,0.0,0.0,0.0,0.0,100.0,0.0,0.0,2,0,vystymas_galimas_su_salygomis
555900010258,440010090070,2.3422,23422.43,ZU_F,100.0,,0.0,0,1,0,0,0,0,0,0.0,0.0,0.0,0.0,100.0,0.0,0.0,0.0,0.0,0.0,0.0,0.0,0.0,0.0,100.0,0.0,0.0,2,0,vystymas_galimas_su_salygomis
555900010287,440022112261,119.2512,1192512.26,MI_F,93.35,MI_F,6.12,0,0,1,0,0,0,0,0.0,0.0,0.0,0.0,100.0,0.0,0.0,0.0,100.0,0.0,0.0,0.77,0.0,0.0,0.05,0.03,0.0,5,0,vystymas_labai_apribotas
555900020083,555900020083,1.2,12329.5,ZU_F,100.0,,0.0,0,1,0,0,0,0,0,0.0,0.0,0.0,0.0,100.0,0.0,0.0,0.0,0.0,0.0,0.0,0.0,0.0,0.0,46.84,0.34,0.0,3,0,vystymas_galimas_su_salygomis
555900020217,440004337733,1.752,17520.32,ZU_F,100.0,,0.0,0,1,0,0,0,0,0,0.0,0.0,0.0,0.0,100.0,0.0,0.0,0.0,0.0,0.0,0.0,0.0,0.0,0.0,100.0,1.14,0.0,3,0,vystymas_galimas_su_salygomis
556300010037,556300010037,7.5,79322.63,ZU_F,98.94,MI_F,1.06,0,1,0,0,0,0,0,0.0,0.0,0.0,0.0,0.0,0.0,0.0,0.0,1.28,0.0,0.0,0.0,0.0,0.0,91.95,0.0,0.0,2,0,vystymas_galimas_su_salygomis
556300010121,556300010121,6.35,36293.52,MI_F,60.65,U_GG_M_F,39.34,0,0,1,0,0,0,0,23.68,0.0,0.0,0.0,20.48,0.0,0.0,0.0,32.0,0.0,0.0,0.0,0.0,0.0,65.43,0.0,0.0,4,1,vystymas_labai_apribotas
556300010140,556300010140,10.99,106393.31,MI_F,100.0,,0.0,0,0,1,0,0,0,0,0.0,0.0,0.0,0.0,0.0,0.0,0.0,0.0,100.0,0.0,0.0,0.0,0.0,0.0,0.0,0.0,0.0,1,0,vystymas_galimas_su_salygomis
556300010176,556300010176,0.5,4999.9,ZU_F,100.0,,0.0,0,1,0,0,0,0,0,0.0,0.0,0.0,0.0,0.0,0.0,0.0,0.0,0.0,0.0,0.0,0.0,0.0,0.0,100.0,0.0,0.0,1,0,vystymas_galimas_su_salygomis
556300010191,440000844837,0.7264,7263.76,U_GG_M_F,100.0,,0.0,1,0,0,0,0,0,0,0.0,0.0,0.0,0.0,0.0,0.0,0.0,0.0,0.0,0.0,0.0,0.0,0.0,0.0,100.0,0.0,0.0,1,0,vystymas_galimas_su_salygomis
556300010317,440007459100,0.6,5999.97,ZU_F,100.0,,0.0,0,1,0,0,0,0,0,0.0,0.0,0.0,0.0,0.0,0.0,0.0,0.0,0.0,0.0,0.0,0.0,0.0,0.0,100.0,0.0,0.0,1,0,vystymas_galimas_su_salygomis
556300010438,440014599489,1.05,10500.27,ZU_F,97.01,MI_F,2.99,0,1,0,0,0,0,0,0.0,0.0,0.0,0.0,0.0,0.0,0.0,0.0,2.99,0.0,0.0,0.0,0.0,0.0,61.15,0.0,0.0,2,0,vystymas_galimas_su_salygomis
556300010484,440018128404,0.48,4725.75,ZU_F,90.53,MI_F,9.47,0,1,0,0,0,0,0,0.0,0.0,0.0,0.0,0.0,0.0,0.0,0.0,9.47,0.0,0.0,0.0,0.0,0.0,99.99,0.0,0.0,2,0,vystymas_galimas_su_salygomis
556300010542,440041154167,0.5061,5061.17,U_GG_M_F,100.0,,0.0,1,0,0,0,0,0,0,0.0,0.0,0.0,0.0,0.0,0.0,0.0,0.0,0.0,0.0,0.0,0.0,0.0,0.0,100.0,0.0,0.0,1,0,vystymas_galimas_su_salygomis
556300020279,440009175760,1.19,12274.08,MI_F,58.67,MI_F,33.32,0,0,1,0,0,0,0,0.0,0.0,0.0,0.0,0.0,0.0,0.0,0.0,91.99,0.0,0.0,0.0,0.0,0.0,0.0,0.0,0.0,1,0,vystymas_galimas_su_salygomis
556300020290,440011509348,1.51,15100.01,MI_F,97.74,ZU_F,2.26,0,0,1,0,0,0,0,0.0,0.0,0.0,0.0,0.0,0.0,0.0,0.0,97.74,0.0,0.0,0.0,0.0,0.0,13.89,0.0,0.0,2,0,vystymas_labai_apribotas
556300030003,556300030003,11.0044,110044.39,ZU_F,91.77,MI_F,8.23,0,1,0,0,0,0,0,10.74,0.0,0.0,0.0,14.13,0.0,0.0,0.0,8.23,0.0,0.0,0.0,0.0,0.0,92.25,8.48,0.0,5,1,vystymas_labai_apribotas
556300030014,556300030014,1.2,12715.78,MI_F,81.41,ZU_F,18.59,0,0,1,0,0,0,0,0.0,0.0,0.0,0.0,0.0,0.0,0.0,0.0,78.92,0.0,0.0,0.0,0.0,0.0,2.51,0.0,0.0,2,0,vystymas_labai_apribotas
556300030143,556300030143,1.7468,17468.14,ZU_F,99.68,MI_F,0.32,0,1,0,0,0,0,0,0.0,0.0,0.0,0.0,0.0,0.0,0.0,0.0,4.19,0.0,0.0,0.0,0.0,0.0,54.07,6.24,0.0,3,0,vystymas_galimas_su_salygomis
556300030159,556300030159,5.54,58579.15,MI_F,70.88,MI_F,26.94,0,0,1,0,0,0,0,15.53,0.0,0.0,0.0,17.84,0.0,0.0,0.0,97.81,0.0,0.0,0.0,0.0,0.0,2.76,0.99,0.0,5,1,vystymas_labai_apribotas
556300030347,440016928900,0.98,8625.89,ZU_F,100.0,,0.0,0,1,0,0,0,0,0,0.0,0.0,0.0,0.0,0.0,0.0,0.0,0.0,0.0,0.0,0.0,0.0,0.0,0.0,100.0,0.0,0.0,1,0,vystymas_galimas_su_salygomis
556300040142,556300040142,1.847,18469.18,U_GG_M_F,54.35,ZU_F,45.65,1,0,0,0,0,0,0,0.0,0.0,0.0,0.0,0.0,0.0,0.0,0.0,0.0,0.0,0.0,0.0,0.0,0.0,100.0,19.68,0.0,2,0,vystymas_galimas_su_salygomis
556300040216,440007072030,0.18,1921.22,U_GG_M_F,88.56,MI_F,11.44,1,0,0,0,0,0,0,0.0,0.0,0.0,0.0,0.0,0.0,0.0,0.0,1.07,0.0,100.0,0.0,0.0,0.0,97.16,0.0,0.0,3,1,vystymas_labai_apribotas
556300040248,440008666066,1.65,16950.59,ZU_F,99.62,MI_F,0.38,0,1,0,0,0,0,0,0.0,0.0,0.0,0.0,2.29,0.0,0.0,0.0,0.0,0.0,0.0,0.0,0.0,0.0,100.0,0.0,0.0,2,0,vystymas_galimas_su_salygomis
556300040363,440040015056,4.4504,44504.37,ZU_F,99.21,MI_F,0.79,0,1,0,0,0,0,0,0.02,0.0,0.0,0.0,0.82,0.0,0.0,0.0,0.29,0.0,0.0,0.0,0.0,0.0,99.71,5.17,0.0,5,1,vystymas_labai_apribotas
556300050028,556300050028,3.9,39005.18,U_GG_M_F,89.73,MI_F,10.27,1,0,0,0,0,0,0,0.0,0.0,0.0,0.0,0.0,0.0,0.0,0.0,9.72,0.0,0.0,0.0,0.0,0.0,83.69,9.55,0.0,3,0,vystymas_galimas_su_salygomis
556300050058,556300050058,1.69,17420.31,MI_F,75.14,MI_F,21.95,0,0,1,0,0,0,0,0.0,0.0,0.0,0.0,0.0,0.0,0.0,0.0,98.76,0.0,0.0,0.0,0.0,0.0,0.0,0.0,0.0,1,0,vystymas_galimas_su_salygomis
556300050134,440004104983,0.5074,5075.07,ZU_F,99.46,MI_F,0.53,0,1,0,0,0,0,0,0.78,0.0,0.0,0.0,0.0,0.0,0.0,0.0,0.0,0.0,0.0,0.0,0.0,0.0,99.99,0.0,0.0,2,1,vystymas_galimas_su_salygomis
556300060124,556300060124,0.0035,35.01,U_GG_V_F,100.0,,0.0,1,0,0,0,0,0,0,0.0,0.0,0.0,0.0,0.0,0.0,0.0,0.0,0.0,0.0,0.0,0.0,0.0,0.0,0.0,0.0,0.0,0,0,vystymas_tiesiogiai_galimas
556300060145,556300060145,0.2498,2498.35,U_GG_V_F,100.0,,0.0,1,0,0,0,0,0,0,0.0,0.0,0.0,0.0,0.0,0.0,0.0,0.0,0.0,0.0,0.0,0.0,0.0,0.0,100.0,76.72,0.0,2,0,vystymas_galimas_su_salygomis
556300060237,440003646635,0.83,8671.29,ZU_F,97.34,MI_F,2.66,0,1,0,0,0,0,0,0.0,0.0,0.0,0.0,0.0,0.0,0.0,0.0,2.66,0.0,0.0,0.0,0.0,0.0,15.55,0.0,0.0,2,0,vystymas_galimas_su_salygomis
556300060303,440005894224,0.067,670.08,U_GG_M_F,100.0,,0.0,1,0,0,0,0,0,0,0.0,0.0,0.0,0.0,0.0,0.0,0.0,0.0,0.0,0.0,0.0,0.0,0.0,0.0,100.0,0.0,0.0,1,0,vystymas_galimas_su_salygomis
556300060518,440015154442,1.0106,10106.9,ZU_F,100.0,,0.0,0,1,0,0,0,0,0,0.0,0.0,0.0,0.0,0.0,0.0,0.0,0.0,0.0,0.0,0.0,0.0,0.0,0.0,100.0,0.0,0.0,1,0,vystymas_galimas_su_salygomis
556300060527,440015994288,0.02,187.2,U_GG_V_F,100.0,,0.0,1,0,0,0,0,0,0,0.0,0.0,0.0,0.0,0.0,0.0,0.0,0.0,0.0,0.0,0.0,0.0,0.0,0.0,100.0,0.0,0.0,1,0,vystymas_galimas_su_salygomis
556300070037,556300070037,10.96,99067.64,ZU_F,91.59,MI_F,8.41,0,1,0,0,0,0,0,0.0,0.0,0.0,0.0,0.0,0.0,0.0,0.0,8.16,0.0,0.0,0.0,0.0,0.0,91.29,8.38,0.0,3,0,vystymas_galimas_su_salygomis
556300070047,556300070047,1.0,9622.22,ZU_F,100.0,,0.0,0,1,0,0,0,0,0,0.0,0.0,0.0,0.0,0.0,0.0,0.0,0.0,0.0,0.0,0.0,0.0,0.0,0.0,0.0,0.0,0.0,0,0,vystymas_galimas_su_salygomis
556300070153,440008168407,2.7,28404.92,ZU_F,100.0,,0.0,0,1,0,0,0,0,0,0.0,0.0,0.0,0.0,0.0,0.0,0.0,0.0,0.0,0.0,0.0,0.0,0.0,0.0,0.0,0.0,0.0,0,0,vystymas_galimas_su_salygomis
556300070220,440014601351,0.2,2000.34,ZU_F,100.0,,0.0,0,1,0,0,0,0,0,0.0,0.0,0.0,0.0,0.0,0.0,0.0,0.0,0.0,0.0,0.0,0.0,0.0,0.0,0.0,0.0,0.0,0,0,vystymas_galimas_su_salygomis
556300070271,440037660090,0.83,8299.79,ZU_F,100.0,,0.0,0,1,0,0,0,0,0,0.0,0.0,0.0,0.0,0.0,0.0,0.0,0.0,0.0,0.0,0.0,0.0,0.0,0.0,100.0,7.97,0.0,2,0,vystymas_galimas_su_salygomis
556500010069,440002065820,0.3,3114.06,ZU_F,100.0,,0.0,0,1,0,0,0,0,0,0.0,0.0,0.0,0.0,0.0,0.0,0.0,0.0,0.0,0.0,0.0,0.0,0.0,0.0,52.03,0.0,0.0,1,0,vystymas_galimas_su_salygomis
556500010282,556500010282,0.26,2737.45,U_GG_M_F,100.0,,0.0,1,0,0,0,0,0,0,0.0,0.0,0.0,0.0,0.0,0.0,0.0,0.0,0.0,0.0,0.0,0.0,0.0,0.0,0.0,0.0,0.0,0,0,vystymas_tiesiogiai_galimas
556500010631,440007354150,0.97,9699.76,ZU_F,100.0,,0.0,0,1,0,0,0,0,0,0.0,0.0,0.0,0.0,0.0,0.0,0.0,0.0,0.0,0.0,0.0,0.0,0.0,0.0,100.0,3.32,0.0,2,0,vystymas_galimas_su_salygomis
556500010715,440009177799,0.23,2215.36,U_GG_M_F,99.27,MI_F,0.73,1,0,0,0,0,0,0,0.0,0.0,0.0,0.0,0.0,0.0,0.0,0.0,0.0,0.0,0.0,0.0,0.0,0.0,0.0,0.0,0.0,0,0,vystymas_tiesiogiai_galimas
556500010738,440010209980,1.2,11302.09,U_GG_M_F,100.0,,0.0,1,0,0,0,0,0,0,0.0,0.0,0.0,0.0,0.0,0.0,0.0,0.0,0.0,0.0,0.0,0.0,0.0,0.0,100.0,13.44,0.0,2,0,vystymas_galimas_su_salygomis
556500020013,556500020013,3.1511,31513.64,U_GG_E_F,100.0,,0.0,1,0,0,0,0,0,0,0.0,0.0,0.0,0.0,0.0,0.0,0.0,0.0,0.0,0.0,0.0,0.0,0.0,0.0,98.49,1.92,0.0,2,0,vystymas_galimas_su_salygomis
556500020025,556500020025,2.45,24500.22,U_GG_E_F,100.0,,0.0,1,0,0,0,0,0,0,0.0,0.0,0.0,0.0,0.0,0.0,0.0,0.0,0.0,0.0,0.0,0.0,0.0,0.0,100.0,13.2,0.0,2,0,vystymas_galimas_su_salygomis
556500020117,440007002111,2.04,22834.41,ZU_F,100.0,,0.0,0,1,0,0,0,0,0,0.0,0.0,0.0,0.0,0.0,0.0,0.0,0.0,0.0,0.0,0.0,0.0,0.0,0.0,100.0,8.6,0.0,2,0,vystymas_galimas_su_salygomis
556500020144,440010257402,4.5111,45110.6,U_GG_E_F,100.0,,0.0,1,0,0,0,0,0,0,0.0,0.0,0.0,0.0,0.0,0.0,0.0,0.0,0.0,0.0,0.0,0.0,0.0,0.0,98.94,2.04,0.0,2,0,vystymas_galimas_su_salygomis
556500020146,440010844185,1.7637,17637.38,ZU_F,100.0,,0.0,0,1,0,0,0,0,0,0.0,0.0,0.0,0.0,0.03,0.0,0.0,0.0,0.0,0.0,0.0,0.0,0.0,0.0,100.0,0.0,0.0,2,0,vystymas_galimas_su_salygomis
556500030176,440006488062,0.15,1683.07,U_GG_E_F,100.0,,0.0,1,0,0,0,0,0,0,0.0,0.0,0.0,0.0,0.0,0.0,0.0,0.0,0.0,0.0,0.0,0.0,0.0,0.0,0.0,0.0,0.0,0,0,vystymas_tiesiogiai_galimas
556500030183,440006666500,0.8041,8041.45,U_GG_E_F,100.0,,0.0,1,0,0,0,0,0,0,0.0,0.0,0.0,0.0,0.0,0.0,0.0,0.0,0.0,0.0,0.0,0.0,0.0,0.0,100.0,0.0,0.0,1,0,vystymas_galimas_su_salygomis
556500030187,440006974032,0.49,4666.48,ZU_F,100.0,,0.0,0,1,0,0,0,0,0,0.0,0.0,0.0,0.0,0.0,0.0,0.0,0.0,0.0,0.0,0.0,0.0,0.0,0.0,0.0,0.0,0.0,0,0,vystymas_galimas_su_salygomis
556500040022,556500040022,2.02,19833.9,U_GG_E_F,100.0,,0.0,1,0,0,0,0,0,0,0.0,0.0,0.0,0.0,0.0,0.0,0.0,0.0,0.0,0.0,0.0,0.0,0.0,0.0,100.0,0.0,0.0,1,0,vystymas_galimas_su_salygomis
556500040162,440050943490,2.7168,27167.79,ZU_F,100.0,,0.0,0,1,0,0,0,0,0,0.0,0.0,0.0,0.0,0.0,0.0,0.0,0.0,0.0,0.0,0.0,0.0,0.0,0.0,100.0,0.0,0.0,1,0,vystymas_galimas_su_salygomis
556500040624,440007295970,1.0,10000.26,ZU_F,100.0,U_GG_E_F,0.0,0,1,0,0,0,0,0,0.0,0.0,0.0,0.0,0.0,0.0,0.0,0.0,0.0,0.0,0.0,0.0,0.0,0.0,100.0,0.16,0.0,2,0,vystymas_galimas_su_salygomis
556500040627,440007457150,1.54,15695.0,ZU_F,100.0,,0.0,0,1,0,0,0,0,0,0.0,0.0,0.0,0.0,0.0,0.0,0.0,0.0,0.0,0.0,0.0,0.0,0.0,0.0,100.0,0.0,0.0,1,0,vystymas_galimas_su_salygomis
556500040642,440008325297,1.0,11397.5,ZU_F,100.0,,0.0,0,1,0,0,0,0,0,0.0,0.0,0.0,0.0,0.0,0.0,0.0,0.0,0.0,0.0,0.0,0.0,0.0,0.0,100.0,15.39,0.0,2,0,vystymas_galimas_su_salygomis
556800010100,556800010100,1.6073,16072.3,U_GG_M_F,99.99,U_GG_V_F,0.01,1,0,0,0,0,0,0,0.0,0.0,0.0,0.0,0.0,0.0,0.0,0.0,0.0,0.0,0.0,0.0,0.0,0.0,100.0,0.0,0.0,1,0,vystymas_galimas_su_salygomis
556800010276,440003537138,0.034,340.03,U_GG_V_F,100.0,,0.0,1,0,0,0,0,0,0,0.0,0.0,0.0,0.0,0.0,0.0,0.0,0.0,0.0,0.0,0.0,0.0,0.0,0.0,100.0,0.0,0.0,1,0,vystymas_galimas_su_salygomis
556800010281,440026067001,0.2155,2154.79,U_GG_V_F,100.0,,0.0,1,0,0,0,0,0,0,0.0,0.0,0.0,0.0,0.0,0.0,0.0,0.0,0.0,0.0,0.0,0.0,0.0,0.0,100.0,0.07,0.0,2,0,vystymas_galimas_su_salygomis
556800010429,440011785623,0.04,427.81,U_GG_V_F,100.0,,0.0,1,0,0,0,0,0,0,0.0,0.0,0.0,0.0,0.0,0.0,0.0,0.0,0.0,0.0,0.0,0.0,0.0,0.0,100.0,0.0,0.0,1,0,vystymas_galimas_su_salygomis
556800010452,440016029839,0.7455,7454.61,U_GG_V_F,100.0,,0.0,1,0,0,0,0,0,0,0.0,0.0,0.0,0.0,0.0,0.0,0.0,0.0,0.0,0.0,0.0,0.0,0.0,0.0,100.0,0.0,0.0,1,0,vystymas_galimas_su_salygomis
556800010493,440027447636,1.65,16500.04,U_GG_M_F,100.0,,0.0,1,0,0,0,0,0,0,0.0,0.0,0.0,0.0,0.0,0.0,0.0,0.0,0.0,0.0,0.0,0.0,0.0,0.0,99.92,0.0,0.0,1,0,vystymas_galimas_su_salygomis
556800020106,556800020106,0.1254,1253.72,U_GG_V_F,100.0,,0.0,1,0,0,0,0,0,0,0.0,0.0,0.0,0.0,0.0,0.0,0.0,0.0,0.0,0.0,0.0,0.0,0.0,0.0,0.0,0.0,0.0,0,0,vystymas_tiesiogiai_galimas
556800030001,556800030001,4.856,48560.4,ZU_F,100.0,,0.0,0,1,0,0,0,0,0,0.0,0.0,0.0,0.0,0.0,0.0,0.0,0.0,0.04,0.0,0.0,0.0,0.0,0.0,99.96,0.0,0.0,2,0,vystymas_galimas_su_salygomis
556800030088,440003593384,0.8082,8082.34,U_GG_M_F,100.0,,0.0,1,0,0,0,0,0,0,0.0,0.0,0.0,0.0,0.0,0.0,0.0,0.0,0.0,0.0,0.0,0.0,0.0,0.0,100.0,0.0,0.0,1,0,vystymas_galimas_su_salygomis
556800040061,556800040061,0.62,5822.87,ZU_F,100.0,,0.0,0,1,0,0,0,0,0,0.0,0.0,0.0,0.0,0.0,0.0,0.0,0.0,0.0,0.0,0.0,0.0,0.0,0.0,100.0,0.0,0.0,1,0,vystymas_galimas_su_salygomis
556800040088,556800040088,0.95,10285.32,ZU_F,100.0,,0.0,0,1,0,0,0,0,0,0.0,0.0,0.0,0.0,0.0,0.0,0.0,0.0,0.0,0.0,0.0,0.0,0.0,0.0,100.0,10.84,0.0,2,0,vystymas_galimas_su_salygomis
556800040113,440003475486,0.59,6146.34,ZU_F,100.0,,0.0,0,1,0,0,0,0,0,0.0,0.0,0.0,0.0,0.0,0.0,0.0,0.0,0.0,0.0,0.0,0.0,0.0,0.0,100.0,0.0,0.0,1,0,vystymas_galimas_su_salygomis
556800050038,556800050038,5.16,49903.27,U_PS_F,98.59,ZU_F,1.41,0,0,0,0,1,0,0,0.0,0.0,0.0,0.0,0.0,0.0,0.0,0.0,0.0,0.0,0.0,0.0,0.0,0.0,100.0,0.83,0.0,2,0,vystymas_galimas_su_salygomis
556800050140,556800050140,1.3,12999.84,ZU_F,100.0,,0.0,0,1,0,0,0,0,0,0.0,0.0,0.0,0.0,0.0,0.0,0.0,0.0,0.0,0.0,0.0,0.0,0.0,0.0,100.0,9.5,0.0,2,0,vystymas_galimas_su_salygomis
556800050152,440001688237,0.94,10055.26,ZU_F,100.0,,0.0,0,1,0,0,0,0,0,0.0,0.0,0.0,0.0,0.0,0.0,0.0,0.0,0.0,0.0,0.0,0.0,0.0,0.0,100.0,2.93,0.0,2,0,vystymas_galimas_su_salygomis
556800050176,440004223474,1.15,10517.33,ZU_F,100.0,,0.0,0,1,0,0,0,0,0,0.0,0.0,0.0,0.0,0.0,0.0,0.0,0.0,0.0,0.0,0.0,0.0,0.0,0.0,100.0,12.01,0.0,2,0,vystymas_galimas_su_salygomis
556800050269,440011509129,0.48,4894.72,ZU_F,100.0,,0.0,0,1,0,0,0,0,0,0.0,0.0,0.0,0.0,0.0,0.0,0.0,0.0,0.0,0.0,0.0,0.0,0.0,0.0,100.0,0.0,0.0,1,0,vystymas_galimas_su_salygomis
556800050285,440016547869,0.32,3269.31,ZU_F,100.0,,0.0,0,1,0,0,0,0,0,0.0,0.0,0.0,0.0,0.0,0.0,0.0,0.0,0.0,0.0,0.0,0.0,0.0,0.0,44.96,0.0,0.0,1,0,vystymas_galimas_su_salygomis
556800050336,440030854925,10.8186,108186.5,U_PS_F,96.41,MI_F,2.8,0,0,0,0,1,0,0,0.0,0.0,0.0,0.0,0.0,0.0,0.0,0.0,0.19,0.0,0.0,0.0,0.0,0.0,98.1,0.0,0.0,2,0,vystymas_galimas_su_salygomis
556800060091,556800060091,1.2497,12499.85,U_PS_F,100.0,,0.0,0,0,0,0,1,0,0,0.0,0.0,0.0,0.0,0.0,0.0,0.0,0.0,0.0,0.0,0.0,0.0,0.0,0.0,96.06,0.95,0.0,2,0,vystymas_galimas_su_salygomis
556800060119,556800060119,1.59,17191.66,U_PS_F,100.0,,0.0,0,0,0,0,1,0,0,0.0,0.0,0.0,0.0,0.0,0.0,0.0,0.0,0.0,0.0,0.0,0.0,0.0,0.0,86.89,38.98,0.0,2,0,vystymas_galimas_su_salygomis
556800060258,440006109648,1.04,11115.98,U_PS_F,100.0,ZU_F,0.0,0,0,0,0,1,0,0,0.0,0.0,0.0,0.0,0.0,0.0,0.0,0.0,0.0,0.0,0.0,0.0,0.0,0.0,99.99,0.0,0.0,1,0,vystymas_tiesiogiai_galimas
556800060296,440009444882,0.32,3407.59,ZU_F,100.0,,0.0,0,1,0,0,0,0,0,0.0,0.0,0.0,0.0,0.0,0.0,0.0,0.0,0.0,0.0,0.0,0.0,0.0,0.0,39.07,47.1,0.0,2,0,vystymas_galimas_su_salygomis
556800060359,440039803851,0.66,6600.11,ZU_F,100.0,,0.0,0,1,0,0,0,0,0,0.0,0.0,0.0,0.0,0.0,0.0,0.0,0.0,0.0,0.0,0.0,0.0,0.0,0.0,94.45,0.0,0.0,1,0,vystymas_galimas_su_salygomis
556800070007,556800070007,1.29,13428.19,U_PS_F,100.0,,0.0,0,0,0,0,1,0,0,0.0,0.0,0.0,0.0,0.0,0.0,0.0,0.0,0.0,0.0,0.0,0.0,0.0,0.0,99.32,2.84,0.0,2,0,vystymas_galimas_su_salygomis
556800070030,556800070030,0.83,7801.1,U_GG_M_F,100.0,,0.0,1,0,0,0,0,0,0,0.0,0.0,0.0,0.0,0.0,0.0,0.0,0.0,0.0,0.0,0.0,0.0,0.0,0.0,100.0,18.82,0.0,2,0,vystymas_galimas_su_salygomis
556800070117,440004223320,0.79,7839.86,U_GG_V_F,100.0,,0.0,1,0,0,0,0,0,0,0.0,0.0,0.0,0.0,0.0,0.0,0.0,0.0,0.0,0.0,0.0,0.0,0.0,0.0,100.0,15.8,0.0,2,0,vystymas_galimas_su_salygomis
556800070177,440004933258,0.96,10476.78,U_GG_M_F,100.0,,0.0,1,0,0,0,0,0,0,0.0,0.0,0.0,0.0,0.0,0.0,0.0,0.0,0.0,0.0,0.0,0.0,0.0,0.0,100.0,14.83,0.0,2,0,vystymas_galimas_su_salygomis
556800070238,440011345478,2.79,28251.44,U_PS_F,100.0,,0.0,0,0,0,0,1,0,0,0.0,0.0,0.0,0.0,0.0,0.0,0.0,0.0,0.0,0.0,0.0,0.0,0.0,0.0,100.0,12.33,0.0,2,0,vystymas_galimas_su_salygomis
556800080086,556800080086,0.24,2725.24,U_GG_V_F,100.0,,0.0,1,0,0,0,0,0,0,0.0,0.0,0.0,0.0,0.0,0.0,0.0,0.0,0.0,0.0,0.0,0.0,0.0,0.0,100.0,52.91,0.0,2,0,vystymas_galimas_su_salygomis
556800080251,440046249884,0.1792,1791.8,U_GG_V_F,100.0,,0.0,1,0,0,0,0,0,0,0.0,0.0,0.0,0.0,0.0,0.0,0.0,0.0,0.0,0.0,0.0,0.0,0.0,0.0,100.0,0.0,0.0,1,0,vystymas_galimas_su_salygomis
556800090167,556800090167,0.56,5763.16,U_GG_M_F,100.0,,0.0,1,0,0,0,0,0,0,0.0,0.0,0.0,0.0,0.0,0.0,0.0,0.0,0.0,0.0,0.0,0.0,0.0,0.0,80.2,0.0,0.0,1,0,vystymas_galimas_su_salygomis
556800090171,556800090171,0.56,5562.87,U_GG_M_F,100.0,,0.0,1,0,0,0,0,0,0,0.0,0.0,0.0,0.0,0.0,0.0,0.0,0.0,0.0,0.0,0.0,0.0,0.0,0.0,5.71,0.0,0.0,1,0,vystymas_galimas_su_salygomis
556800090334,440003637525,0.4,3613.62,U_GG_M_F,100.0,,0.0,1,0,0,0,0,0,0,0.0,0.0,0.0,0.0,0.0,0.0,0.0,0.0,0.0,0.0,0.0,0.0,0.0,0.0,100.0,53.51,0.0,2,0,vystymas_galimas_su_salygomis
556800090383,440004797626,0.1158,1157.79,U_GG_M_F,100.0,,0.0,1,0,0,0,0,0,0,0.0,0.0,0.0,0.0,0.0,0.0,0.0,0.0,0.0,0.0,0.0,0.0,0.0,0.0,99.6,99.71,0.0,2,0,vystymas_galimas_su_salygomis
556800090523,440011269164,0.27,2700.38,U_GG_M_F,100.0,,0.0,1,0,0,0,0,0,0,0.0,0.0,0.0,0.0,0.0,0.0,0.0,0.0,0.0,0.0,0.0,0.0,0.0,0.0,100.0,0.0,0.0,1,0,vystymas_galimas_su_salygomis
556800090565,440015996224,0.19,1900.07,U_GG_M_F,100.0,,0.0,1,0,0,0,0,0,0,0.0,0.0,0.0,0.0,0.0,0.0,0.0,0.0,0.0,0.0,0.0,0.0,0.0,0.0,100.0,32.13,0.0,2,0,vystymas_galimas_su_salygomis
556800100126,440004624802,0.512,5120.81,U_GG_M_F,100.0,,0.0,1,0,0,0,0,0,0,0.0,0.0,0.0,0.0,0.0,0.0,0.0,0.0,0.0,0.0,0.0,0.0,0.0,0.0,100.0,0.0,0.0,1,0,vystymas_galimas_su_salygomis
556800100243,440021041096,3.4935,34935.4,U_BZ_F,58.38,U_GG_E_F,40.98,0,0,0,0,0,0,1,0.0,0.0,0.0,0.0,2.79,90.85,0.0,0.0,0.64,0.0,0.0,0.0,0.0,49.15,0.0,0.0,0.0,4,0,vystymas_labai_apribotas
556800100269,440030546137,0.25,2500.24,U_GG_M_F,100.0,,0.0,1,0,0,0,0,0,0,0.0,0.0,0.0,0.0,0.0,0.0,0.0,0.0,0.0,0.0,0.0,0.0,0.0,0.0,100.0,0.0,0.0,1,0,vystymas_galimas_su_salygomis
556800100271,440030546391,0.25,2500.21,U_GG_M_F,100.0,,0.0,1,0,0,0,0,0,0,0.0,0.0,0.0,0.0,0.0,0.0,0.0,0.0,0.0,0.0,0.0,0.0,0.0,0.0,100.0,0.0,0.0,1,0,vystymas_galimas_su_salygomis
556800100328,440050109281,0.12,1200.13,U_GG_M_F,100.0,,0.0,1,0,0,0,0,0,0,0.0,0.0,0.0,0.0,0.0,0.0,0.0,0.0,0.0,0.0,0.0,0.0,0.0,0.0,100.0,0.0,0.0,1,0,vystymas_galimas_su_salygomis
556800110097,556800110097,0.31,3100.17,U_GG_M_F,100.0,,0.0,1,0,0,0,0,0,0,0.0,0.0,0.0,0.0,0.0,0.0,0.0,0.0,0.0,0.0,0.0,0.0,0.0,0.0,100.0,8.43,0.0,2,0,vystymas_galimas_su_salygomis
556800110209,440004887014,0.7,7506.32,MI_F,99.03,ZU_F,0.97,0,0,1,0,0,0,0,0.0,0.0,0.0,0.0,0.0,0.0,0.0,0.0,99.03,0.0,0.0,0.0,0.0,0.0,1.56,0.0,0.0,2,0,vystymas_labai_apribotas
556800110344,440038056701,0.09,900.02,U_GG_M_F,100.0,,0.0,1,0,0,0,0,0,0,0.0,0.0,0.0,0.0,0.0,0.0,0.0,0.0,0.0,0.0,0.0,0.0,0.0,0.0,100.0,0.0,0.0,1,0,vystymas_galimas_su_salygomis
556800120138,556800120138,3.39,33805.71,ZU_F,100.0,,0.0,0,1,0,0,0,0,0,0.0,0.0,0.0,0.0,0.0,0.0,0.0,0.0,0.0,0.0,0.0,0.0,0.0,0.0,100.0,18.12,0.0,2,0,vystymas_galimas_su_salygomis
556800120258,440006751868,0.36,3918.62,ZU_F,97.44,MI_F,2.56,0,1,0,0,0,0,0,0.0,0.0,0.0,0.0,0.0,0.0,0.0,0.0,0.0,0.0,0.0,0.0,0.0,0.0,99.82,0.0,0.0,1,0,vystymas_galimas_su_salygomis
556800120263,440006848680,1.75,18242.19,ZU_F,100.0,,0.0,0,1,0,0,0,0,0,0.0,0.0,0.0,0.0,0.0,0.0,0.0,0.0,0.0,0.0,0.0,0.0,0.0,0.0,100.0,0.0,0.0,1,0,vystymas_galimas_su_salygomis
556800120430,440022086120,0.72,7508.93,ZU_F,100.0,,0.0,0,1,0,0,0,0,0,0.0,0.0,0.0,0.0,0.0,0.0,0.0,0.0,0.0,0.0,0.0,0.0,0.0,0.0,100.0,0.0,0.0,1,0,vystymas_galimas_su_salygomis
556800130141,556800130141,0.0619,619.04,U_GG_M_F,100.0,,0.0,1,0,0,0,0,0,0,0.0,0.0,0.0,0.0,0.0,0.0,0.0,0.0,0.0,0.0,0.0,0.0,0.0,0.0,100.0,0.0,0.0,1,0,vystymas_galimas_su_salygomis
556800130186,556800130186,0.072,720.27,U_GG_M_F,100.0,,0.0,1,0,0,0,0,0,0,0.0,0.0,0.0,0.0,0.0,0.0,0.0,0.0,0.0,0.0,0.0,0.0,0.0,0.0,100.0,37.04,0.0,2,0,vystymas_galimas_su_salygomis
